Patient_ID,Target_local_recurrence,Gender,Race,Tumor_side,Tumor_subsite,T_category,N_category,AJCC_Stage,Pathological_grade,Smoking_status_at_diagnosis,Induction_Chemotherapy,Concurrent_chemotherapy,Age_at_diagnosis,Smoking_Pack-Years,Total_prescribed_Radiation_treatment_dose,Dose_per_fraction,GTVp_shape_MeshVolume,GTVp_shape_Sphericity,GTVp_shape_Elongation,GTVp_shape_Flatness,GTVp_shape_MajorAxisLength,GTVp_shape_Maximum2DDiameterSlice,GTVp_shape_SurfaceVolumeRatio,GTVp_firstorder_10Percentile,GTVp_firstorder_90Percentile,GTVp_firstorder_Entropy,GTVp_firstorder_Kurtosis,GTVp_firstorder_Maximum,GTVp_firstorder_Mean,GTVp_firstorder_Median,GTVp_firstorder_Minimum,GTVp_firstorder_RootMeanSquared,GTVp_firstorder_Skewness,GTVp_glcm_ClusterProminence,GTVp_glcm_ClusterShade,GTVp_glcm_Correlation,GTVp_glcm_Idmn,GTVp_glcm_Imc1,GTVp_glcm_InverseVariance,GTVp_glcm_MCC,GTVp_glcm_MaximumProbability,GTVp_glrlm_LongRunEmphasis,GTVp_glrlm_LongRunHighGrayLevelEmphasis,GTVp_glrlm_LongRunLowGrayLevelEmphasis,GTVp_glrlm_LowGrayLevelRunEmphasis,GTVp_glrlm_RunEntropy,GTVp_glszm_LargeAreaEmphasis,GTVp_glszm_LargeAreaLowGrayLevelEmphasis,GTVp_glszm_SizeZoneNonUniformity,GTVp_glszm_SizeZoneNonUniformityNormalized,GTVp_gldm_DependenceNonUniformityNormalized,GTVp_gldm_SmallDependenceEmphasis,GTVp_gldm_SmallDependenceLowGrayLevelEmphasis,GTVp_ngtdm_Contrast,GTVp_ngtdm_Strength,GTVn_n_nodes,GTVn_shape_MeshVolume,GTVn_shape_Sphericity,GTVn_shape_Elongation,GTVn_shape_Flatness,GTVn_shape_LeastAxisLength,GTVn_shape_MajorAxisLength,GTVn_shape_Maximum2DDiameterRow,GTVn_shape_Maximum2DDiameterSlice,GTVn_shape_SurfaceVolumeRatio,GTVn_firstorder_10Percentile,GTVn_firstorder_90Percentile,GTVn_firstorder_Energy,GTVn_firstorder_Entropy,GTVn_firstorder_Kurtosis,GTVn_firstorder_Maximum,GTVn_firstorder_Mean,GTVn_firstorder_Minimum,GTVn_firstorder_Range,GTVn_firstorder_Skewness,GTVn_glcm_Autocorrelation,GTVn_glcm_ClusterProminence,GTVn_glcm_ClusterShade,GTVn_glcm_Contrast,GTVn_glcm_Correlation,GTVn_glcm_Idmn,GTVn_glcm_Imc1,GTVn_glcm_InverseVariance,GTVn_glcm_MCC,GTVn_glcm_MaximumProbability,GTVn_glrlm_LongRunHighGrayLevelEmphasis,GTVn_glrlm_LongRunLowGrayLevelEmphasis,GTVn_glrlm_LowGrayLevelRunEmphasis,GTVn_glrlm_RunEntropy,GTVn_glrlm_RunVariance,GTVn_glszm_GrayLevelNonUniformity,GTVn_glszm_GrayLevelNonUniformityNormalized,GTVn_glszm_HighGrayLevelZoneEmphasis,GTVn_glszm_LargeAreaHighGrayLevelEmphasis,GTVn_glszm_LargeAreaLowGrayLevelEmphasis,GTVn_glszm_SizeZoneNonUniformityNormalized,GTVn_glszm_SmallAreaLowGrayLevelEmphasis,GTVn_glszm_ZoneEntropy,GTVn_gldm_DependenceEntropy,GTVn_gldm_DependenceNonUniformityNormalized,GTVn_gldm_SmallDependenceLowGrayLevelEmphasis,GTVn_ngtdm_Busyness,GTVn_ngtdm_Contrast
1,0,Male,White,L,Tonsil,2,0,II,III,Former,N,N,58,5.0,66,2.2,7579.75,0.575287358178524,0.9791159200153512,0.6324216637002771,27.392136924341177,31.144823004794876,0.4279381451938316,-15.0,151.0,3.35543792082924,9.191777644765963,347.0,79.06729634002362,94.0,-576.0,106.822689413965,-1.4647581524626536,4326.899425612944,-149.07425289827245,0.7244399670812854,0.9971781267417382,-0.2290263363465081,0.4394984689149487,0.7844920181041916,0.1183137784976144,2.6752928261492173,2119.1928802819743,0.0037521101970159,0.001644368863334,4.620838280710816,10256.443447037702,12.611718413794158,187.17594254937163,0.3360429848283153,0.0624760099913046,0.0821309639911793,0.0003218923472201,0.0137313766484994,1.4989850849120414,0,,,,,,,,,,,,,,,,,,,,,,,,,,,,,,,,,,,,,,,,,,,,,,,
2,0,Female,White,R,BOT,3,0,III,II,Former,N,Y,78,70.0,70,2.0,22845.625,0.5085218138972661,0.790523047289468,0.6712067552599092,44.31338635195283,60.166435825965294,0.3351507449962236,46.0,135.0,2.8458406871179367,38.11313071545226,772.0,79.43660866152034,97.0,-974.0,133.26208659505792,-5.218326841884538,113062.328106588,-2064.9419366336942,0.6310856416200477,0.9977371224846188,-0.1653171323172784,0.4415725482790172,0.7006368624373682,0.1423279510907286,3.4926558358664765,6533.052043282693,0.0026188048730263,0.0011820152477437,4.492682113294854,50555.08941798942,26.68559348638057,911.1407407407409,0.4820850480109739,0.0492800324486459,0.0861573373866907,0.0002218783568182,0.0097309136788274,2.5257364502254287,0,,,,,,,,,,,,,,,,,,,,,,,,,,,,,,,,,,,,,,,,,,,,,,,
4,0,Female,White,R,BOT,2,2b,IV,III,Never,N,Y,56,0.0,66,2.2,9993.666666666666,0.5681922816991399,0.6429707642300231,0.3737442333422117,41.66340018875931,34.9857113690718,0.395136523584241,47.0,105.0,2.0603511691895275,70.50968899754957,149.0,76.14218858906702,81.0,-667.0,84.10237096628579,-5.72922549868128,746.3222632317797,-34.55396500431442,0.4086957160915025,0.9983874996523182,-0.0984345242606313,0.4711159299756212,0.5281290130480167,0.2693054140748211,3.9431661287320887,3729.202294193291,0.0043664433086727,0.0012678279394511,3.767108513879824,65960.6702586207,69.29927092026367,213.85775862068965,0.4609003418549346,0.0507551373562465,0.0539031896182557,0.0001776104136273,0.0042857826380678,1.4882543905099332,2,17158.958333333332,0.7430524753346531,0.7348673015128061,0.5450968097431759,21.803938875791086,40.00012197111203,43.04648650006177,36.61966684720111,0.2523292901723947,51.0,110.0,121861159.0,2.020323989409049,3.7238059341436216,156.0,80.74192236169223,-49.0,205.0,-0.2895098746173414,33.94402684620437,28.046139145863496,-0.4669966627481324,0.8395101489751533,0.5445534600977797,0.9900024461769996,-0.1391891723077667,0.4770550157252821,0.5623058281090323,0.221342644477389,159.43830160057502,0.1475018870939694,0.0361302647111593,3.805137925953837,1.527794642586996,72.12997347480106,0.1913261895883317,29.419098143236077,7452492.681697613,6729.366147523529,0.3515609059375638,0.0457673982040322,4.83026510386892,6.224021824995512,0.0531371864707386,0.0017244424358261,30.280940254067904,0.0132034925970413
5,0,Female,White,L,Tonsil,2,2b,IV,II,Never,N,Y,60,0.0,70,2.121,4568.75,0.5467939985226338,0.8261054326001291,0.7133317233799388,23.660007583791536,30.4138126514911,0.5330008731861596,-6.0,146.0,3.2416048082800777,12.510933377465449,354.0,81.35722041259501,92.0,-595.0,103.76721420970384,-1.5680231169163443,2528.665682638525,-86.52519397121878,0.7005733770167725,0.997712547926702,-0.2184795576989106,0.4451840365912015,0.8316075439341478,0.0812527160742116,2.589455355337145,2043.1586113198769,0.0037923431286366,0.0017694768401115,4.412995716702676,4846.877358490566,5.902438618046459,103.55345911949684,0.3256398085518769,0.0673032781957014,0.0786936341534947,0.0004219841336875,0.0136317479051521,2.4749131146269208,3,13727.041666666666,0.584493059627411,0.4150073780368088,0.2921971617708279,17.887759749055952,61.21811601676487,59.4138031100518,34.132096331752024,0.3455512342531678,45.0,113.0,109294188.0,2.175636746842975,7.1004172145827145,171.0,83.23121512933845,-129.0,300.0,-1.6861948884268658,99.56613699984088,163.2971949565165,-16.80256042922845,1.168669882248588,0.5982243543864519,0.993375632623031,-0.1556890023225798,0.4211445696749501,0.631775956593566,0.2602927724747321,534.0883958027366,0.0547646353524534,0.0121789261437085,4.068082232749339,2.0117663600062845,66.0989010989011,0.1452723101074749,71.55164835164835,10126191.432967031,981.963853317808,0.3123535804854486,0.0146765067824403,5.3034231407544725,6.459183576294652,0.0431474064715079,0.0007751158598708,8.262735394257689,0.0112866077652439
6,0,Male,White,R,BOT,1,1,III,III,Never,N,Y,66,0.0,66,2.2,784.5833333333334,0.7195597909668145,0.8872366901202986,0.7688240083173042,12.249350182403091,14.317821063276352,0.7286811662843775,82.0,113.0,1.3755436705260458,31.166019934239493,134.0,97.04875,98.0,-83.0,98.22999160134344,-2.9074049975737277,5.834015802665438,-0.574338005772921,0.1757405984368588,0.994202375735574,-0.0473971917870128,0.4229692517691878,0.3045174888086362,0.3092393317724162,4.55838639752518,323.9041693814816,0.0674959619392275,0.0167836247006944,3.1667329437813003,7857.028571428571,111.97678095867975,15.742857142857142,0.4497959183673469,0.0484,0.0477867963427307,0.0021102264804589,0.0105739426205142,0.4757295629676269,2,6409.791666666667,0.7586840036793835,0.6483999911400391,0.5942210937067239,17.22248179808022,28.983289183908248,32.31098884280702,23.853720883753127,0.3431430646936816,48.0,108.0,47266496.0,2.02809341115096,6.559485039698521,166.0,81.16746857054167,-81.0,247.0,-1.292116877195277,62.1463576041533,55.24028462844364,-5.182591460765114,0.9585991162413564,0.5080734922476171,0.9924146447810068,-0.1308618695771685,0.4080733649595033,0.5322339458982703,0.3801388352834364,397.2966671742746,0.1046304468059653,0.0208704992297564,4.017461606726514,2.7745711200466854,32.8034188034188,0.1401855504419607,41.256410256410255,3632409.081196581,908.7140884845728,0.3511943896559281,0.0369143851386585,5.005695053389183,6.1015243827980346,0.0399447160764525,0.0018536582956309,5.626291588010698,0.011375447847751
7,0,Female,White,L,BOT,4,0,IV,II,Former,N,Y,72,26.0,70,2.121,6863.375,0.57313336639534,0.5640020536354566,0.3861837269973294,38.18911225484769,28.16025568065745,0.4439995421448036,54.0,118.0,2.275114183083275,45.71291745526155,260.0,83.53137651821862,90.0,-564.0,95.05093989061376,-5.021324549163937,3500.802176522256,-136.80190738010728,0.4380475623570462,0.9970111586415976,-0.1203720373577983,0.4412500810674347,0.5238097064244902,0.2252047001050882,3.965205806468624,2917.1123267529647,0.0057944523087913,0.0017892517385657,3.960915112947913,29031.842857142856,39.14395814841088,171.58095238095237,0.4085260770975056,0.0481817503673763,0.0638710325533062,0.0003338225056702,0.0050340371249766,2.1049805830879045,0,,,,,,,,,,,,,,,,,,,,,,,,,,,,,,,,,,,,,,,,,,,,,,,
8,0,Male,White,R,Tonsil,1,2a,IV,,Never,N,N,77,0.0,70,2.333,7492.666666666667,0.7264894971977085,0.5772056175969091,0.4779317248114809,34.3222909564189,24.698178070456937,0.3401804205027794,40.0,80.0,1.6275874579783285,45.89075909144686,144.0,61.439601328903656,65.0,-340.0,65.04757573987328,-3.854133723340522,119.60049867735864,-7.534340879914874,0.4928782790232884,0.9984109319021895,-0.1513453889018417,0.3973676702658619,0.7872318940767228,0.4258040573070542,9.80249680590558,2849.2977399676884,0.0342389960722532,0.0039037785547696,3.8596466313057687,241178.23711340205,827.2751493025102,13.783505154639176,0.1420979912849399,0.0426755731172945,0.0194933575441322,0.0002289146241621,0.002777588084627,0.5976970105229785,1,21037.33333333333,0.6986745531785059,0.4839398992512818,0.4349287653075715,22.971133336076186,52.8158520851835,57.62811813689564,34.17601498127012,0.2507334650536831,31.0,81.0,86113762.0,1.8081053228066624,7.925817721759629,183.0,59.61631491581693,-82.0,265.0,-1.6970426313038365,48.85802010237596,47.67096996449598,-6.039595608668378,0.5275799438102995,0.6609841416205184,0.9964061449848992,-0.2361775345601081,0.3580250301647182,0.6982001994203335,0.3972310999546432,581.9639419748429,0.2474171500004728,0.0266861573348696,4.290991158902543,5.251750837664802,25.26086956521739,0.1372873345935727,41.016304347826086,43558728.98913044,17379.688626799594,0.1355151228733459,0.0222895711248923,5.966876277086345,6.166506331507911,0.041803767613152,0.0006157310860153,16.766588629580948,0.005033677453209
9,0,Female,White,L,Tonsil,1,2a,IV,I,Former,N,N,71,50.0,66,2.2,12671.25,0.5411102888258603,0.5040761344966528,0.4282934680481821,48.50632287557567,33.13608305156178,0.3833468034033797,55.0,104.0,1.962659026871733,68.02312098407164,425.0,80.393575243481,87.0,-713.0,91.35646238899844,-5.593296122772361,2073.384087155874,-64.34659868924494,0.4932524116352773,0.9991249663435154,-0.2160969466939257,0.3203078547049204,0.6496313170748744,0.4418857274074679,9.732225793972638,10591.316520004968,0.0092003181593274,0.0011944474451208,4.485715723096973,122040.48760330578,111.79790791515626,153.8512396694215,0.3178744621269039,0.0390329718563579,0.0378816267502976,0.0001475841034927,0.0018291537476287,2.8543656352265843,1,11647.875,0.6833834201401767,0.6269623712401964,0.4365923107863363,17.5965693507757,40.30435011345693,46.32493928760188,36.345563690772494,0.3121793121695448,57.0,111.0,100280845.0,1.867751922789252,8.204647183209055,214.0,89.31493367565254,-75.0,289.0,-1.9030457102344764,52.542951603658246,59.11115726954512,-7.720249102819646,0.5688899220350268,0.6627704005841495,0.9961470634943232,-0.2416443499237583,0.3319836857802843,0.6831384356799477,0.3059864092350738,623.2189160584321,0.2155463688798091,0.0279428247079159,4.281348398769229,5.27362531197303,28.93630573248408,0.1843076798247393,30.745222929936304,16028157.0955414,5316.084944345749,0.1679175625786036,0.0307706055581353,5.608206019183547,6.141289686804345,0.0404856040452844,0.0009807656752923,9.657020669879946,0.007004541675111
10,0,Male,White,R,BOT,3,3,IV,II,Never,Y,N,50,0.0,72,1.8,17972.791666666668,0.6121742801131531,0.5590155925843652,0.4827733555383153,47.21103924800647,38.60051813123757,0.3015809224304563,81.0,113.0,1.32743960686186,28.33108208820507,158.0,96.02988964675872,96.0,-179.0,97.115397790434,-1.863302791215224,13.430850092922547,-0.6165708212271941,0.3525507857549877,0.997800476735406,-0.089588374338486,0.3788884138255848,0.399310191370632,0.4261855560283877,9.634376286983782,1441.1523029623472,0.0650532642250907,0.0068322666800676,3.631233360920886,480289.4872611465,3210.7635461641044,102.78343949044586,0.32733579455556,0.0422086886193158,0.0223528890378078,0.0002772210965084,0.0024300440675491,0.089553449446967,3,30174.625,0.5864859227463437,0.5928228409077266,0.4308518242473008,27.118905518914943,62.942533819583424,80.23091673413684,44.77722635447622,0.2648576806590091,76.0,107.0,262156956.0,1.3392046936373851,9.054215511778953,243.0,92.05854336177812,-43.0,286.0,-1.4114683357308089,38.80048976272028,6.120118731069988,-0.6919737873207631,0.4338629574758841,0.4136598690483752,0.9970248228743002,-0.1108867971406024,0.3587514583847206,0.513045448101576,0.4550599088716746,422.8763163930458,0.298409526002571,0.0282172306664814,3.797329508136119,5.406919604713588,119.58796296296296,0.276823988340192,27.83101851851852,32245385.3125,22188.967752018845,0.3129501028806584,0.03283604112636,4.609780555909708,5.717971474551455,0.0421641342399299,0.000827307815779,33.72275659933178,0.002258093783405
11,0,Male,White,L,BOT,3,2b,IV,III,Current,N,Y,50,30.0,70,2.121,14062.708333333334,0.7094696991514907,0.6707448140671506,0.5327443951660119,38.85723155999112,29.966648127543397,0.282397349463073,78.0,101.0,0.9782472729913196,40.91173266737685,281.0,90.55893617021276,91.0,-58.0,91.49229049410752,2.5707662579632617,19.67654604540085,1.6563980783014274,0.5078874356716334,0.998887753439014,-0.1917117685940062,0.192971330167889,0.6407502411329554,0.7259404232189046,33.86427547340611,1673.3452800224427,0.6893473747997378,0.0207767469523446,4.334119296072446,860449.477124183,17499.885296308807,30.81699346405229,0.2014182579349822,0.0885468537799909,0.0127104850983423,0.0003822476957295,0.0006436648593087,0.2041820350948328,1,4242.416666666667,0.7412112499968503,0.4875925845285503,0.3818637343221322,12.372246692257695,32.399637829500534,32.31098884280702,18.384776310850235,0.4030302853527352,58.0,94.0,27446320.0,1.2164469051813875,6.665307439468518,106.0,78.70180370110096,-48.0,154.0,-1.4430659046926355,32.50645746543043,5.608173693781864,-1.3958951349004685,0.265991987669343,0.5883445285963554,0.9947411799711914,-0.2482070221718392,0.2242875176118757,0.6809076720280159,0.5950796288009635,642.567645307538,0.570644766470534,0.0381478471743622,4.042913736432974,9.11337594606907,14.0,0.25,25.910714285714285,5668920.767857143,4692.69481606333,0.1639030612244898,0.0341280966232289,4.49289705644265,5.262123127823512,0.0632332184376725,0.0009348187631329,6.136537668178478,0.0041398044202601
12,1,Male,White,R,BOT,2,2c,IV,II,Former,N,Y,54,60.0,70,2.121,10345.916666666666,0.6711131900637766,0.8397636389686612,0.7335509336881442,30.084739607183025,31.304951684997057,0.3306983474137508,65.0,96.0,1.3360818502328184,58.503693395729385,191.0,80.03554570850592,81.0,-332.0,81.64052144810012,-3.466441307480517,27.40203827795685,-2.6227621287045824,0.3729074287286273,0.9988900254930738,-0.0901016197503231,0.3512046728164506,0.5942364822117049,0.5130275021534866,9.955557850847615,3182.493068786341,0.0314443584838126,0.0034798169606706,3.739083522495021,242735.2747747748,759.5831587313478,72.05405405405405,0.3245678110542975,0.0410750650667148,0.0257906951849461,0.0001880002209195,0.0019550349728518,0.2880629276609398,2,8741.958333333334,0.5689103477244427,0.2072935271147344,0.1405593946707727,21.286672464518944,151.44254508478753,36.87817782917155,101.41498903022176,0.4126394196723024,15.0,83.0,24915935.0,2.151199399488226,3.287837346086525,129.0,45.54231511984551,-83.0,212.0,-0.2847900368309302,41.60016854495369,42.06822739002606,-0.1831997723797114,0.8154658447411942,0.6500404249365084,0.992221555636336,-0.2356888063776321,0.3859260796944093,0.7025683977598107,0.2882515487980159,276.00593952691224,0.1776414392629401,0.0305123584233277,4.114648443419024,2.8232752858228998,39.8605577689243,0.1588070030634434,30.0398406374502,2158586.15936255,1398.4719067086403,0.3105506261805368,0.0438928288657135,5.101952712251453,6.509936300940205,0.0398587822516538,0.0019385572449717,9.846769969522365,0.0126797506121749
13,0,Male,Black,L,Other,4,2b,IV,,Never,N,Y,54,0.0,70,2.059,25965.791666666668,0.4323693412799348,0.2817606875688972,0.230551402066145,95.06266712373908,34.36568055487916,0.3777130969163451,26.0,101.0,2.4739570626577203,33.431113399964225,223.0,50.71984063134506,78.0,-1020.0,126.53326278116408,-5.222757781577991,192866.76015367225,-3444.7536106966186,0.7578360390585943,0.9962279216165552,-0.1792955065419952,0.4111633541466117,0.7703631981197789,0.2691160707116195,4.443328486205946,8745.264336539381,0.0028354668826453,0.0010178532122717,4.362289159376868,87319.34852278417,43.59435484273902,942.0485728592888,0.4717318842560285,0.0443618084607371,0.0776107810995272,0.0001547914271254,0.015727782082717,2.476386481038299,1,16429.083333333332,0.5380028853383108,0.232435873536739,0.1653957325261611,18.098958802232215,109.42820909462978,92.43916918709296,25.70992026436488,0.3535860117420769,37.0,92.0,84542129.0,1.882569203034648,5.802595804908439,127.0,67.85537715843684,-87.0,214.0,-1.1358284048787504,53.19280865633765,30.18599590026755,-3.444392700829745,0.6837372243043641,0.5837637376233279,0.993381034499036,-0.1730897386123491,0.4165852916095274,0.6018167423287873,0.261381344748194,336.1140861933711,0.1185156063914966,0.0222640751894871,3.9137402569054847,2.326802097535998,64.71967654986523,0.1744465675198523,45.53099730458221,7285914.897574124,2412.001675678981,0.2653933057737156,0.0183723244567572,5.347820191523315,6.282337101430819,0.0440625292235624,0.0008585245109906,17.989548396434877,0.0083898477135321
15,0,Male,Black,R,BOT,4,1,IV,,Current,N,Y,59,66.0,70,2.0,19606.58333333333,0.5774967522694586,0.693768923677021,0.575651439444327,44.21278734756922,54.91812087098393,0.3105517196436738,60.0,101.0,1.5827198275346308,104.3531430778376,235.0,80.89023397761953,83.0,-541.0,83.21227130433128,-4.874663606352361,53.558259486201976,-3.1955884439930413,0.501737467124724,0.9994800894209536,-0.1658503730551234,0.367704608765053,0.555589277840185,0.4341659821984352,9.808404775823645,6560.808284605457,0.0148095374084783,0.0016441256556768,3.964255852074825,432102.6115702479,646.1594159853881,146.1129476584022,0.402515007323422,0.0418046153893917,0.023953870300771,9.120842552698404e-05,0.0013039595702983,0.5535168678131285,1,1436.0,0.7354201631121722,0.7169389017967779,0.6355036649882163,10.794974827718018,16.986487132089447,18.43908891458577,15.524174696260024,0.582859364408635,33.0,89.0,7177255.0,1.8753856947745025,5.911430762948569,121.0,65.86048109965635,-48.0,169.0,-1.5196433280161747,28.00107271972025,32.730744754418474,-5.097292591496114,0.8753550791039552,0.4718612108481302,0.9834382144171202,-0.1143413016693313,0.4235077744406244,0.4978020031865487,0.2861826501537186,131.75327899099045,0.1851938232215584,0.0609847688211356,3.6020366685213543,1.449508912331822,16.55223880597015,0.2470483403876141,15.313432835820896,313935.9253731343,350.21370037567266,0.3735798618846068,0.0995004692983645,3.868501126533245,5.902825176652289,0.0451704632680294,0.0062521575063116,4.117930302446654,0.0244418355106814
19,0,Male,White,R,Pharyngeal_wall,2,2b,IV,III,Never,Y,N,59,0.0,66,2.2,3463.5416666666665,0.8294461366200085,0.7718228132895176,0.6785315104683705,21.07731876743077,20.248456731316587,0.3853503847872311,65.0,104.0,1.6406277294885945,66.81569254504493,140.0,82.39569583931133,85.0,-333.0,86.9255143799288,-6.235766822990331,361.9907562889314,-21.617075148653896,0.3979535036757464,0.9973129646676316,-0.1117641415329494,0.4055557575683259,0.5129959846493032,0.4145458769999087,6.717184265222021,2152.449075623026,0.0218460340369237,0.0039941280179842,3.7664191541466487,38200.908396946565,118.73502774858744,59.732824427480914,0.4559757589884039,0.041956489072866,0.042081523579672,0.0005451199800957,0.0041211909621602,1.5837318016221895,1,9222.833333333334,0.7977060043745436,0.5580157110961346,0.4580950680231258,17.088553782838233,37.30350963301696,38.07886552931954,28.861739379323623,0.2890811741156968,67.0,105.0,69271470.0,1.4793170989728597,7.661594198631416,142.0,84.80276667026911,-51.0,193.0,-1.0251057986823444,48.87811820245758,10.567588301467598,-0.7841884671410093,0.4916977784362894,0.4515245249797279,0.9941190005096422,-0.1352381495868771,0.340175670690538,0.4987914085663443,0.511151539204255,549.3108661028965,0.2295146589320665,0.0238927393391215,3.9341284425725886,5.422559287095142,50.74358974358975,0.2168529476221783,40.27777777777778,8260049.038461538,3437.196398157435,0.3773102491051209,0.0285158978609124,4.4961278417835215,5.643931229434078,0.0422450491695035,0.0011091768102877,10.458122511142324,0.005015325126139
20,0,Male,White,R,Tonsil,1,2b,IV,II,Former,N,N,54,,66,2.2,7102.708333333333,0.6704381253266767,0.79189921175239,0.4641564622295631,31.59592069141035,30.80584360149873,0.3752471718452296,52.0,104.0,1.8708053976995165,9.222091722203151,160.0,79.84433235252908,85.0,-89.0,83.98243125787194,-2.0376895800281933,84.96868154628747,-10.27333047534022,0.6438159896892303,0.9944934196973906,-0.205919463317902,0.3848291574340358,0.6855612677379707,0.3995078475355192,8.240244089576858,518.1494787915683,0.1400025382903023,0.0219900425496653,4.08482600255972,122943.69594594596,1951.0781697765424,31.324324324324323,0.2116508400292184,0.0404317949573911,0.0257250858899335,0.0012760743476521,0.0086635227741355,0.1064499054923061,1,19429.0,0.6672910714408263,0.4555439650083658,0.3895808826976027,21.828887399498925,56.03172118803058,57.97413216254298,31.04834939252005,0.2695785467832906,32.0,97.0,94979992.0,2.221104318990127,4.731828172856877,274.0,63.85124730520481,-74.0,348.0,-0.5023711185670494,38.38099021425565,54.51181756175482,-1.860577484252168,0.8358599735023392,0.6319119411757879,0.9958422672104656,-0.2191668967059374,0.3993895181835186,0.6632212202620323,0.2161607909778631,271.3923048494134,0.2132376857807229,0.0375418613305148,4.309288944590398,2.884227978055048,56.45128205128205,0.1447468770545693,28.902564102564103,9135571.694871794,6387.772175125708,0.2194214332675871,0.0576236547974764,5.727002169340954,6.645164276154112,0.0412287211153644,0.0020637477800348,15.582250554218788,0.0076574053744983
21,0,Male,White,L,Tonsil,4,2c,IV,III,Current,N,Y,47,31.0,70,2.121,6705.958333333333,0.5499374459936602,0.8060010931584014,0.5934584145115712,32.63772934813405,38.01315561749642,0.4663198277285306,67.0,122.0,2.0198724501193426,51.71130386991869,163.0,94.38439863562212,99.0,-459.0,99.70013322622496,-4.795146539807448,347.34238142065936,-20.27003108388044,0.4219502119782928,0.9978724073797436,-0.1295052441456399,0.444197086754888,0.5456407713312933,0.2449005332217586,4.451723385414879,2458.1715159403448,0.0084060352436709,0.0021815278572896,3.818500032501928,46240.100346020765,83.49107786396534,114.5847750865052,0.3964871110259695,0.0476909620643718,0.0472287934437386,0.0002793810629167,0.0041712854279938,1.315041978989801,1,11571.083333333334,0.6323417947960024,0.6788962195838106,0.45743602526007,18.07603223076938,39.515978699955824,43.829214001622255,36.05551275463989,0.3381226233393178,85.0,129.0,137134066.0,1.7565602603144743,9.997945571298123,196.0,106.41817243159524,-60.0,256.0,-1.6871886504764373,61.37275639985414,60.0618295684786,-6.451705627515007,0.692005635970231,0.5572701700549166,0.994450032597467,-0.1436542936561804,0.4070762287341277,0.6108323068061547,0.3811811252654229,429.54782585857816,0.1140763190273622,0.0193671464538642,3.890021135164341,2.878890749511468,51.87692307692308,0.1995266272189349,48.53076923076923,12129370.05,3070.807290131816,0.3020710059171597,0.0235011691143497,4.909865943448626,6.04484582097276,0.0421553915350106,0.0008878497009855,10.387129842075904,0.0063552047840424
22,0,Male,White,R,BOT,2,2b,IV,II,Former,N,Y,68,15.0,60,1.818,5153.541666666667,0.4645583907719088,0.6938102723245673,0.3921944472342082,34.82092395471657,43.32435804486894,0.602663956793857,40.0,142.0,2.8567994547475157,44.6941804665497,419.0,90.8763936947328,104.0,-916.0,116.18982052858016,-5.032572564696998,11640.676515869787,-312.92401765729034,0.4424673811588635,0.9978367546217404,-0.1631370050755209,0.4481771333429914,0.6649966626945065,0.168159164532801,2.9644086315988623,5131.001809581133,0.0020563397496982,0.0009346823502029,4.23389279916073,10745.41826923077,6.149615918558857,189.09134615384616,0.4545465051775147,0.0567849351408775,0.0874644730408756,0.0002926372016901,0.0092814899957604,5.740005612015762,2,3853.5,0.5737103608948488,0.3500896317967847,0.317490454094865,13.897903992237044,43.7742420692888,39.84971769034255,23.259406699226016,0.537658245248801,37.0,120.0,34174656.0,2.441452025670189,5.30396832293474,196.0,86.11199589005908,-77.0,273.0,-1.2498018119364045,66.74800030673292,210.56974672178836,-19.542007597020717,1.5340867228601038,0.5966178958203062,0.9898571933780378,-0.1434814345219556,0.4396891456928366,0.6157089513845672,0.2300551406896417,255.47150413238023,0.0608550829090102,0.0220926723828562,3.960126158644224,1.230802664746259,25.357487922705317,0.1224999416555812,55.734299516908216,903515.768115942,169.4632857541,0.2290601881024061,0.0227916873292909,5.69871497202397,6.386267622268845,0.050150741162469,0.0020578564600746,3.239864579218168,0.020871180276398
23,0,Male,White,L,BOT,3,2c,IV,,Current,N,Y,55,1.0,70,2.0,20667.70833333333,0.6359407144308878,0.9576065619005344,0.7925837730244828,34.588840326143995,43.17406628984581,0.2771001235129259,69.0,103.0,1.4331954427241256,104.35385202591488,138.0,86.13447527141133,89.0,-403.0,89.00332870803075,-7.414274715464088,149.21450599581735,-8.676526459064656,0.3725837139193055,0.9987127740215184,-0.1063217332509371,0.351280296997109,0.4886835203543576,0.5122074033407955,11.245394090832386,4966.516091362098,0.0256919419246684,0.0024986376540512,3.93221028839069,426279.8141962422,962.91445626417,210.72025052192063,0.4399170157033834,0.0413025858468863,0.028783903159622,0.0001513809573498,0.0016250252182051,0.5525916546971156,1,2042.3333333333333,0.7020846352125435,0.8107241307140902,0.4134573100602655,8.777987753598147,21.230699131474218,23.08679276123039,24.698178070456937,0.5428990901343913,21.0,109.0,11761821.0,2.5139967185512417,2.4263742397206336,145.0,66.75315227934044,-54.0,199.0,-0.333378674761828,41.12189251966352,97.82818897253296,-4.737089927082126,1.3710430427727625,0.6611502417373791,0.9841194212099812,-0.1927496439587242,0.4693392207814189,0.6913151544351371,0.1198291807953295,137.79025990301014,0.0976655418923655,0.0354403244442649,3.836401246107724,0.9133578834896418,16.681818181818183,0.1895661157024793,22.545454545454547,366722.0909090909,210.7445952116116,0.3267045454545454,0.0641620463311189,4.432131576542609,6.449621056304801,0.0570373701386974,0.0038663379108388,3.356035271067872,0.0338388234115025
24,0,Male,White,L,Tonsil,2,2b,IV,III,Former,N,Y,59,,72,1.8,10467.541666666666,0.6249061551232962,0.7403048427903975,0.5536758180330971,34.21792642641444,32.202484376209235,0.3537700715056019,7.0,121.0,2.8872318550988982,40.0893673874929,289.0,69.36316039980962,79.0,-916.0,97.83478482304122,-4.249662021140375,8679.407619992668,-214.5467473422876,0.5416753407053527,0.9980500414221966,-0.1730897697855032,0.4262974734837051,0.7052679786673223,0.2060664398847451,3.496315211521001,5770.278312256901,0.0023531311748768,0.0008482496780332,4.473298289582685,32720.966917293237,19.68843549264292,266.1699248120301,0.4002555260331279,0.0503120813936655,0.0725412425120414,0.0001966625452443,0.0075652196704275,3.2292269939736604,1,7652.125,0.6995281758844059,0.7990016789658279,0.5742675266413657,16.626610599214082,28.952726434760645,33.83784863137726,29.546573405388315,0.3508204441312153,32.0,99.0,41937916.0,2.1190171325977283,3.871935181101205,148.0,68.98646890450169,-76.0,224.0,-0.5813793761476753,54.0404721837396,38.46082627382796,-2.666405694100333,0.8669122601741436,0.6029520576653107,0.9916656149289284,-0.1805658553490984,0.4309198069274808,0.6324062727805145,0.2383582793054147,294.4820149738547,0.1041051925268876,0.0217102026225336,3.9715034442429538,1.983905602990005,35.96585365853659,0.1754431885782272,42.21951219512195,4108877.556097561,1249.2754137331085,0.2775728732897085,0.0254820913168301,5.06863540176812,6.437474892694791,0.0448932058714375,0.0011570348553401,8.33518829391925,0.0123875652625097
25,1,Male,White,L,Tonsil,2,2b,IV,III,Current,N,Y,67,50.0,66,2.2,2752.958333333333,0.7633654163158736,0.8140248641021756,0.6511832452009125,19.72533392682584,24.04163056034261,0.4520138732021991,82.0,127.0,1.7538492989934409,52.79912808807668,166.0,103.56669069935111,105.0,-229.0,106.34079563436586,-4.5126040678874935,101.098205426956,-6.677892454040276,0.3075118985021507,0.9964998340264912,-0.0709625277136458,0.469654641970286,0.4310076584705056,0.2919966179943303,4.245782085261792,925.1224409878786,0.0206530321269967,0.0057549923454899,3.4980835818897216,24406.0,112.51467068420172,40.85585585585586,0.3680707734761789,0.0499472649782796,0.044749330136529,0.0008411879935333,0.0050301803959056,1.048556008372065,1,10034.083333333334,0.8329301517960584,0.6842611001608154,0.5619077027856213,18.659961581079983,33.20823239933253,35.38361202590826,27.784887978899608,0.269184246247354,21.0,94.0,33368571.0,2.1148124637465373,2.6700600054395403,167.0,49.81168637583226,-68.0,235.0,0.7325546024901441,30.24221681498565,50.59213929284532,7.064559156465184,0.9881129182937698,0.6133662048869174,0.9905140698848284,-0.1777736771555242,0.4433776676894107,0.6905459443805716,0.2997057842863886,151.37278836228424,0.1979788736361441,0.0365290182276101,3.9035537334662687,2.0220523734358182,28.221556886227543,0.1689913586001649,37.73652694610779,4588603.994011976,6403.462814680541,0.3693570941948438,0.0339531915698024,4.553385862507208,6.067163678390381,0.0464876603839219,0.0012102321145019,16.828415240427763,0.0158618343150313
26,0,Male,White,R,BOT,3,2c,IV,,Current,N,Y,51,32.0,70,2.0,8867.208333333334,0.4757158303890132,0.7063761360006583,0.4408373795717582,39.69817048302762,40.162171256046406,0.4911425379231687,63.0,116.0,1.9850545410574192,88.98983711825001,175.0,89.34821628898362,93.0,-577.0,95.55746362000664,-6.669929003245321,866.5542970436096,-33.89452107681844,0.350156223668602,0.9984138813545388,-0.0941516937531894,0.4597547960522545,0.4983615446476832,0.2651903997607628,4.188141923674946,3338.3141889387257,0.0054991337858665,0.0015106862604271,3.7154678580278895,60219.38308457712,75.24107443362982,158.01492537313433,0.3930719536645132,0.0478298123484351,0.050964503382515,0.0002117387314218,0.0029097035668707,2.05472102995443,2,10937.333333333334,0.6346491503087884,0.1598150575071644,0.144523659848815,23.014698263904425,159.245194094724,34.539832078341085,112.64102272262978,0.3432785013225619,40.0,117.0,93506122.0,2.262923179164792,4.917954340586783,172.0,86.44385805277525,-84.0,256.0,-1.2501514870929171,66.0103546788227,124.10189821158244,-14.317883407101426,0.943740273766745,0.6914823599044114,0.9924383695290536,-0.1991850428386896,0.4642684194455734,0.7310467033495377,0.2256234529957657,300.0620778392888,0.0721758702421303,0.0198232382282194,4.004304385641976,1.4594757883200613,49.79765395894428,0.1460341758326812,52.193548387096776,5593156.304985337,1055.6075249764742,0.3005220113346118,0.0342415593104942,5.342620901800787,6.335236994345166,0.0506696715766918,0.0015336377396868,10.166521883770535,0.0162135528337375
27,0,Male,White,R,Tonsil,2,2b,IV,III,Former,Y,N,55,18.0,66,2.2,2516.5416666666665,0.6755099620560693,0.7635793562267396,0.7084584466547583,20.12470242230457,18.867962264113206,0.5263213546601588,69.0,113.0,1.7033946307379877,64.67929908215523,151.0,89.32387706855792,91.0,-306.0,92.94135860149603,-5.4668352669582525,130.14943118836976,-8.41800925651516,0.3115921831259427,0.9974919966841648,-0.0832173512593411,0.4459695455255246,0.4652855977568232,0.3307913538888503,4.576952438030194,1351.7246945381712,0.0165001834951509,0.0043980803756626,3.529868061369755,27271.379310344822,92.23135232501446,32.632183908045974,0.3750825736557009,0.0483590325399087,0.0408486412721235,0.0006889521172805,0.0040249063671093,1.7019012937939262,2,18676.83333333333,0.7064367243227452,0.8863559996408776,0.5276205141020573,22.235794187768576,42.14353610873348,49.16299421312742,53.75872022286245,0.2580139031326942,54.0,109.0,140502945.0,1.8541135661066075,4.970511160778379,228.0,83.41073144687667,-37.0,265.0,-1.0681049795435162,35.19409580852387,51.33766842461691,-6.5830261655450295,0.5526315710208001,0.7007922155349264,0.9962283556874056,-0.2435685820141257,0.3802137771169164,0.7800489508621968,0.3965859639133147,324.6441824083377,0.2771572018239312,0.0359601329674319,4.15356156605713,4.127666019059624,63.82131661442006,0.2000668232426961,29.4858934169279,14263028.457680251,10711.28573387999,0.3510873517359302,0.0418036841650284,4.760381641296621,6.165253301728148,0.0422621916126801,0.0012553743816538,21.529726228813956,0.007932174469026
29,0,Male,Hispanic,R,BOT,2,2a,IV,III,Never,N,N,55,0.0,66,2.2,1695.625,0.7613924237957195,0.9078984205494738,0.573145508423344,16.953772576579578,21.54065922853801,0.5326381912799625,67.0,110.0,1.6373309172549222,5.294021850854861,141.0,87.70052539404553,89.0,-29.0,89.48058261059536,-0.5781543215916428,8.355431905410795,-0.5585228380354217,0.4043547771679077,0.990477275010793,-0.0930285299330004,0.4612347665096669,0.4276352320367498,0.3417627828703741,4.550189815387861,166.01491072405526,0.1320480679994953,0.0307956102555998,3.4226943693510568,21910.26,605.5877177721089,16.36,0.3272,0.0501160556153639,0.0347122577067558,0.0020399877614853,0.0095160442784851,0.1693329128644495,0,,,,,,,,,,,,,,,,,,,,,,,,,,,,,,,,,,,,,,,,,,,,,,,
31,0,Male,White,L,Tonsil,1,2b,IV,II-III,Current,N,N,72,25.0,66,2.2,2968.7916666666665,0.7157306138543509,0.6757016524376814,0.5368141387100357,23.38023772471575,26.92582403567252,0.4701191657001554,50.0,109.0,2.0953006355808803,58.6127711966069,145.0,77.83021390374331,80.0,-398.0,84.5817130145198,-5.036160981860433,387.92133990086415,-18.42903248260524,0.4191155801134553,0.9971823426259304,-0.144008029643237,0.4325486338690755,0.6232665005245167,0.2351234573190068,4.686864323337336,1829.3796562761515,0.0130045434370437,0.0035383225509892,3.900729667305775,19402.34375,49.79856043639207,46.890625,0.3663330078125,0.0446285906803168,0.0476173219719208,0.0006133506430768,0.0066731449897687,2.0363006531516024,5,18248.375,0.5972576509437496,0.4387280561484082,0.3996976455304884,23.87659153718042,59.73663293785688,63.8200595424354,45.39823785126467,0.3075490125664905,46.0,101.0,127495209.0,1.88651337393158,9.01748328265842,331.0,78.77931222707423,-68.0,399.0,-0.7520224272614566,46.81110672881838,100.46969662322604,-1.426937146790235,0.8423274218557771,0.570812079393333,0.9971476655120776,-0.1620165420784261,0.3392429467852154,0.6376639945253387,0.4775698073492581,512.9642853484048,0.2346554363824869,0.0322575670314842,4.22759754609209,5.894788473697366,83.44684684684685,0.1503546790033276,31.35135135135135,9621253.625225224,4211.019757223519,0.2928041555068582,0.0516671587457702,5.413940575386058,5.9599024512655205,0.0389639428119219,0.0024345144406733,10.875690827750374,0.004509490306256
32,0,Male,White,L,BOT,2,2c,IV,II,Former,Y,N,74,19.0,66,2.2,6207.375,0.7276791657485983,0.8852857094963767,0.7524249022997311,24.407078043369783,27.202941017470888,0.3616109082374308,58.0,124.0,2.2338856362541613,14.34894014726283,302.0,92.43824189926212,96.0,-219.0,97.68049275768104,-1.735127939833864,262.65562443911165,-16.617976693757694,0.4928481773953929,0.9968631838714692,-0.1201730968006609,0.4693249800741369,0.5686509899793367,0.1964765383828935,3.800500900789293,676.7394020501944,0.0226792597443708,0.0067651136330746,3.890239468747956,40727.72469635627,227.85495233342616,88.57894736842105,0.358619220115065,0.0515195062336803,0.0475116942042425,0.0005671777479348,0.0051734366811585,0.4837163553139721,2,11161.458333333334,0.6738980868816059,0.2224559781692306,0.1797052448871166,18.158881316162105,101.04814318340436,71.28113354878694,28.653097563788805,0.3211068623299984,12.0,89.0,38048804.0,2.3638322965482845,3.3856335206631,266.0,49.18228795438346,-126.0,392.0,-0.21557398277914,72.96564612690067,77.62193883995752,-1.6970705096041194,1.131375379385969,0.6422811397953294,0.9961575979340688,-0.1852440855718684,0.4483347774416732,0.6590055083707979,0.1395582959194141,316.42198276200514,0.0666972225156353,0.0153096337853243,4.029957076336013,1.5238194613396845,42.30344827586207,0.1458739595719381,69.7448275862069,4655091.7379310345,887.1452795046813,0.3331034482758621,0.0180105693753926,5.215106593763823,6.662534447607625,0.0481845998468814,0.0008082536734552,6.73211718217021,0.009406127818485
34,0,Male,White,R,Tonsil,2,2a,IV,III,Former,N,Y,52,1.0,66,2.2,5776.458333333333,0.6502920428421123,0.747852524974274,0.5609466749585176,27.35836007506369,26.40075756488817,0.4144655799274546,-1.0,117.10000000000036,2.9321161407283154,6.457603091681112,385.0,68.6605851979346,74.0,-222.0,87.50908681609735,0.0120709925943082,923.4307536701996,0.099906431560633,0.2912087964087553,0.9900516007983572,-0.1401563857578874,0.4061713931020089,0.5511428483375614,0.1570772870410199,2.7655898323264663,433.4326920814987,0.0202277991024526,0.0083794220798548,4.246207172114303,8927.61320754717,57.23255796161885,131.41981132075472,0.3099523851904592,0.0603660375458065,0.0814189090831645,0.0012553473271965,0.0187271952629033,0.4184130723935173,2,12375.958333333334,0.6437069977801011,0.3927248103868266,0.1880184640622209,17.886771477878767,95.13305816581664,40.22437072223753,121.2023102090055,0.3247902233720348,27.0,104.0,79759329.0,2.239273114610976,5.858300918349291,144.0,73.12289873723157,-102.0,246.0,-1.5155316157648226,74.78656297745134,132.97836392470143,-14.620160143603194,1.0099044884893416,0.6517084069448683,0.9920317436542174,-0.1913319294751446,0.4250490989154232,0.6691127935334353,0.2789247384503978,428.445113513932,0.0774979910262069,0.0184815662945642,4.136216676337325,2.1756062618267893,49.46498599439776,0.1385573837378088,44.89355742296919,7939679.546218487,1267.9804620177506,0.2374832285855518,0.0244471412030609,5.660549772935753,6.423916144984533,0.0425410967686663,0.0012332584768608,9.85632524723144,0.0160555201461702
35,0,Male,White,L,BOT,3,2b,IV,III,Never,N,Y,66,0.0,70,2.0,9287.75,0.689431605365152,0.8011782580398991,0.7051111042225677,29.49026112889024,33.37663853655727,0.3336999155783992,71.0,109.0,1.5263517387435352,18.64051787631704,221.0,91.34380697050938,92.0,-158.0,92.82763582678572,-0.939918788538284,11.59095410640004,0.0305001308262214,0.4685290073981331,0.9980134057651447,-0.1373183078293979,0.4000446645894533,0.5331844365411138,0.3873557181080809,7.6148108878455485,947.0159364101886,0.0621763769584629,0.008447204638508,3.746218520323624,252458.914893617,2029.9381707563632,40.5886524822695,0.2878627835621951,0.0446402978530716,0.0208237181938596,0.000332652555258,0.0026277968059488,0.1968164687084969,2,2311.9166666666665,0.6300626564115596,0.4336442698815272,0.2791504178908708,9.931763326247232,35.5785364796763,31.76476034853718,20.396078054371134,0.5804653843243963,27.0,87.0,7644320.0,1.846789638726121,2.4321555112677267,118.0,52.40563620836892,7.0,111.0,0.6050400051043398,7.219400149449428,21.397679882061247,3.1528936954173434,0.6826286000805756,0.599589907107706,0.9750151978645488,-0.1740536244495978,0.4251137058277081,0.6119285956531698,0.3369452904607576,32.65306256275843,1.0729810558004471,0.2105314607401444,3.579197952309966,1.7057078720526293,12.137254901960784,0.2379853902345252,10.137254901960784,116104.54901960785,3923.663175381264,0.2479815455594002,0.2523385736638847,4.309995078140819,5.950715373759342,0.0470679479391295,0.0097716878973491,27.418372054642163,0.035795768379822
37,0,Female,White,L,Tonsil,3,0,III,III,Former,N,Y,54,26.0,70,2.0,14078.625,0.6223433860965933,0.8644155297661378,0.6051682339452051,34.70760633576605,42.80186911806539,0.3218108128305226,50.0,106.0,2.0997080958158603,91.08970418501455,177.0,75.25180569324458,80.0,-761.0,87.53463797381048,-7.433805846184288,2655.910602464668,-86.80512037605111,0.4168367838051185,0.9984717442520832,-0.1082622226846481,0.4620012869912479,0.5926890698117971,0.2443982082846134,4.317662832069059,5196.399082365508,0.0037840711055443,0.0010346476371934,3.891734577305596,97254.52333333332,80.56800425883394,254.47666666666663,0.4241277777777777,0.047993138314525,0.0495438797157023,0.0001585774472575,0.0037596588828915,2.09234424525925,2,3295.0416666666665,0.554184883053837,0.1744084973495833,0.0610550430081659,8.898978511403698,145.75337388941782,31.04834939252005,88.45903006477066,0.5864205027024283,-6.0,101.0,18692987.0,2.525812558747168,3.8308158117958224,177.0,61.04315253221456,-104.0,281.0,-1.2123355891344465,69.75253746248133,239.6137906488238,-25.491944138210844,2.44870677120545,0.4799342203816522,0.986432491226235,-0.1048089599629894,0.3897692752352037,0.5233510690269225,0.2892688428279787,262.4681814916455,0.059647724693836,0.0252455630947626,3.914563333847192,1.2441293373211395,47.09118541033435,0.1431343021590709,37.56534954407295,272154.4650455927,43.29314004340528,0.3039606064245526,0.0320161223969891,5.308257324662946,6.179757908390939,0.0527902076669813,0.0044349531695118,2.8087241042545643,0.0315197939030102
38,0,Male,White,L,BOT,4,2b,IV,III,Never,N,Y,47,0.0,70,2.0,20492.125,0.5694576107101965,0.8162362089165517,0.6735446082659389,40.42394702922655,51.73973328110612,0.3103323552095907,67.0,114.0,1.729554982915907,45.18869914674024,406.0,91.28430419138384,93.0,-430.0,93.57910902036429,-2.1485042029088346,57.29928676659744,-2.5079574261550426,0.5217665635553611,0.9994731762042324,-0.1599212208599593,0.4024998581383897,0.6472479752460686,0.3173336675104601,7.292954782395265,3602.674446561886,0.0149243369846626,0.0021631111417407,3.906887173414474,384181.762886598,776.707955396335,159.86082474226805,0.4120124349027527,0.0438139408034733,0.0250158668970529,0.0001064407821267,0.0012039992865873,0.426367787722244,2,2992.833333333333,0.5634197852217798,0.1492901501429436,0.0730279782398506,10.019308967943214,137.19822470007503,22.13594362117865,86.46964785403026,0.5956043395294738,37.0,117.0,25503277.0,2.224538566388975,5.660537804981195,154.0,85.44783040741967,-68.0,222.0,-1.5635152677439383,52.11450637240325,130.01099153137858,-15.0285683643262,1.3962773859422744,0.5226100121432194,0.9871311684771334,-0.1383259590789026,0.4075989095810731,0.5566453799948252,0.2572132625030927,233.76111119250143,0.0982299170616721,0.0372213086116736,3.876022609496807,1.4738372852554449,29.541666666666668,0.1538628472222222,26.213541666666668,353900.0625,114.83364477696944,0.2580837673611111,0.074982100760856,5.2059796306751664,6.09947258138356,0.0451451286601441,0.0062567434064607,3.563667569198375,0.0246675424116453
39,1,Male,White,R,BOT,4,2c,IV,II,Current,N,Y,45,50.0,70,2.0,40919.833333333336,0.6316399590384916,0.9003746495593699,0.6791092233501104,47.36158204587839,58.412327466040935,0.2221791200520251,66.0,115.0,2.095773166100381,42.75124578020394,213.0,72.11407103825137,94.0,-1011.0,143.43794490252935,-6.125437295842563,395024.078400055,-5854.155582837352,0.8863637671554889,0.997828170469668,-0.2224006036481912,0.3975846387784572,0.8992230032950149,0.3073412013826628,7.099622890031919,14442.699143970422,0.0048099720238904,0.0013509725488015,4.422118533432852,355193.2710163112,173.40483751148204,576.9585947302384,0.3619564584254946,0.0424037680892477,0.0406158376776049,0.0001477242990775,0.0115272514512766,2.5168414819992235,1,6315.041666666667,0.6625617208998337,0.3913867787909607,0.3186888645843692,13.792021580625851,43.27738780146356,47.43416490252569,22.825424421026653,0.3948805199424847,64.0,115.0,54129273.0,1.9305000407330877,8.662778691259877,349.0,89.1682934508816,-55.0,404.0,0.0458872265066047,50.94522960100069,45.48657824519955,-0.1649644107144366,0.7781966710937388,0.5485492697617607,0.9973536635434525,-0.1594789076235477,0.420508182494111,0.5999566072579168,0.3374565033141958,296.79300790635904,0.1220607750983585,0.0228877138276067,3.947979751432018,2.120461975472512,22.384615384615383,0.143491124260355,50.33974358974359,4372679.961538462,1764.449470828519,0.2277284681130835,0.0194072196225983,5.44082997814156,6.1613143112882405,0.0456327049851214,0.0009671020356125,4.953230332066552,0.0055229159333169
41,0,Male,White,L,BOT,1,2a,IV,III,Current,N,N,53,27.0,66,2.2,1658.0416666666667,0.6634288685072224,0.7591150122555904,0.5679068577094879,18.375605205064115,21.37755832643195,0.6158731615914242,46.0,87.0,1.584315348860268,5.240652974175473,113.0,68.84711481261154,71.0,-17.0,70.97963277509659,-1.1298427854709552,8.515958735985578,-1.2956430199018654,0.3715888038361429,0.9838148932550794,-0.0826239270796295,0.4544174828910228,0.4623905743670833,0.2610521536580334,4.375483453355419,85.3839525064882,0.2553464716320253,0.0713795676090121,3.335685403014871,19805.425925925927,1059.3807458847737,20.925925925925927,0.387517146776406,0.0499019556147883,0.0385600311708845,0.0049006545735205,0.0173779857195407,0.06481740513176,1,14197.5,0.6668681328391678,0.5004456766551377,0.4829909815597389,21.445278245489856,44.4009910417704,50.0,33.54101966249684,0.2994839372814667,9.0,88.0,72317304.0,2.472203869979273,14.772431048571594,139.0,49.812934484937855,-266.0,405.0,-3.026406425823892,187.55235267116447,3005.1377626347003,-164.41320404916954,2.025334984420692,0.7481466638637122,0.9936006328246476,-0.2468633491965638,0.4096584579925852,0.8032726637606057,0.1901491765219894,1035.825162170672,0.0361458890023466,0.0103284973210977,4.429107348347364,2.040453622222508,49.32976445396146,0.1056311872675834,138.64882226980728,19987392.54389721,505.9010800492845,0.2399249847539307,0.0109077441055408,6.101388048712297,6.731559165822459,0.0432135809576636,0.0007215260789351,4.034788182072823,0.0180416705256667
42,0,Male,White,R,BOT,2,2b,IV,,Current,N,Y,51,1.0,70,2.121,4184.666666666667,0.7529693257154015,0.8923371350151879,0.7218423790213016,21.527488916201893,26.83281572999748,0.3985534292401677,46.0,103.0,1.975301088137618,74.72511028769618,148.0,76.66769596199525,83.0,-615.0,83.25790426336583,-5.470825681154273,454.46661104475766,-23.155200064318443,0.3655962955418965,0.9983611635501024,-0.0944422868329004,0.4322390115032745,0.5232530510565977,0.3534064205540718,5.035844219208811,4184.179978116798,0.0064977387940263,0.0016666242031799,3.797090553284127,32319.71270718232,38.706757677958215,63.81767955801105,0.352583864961387,0.0431784970746046,0.0493358552732056,0.0003103828596536,0.0058805241805353,1.7136829267582736,2,26875.666666666668,0.6421614086622396,0.6566365456928406,0.4744052879797733,25.690313714709703,54.15267149341943,53.0,49.39635614091387,0.2514124845029331,62.0,109.0,218991763.0,1.749278923138059,11.598577282719484,398.0,87.20348103614637,-77.0,475.0,-1.7130673224434203,65.17531131742241,53.73085913703122,-6.155459137542975,0.7577486696456559,0.505652268092066,0.9981308209712124,-0.1155012959855397,0.4241201313596267,0.6078176607752785,0.372982013113039,445.5302331179536,0.108006262787175,0.0181057983478985,3.865195221747951,2.980807140881069,120.82386363636364,0.1716248063016529,50.41051136363637,23867449.755681816,5428.339718582193,0.3816139914772727,0.0221860083841368,4.962223340665529,5.961462032174635,0.0423291087096245,0.0009407207265894,17.666277198087933,0.0039664678375688
43,1,Male,White,R,Tonsil,2,2b,IV,III,Never,N,Y,54,0.0,72,2.4,13990.583333333334,0.6420981021143362,0.7133177167144144,0.4434384625740585,40.85630256315261,33.015148038438355,0.3125629261560638,43.0,99.0,2.1125175042230184,127.95493559723212,202.0,68.14729344729345,71.0,-844.0,80.6283169771979,-8.481059912813512,5666.650300388264,-127.82021337082612,0.485587037387542,0.9989367398090168,-0.0952504427509479,0.4816855820418042,0.8005382201740714,0.2122132172420063,4.1434157293875575,5781.667513773077,0.0031618117415795,0.000910865734048,3.7695898537792023,96172.3339011925,68.76009310961658,169.54173764906304,0.2888274917360529,0.0525674000211037,0.0468423190837466,0.0001495090974602,0.0028483233950747,2.938437590207354,2,27593.75,0.603885405576307,0.6267991767522874,0.4773249896447231,25.25203209575507,52.9032266141154,59.09314681077663,44.181444068749045,0.2650082223046981,34.0,91.0,171693403.0,2.1196095499331795,5845.620236190558,5064.0,64.93572642157395,-1829.0,6893.0,47.316032580177385,5954.93465606487,69076.34132696883,289.6635898577695,3.2111833152023217,0.3019232209868474,0.999966322214797,-0.152506713262635,0.4592840141550365,0.680108114890424,0.2682349087103516,32470.88756851317,0.0009804228186545,0.0002336391829401,4.044235806447568,2.088500941500818,91.07681755829904,0.1249339061156365,6012.289437585734,1865540931.618656,52.44473070566007,0.2344474739434857,0.001452541212731,5.990590761012616,6.276538418651587,0.0468296397526203,4.1684484507375934e-05,1.0562903711973364,0.0058100294600692
44,0,Male,White,R,BOT,2,1,III,II,Never,N,Y,57,0.0,70,2.333,9665.208333333334,0.6933609652030921,0.8973476244979489,0.672654131065873,28.80570321832448,34.23448553724738,0.327431906233017,51.0,95.0,1.9217845469941803,118.80012947517008,281.0,68.01462409886715,75.0,-911.0,88.17433928964712,-9.241440840356908,21156.559086163245,-413.8664321920251,0.5124868369085517,0.9985722051597884,-0.1339919748656799,0.3899715010605321,0.7016941308810151,0.2754162866494802,6.656653892230874,10916.671844703726,0.0044519430309703,0.0010055602815858,4.12830136057253,67722.4206185567,41.20060104147301,229.19381443298968,0.4725645658412158,0.0410659273408772,0.052760045529909,0.0002116596597893,0.0035715661940304,5.104408053145548,1,6405.708333333333,0.7234584965062606,0.6292976550367647,0.5292361166095696,16.038989266157095,30.305923505196933,33.52610922848042,27.892651361962702,0.3599272953012247,30.0,86.0,27947485.0,1.9509454539970843,6.096814838045588,132.0,60.96380863622243,-63.0,195.0,-1.4047298743298384,37.186289950027735,42.0818606409845,-4.797585296893422,0.772657468636428,0.558333435715329,0.990896477028464,-0.1639089768968557,0.4042302142218457,0.594717445414731,0.3155650561847713,236.8424074594106,0.1844250387803964,0.0408461918127066,4.003567631770218,2.4448547818227606,29.88135593220339,0.1688212199559513,21.83050847457627,2886993.6779661016,1991.609565387936,0.3125219445242427,0.0885069503127335,4.932799139352321,6.22072305046526,0.0423891771065341,0.0034860073790342,9.612177865718582,0.0135351420439076
45,0,Male,White,L,Other,2,2b,IV,III,Never,N,Y,52,0.0,66,2.2,2291.75,0.698953267005336,0.7827127718621011,0.5881252833686809,19.957147379054756,23.345235059857504,0.5247835808852604,41.0,105.0,2.154653564066962,38.06788326830735,146.0,73.84864165588615,82.0,-414.0,84.30390465335303,-4.494172441337567,526.1428913649875,-32.54632740983531,0.3059754100959571,0.99555951851146,-0.0820970762200398,0.4415986709153333,0.441347023556378,0.300991973978725,3.8248492099779225,1652.5787775817112,0.0104507110909411,0.0039895356642315,3.784495504987584,9803.259036144578,22.493379522578262,78.95180722891567,0.4756132965597329,0.0471662835146448,0.0763881319120421,0.0011982916013188,0.0115229758275969,2.09398669284106,1,12722.833333333334,0.7956614113124046,0.5573650841055674,0.5439092113349097,21.220803185760023,39.01534069202114,43.32435804486894,27.202941017470888,0.2603521785235859,37.0,92.0,69102369.0,1.8644840608440283,7.447090477164555,139.0,69.56333281078538,-84.0,223.0,-1.6430279641882493,54.76917550947898,46.3656582078747,-6.306108676712952,0.7536454773259792,0.5602560390026011,0.9927403048586372,-0.1494378395595475,0.4124230368052979,0.6000808664368958,0.3288448907869057,398.5595692691065,0.1270234516487059,0.0233197631136001,3.967944395848338,2.938031140781693,42.23018867924528,0.1593592025631897,40.91698113207547,12297133.690566037,3659.86302727922,0.2758988964044144,0.0244594631887034,5.24497194985137,6.0998230700725244,0.0422266332291686,0.0010056153003052,14.695663378631927,0.0099944748682399
46,0,Male,White,L,Tonsil,2,2b,IV,II,Never,Y,Y,46,0.0,72,1.8,4343.0,0.6171429162515545,0.5557341262897096,0.2529409857086468,36.684184553017886,43.41658669218482,0.4802880335976415,51.0,96.0,1.742105736572861,13.818233632180212,144.0,73.9345986736794,75.0,-192.0,76.58306255255864,-1.3697571328433449,19.13061475382575,-1.3765300791570358,0.3993840775657215,0.9962117787323244,-0.0988742759325723,0.4421579189682829,0.4250357962904699,0.2664314365193455,4.892692108187467,655.5176349159933,0.03749073621303,0.0082701448081424,3.5930192210739085,50358.87401574803,377.40741295775246,42.30708661417323,0.3331266662533325,0.0472537208738172,0.0343192867067549,0.0005571521185901,0.0060692008416298,0.2382033172326879,7,13000.666666666666,0.3964182463333376,0.6830892898485779,0.259410303794766,19.21728937872276,74.0806710358222,61.39218191268331,48.16637831516918,0.5188103292705946,-24.0,95.0,56897816.0,2.7220964050381,2.987734452052744,131.0,47.31963016734164,-115.0,246.0,-0.8838711583098585,61.4459720945132,324.3947747137428,-29.94483066159592,1.957530267646002,0.6581632318652433,0.9848339036879672,-0.1621822813819887,0.447824482574756,0.6658092192571242,0.1973382278144975,200.78316880319733,0.0652027345469946,0.0311064468806186,4.027167379728877,0.9297253553934808,102.85474860335196,0.1436518835242345,31.22905027932961,890002.1634078212,187.3313051451016,0.2399581785836896,0.0497617599924642,5.8123954974041165,6.441007509384717,0.0571313342885798,0.0041518651834751,13.182369361320044,0.0431706639652458
47,0,Female,White,L,Tonsil,2,2b,IV,,Never,Y,N,58,0.0,66,2.2,8444.166666666666,0.6858134712516144,0.7558630123586111,0.5567457794712358,31.47482184206961,30.4138126514911,0.3462787549679558,62.0,194.0,2.8298230398877893,8.964612617149804,448.0,109.950972304066,96.0,-385.0,126.91355360398384,1.4521689931442323,3712.6353543593823,196.9063958384166,0.7769710236567442,0.9976465391124996,-0.2434326501600784,0.4230830705884564,0.8599575664086967,0.2128827742515474,3.840658712246473,1645.1874978412698,0.0095185342825209,0.0026228751480376,4.5181697271539605,33466.6987654321,81.64169744751415,128.79753086419754,0.3180185947264136,0.0482953556989369,0.0572888828383183,0.0003243965927318,0.009194572155268,1.1753451904606422,3,4272.541666666667,0.5342652527939377,0.2214938773422456,0.0758431078401448,10.643539665784145,140.33628063103137,32.57299494980466,83.21658488546619,0.5578255802260884,52.0,124.0,42691902.0,2.148854133318717,5.789409049335797,162.0,94.63948100092678,-65.0,227.0,-1.4938279280298177,56.89983227150498,80.40618410466317,-9.62976872068094,1.1793839285487269,0.514240149962262,0.9889067243493094,-0.1312847895377171,0.425919416619353,0.5307361805111472,0.3082309272966886,256.7665647445058,0.0832990761126476,0.0264860551126796,3.8128300510374,1.498543668978872,43.19383259911894,0.1902812008771759,28.9295154185022,693517.9779735683,193.7637879621583,0.298065167187409,0.0473100428686674,4.881493734345816,6.02752701475729,0.0449703927279661,0.003396393678838,4.70969495474304,0.0190731628079623
48,1,Male,White,L,BOT,4,2b,IV,II,Current,N,Y,50,,70,2.121,39322.875,0.4891328477611004,0.7755909218070087,0.51831507600393,54.57210227555975,61.29437168288782,0.2907427371298016,13.0,65.0,1.9205319678531256,74.38010117332983,581.0,40.41897584246853,44.0,-675.0,48.71089137857832,-3.3657434364315137,383.89101665372976,-12.83396931853609,0.5988184743560182,0.9996935999190084,-0.220292084008923,0.3914972545142776,0.7130466775471271,0.2524699462673009,8.029719786617834,6891.220717892436,0.0094603580492342,0.001268596283344,4.180143159820239,583076.337408313,677.8401896472312,290.81907090464546,0.3555245365582463,0.0423052269302279,0.0260974833485247,6.790335792187083e-05,0.0006587408801701,0.9263330450770388,4,6817.916666666667,0.5080662215731376,0.299720323674123,0.2234840779855311,17.794997779787536,79.62534933222233,74.0,24.166091947189145,0.5019724776871272,-4.0,67.5,15135402.0,2.1872881568773104,4.541872745471999,116.0,36.45910672853828,-107.0,223.0,-1.1156475827259116,51.58599800839707,65.05421769434683,-6.912600902890224,0.9738048997266916,0.5865770999920428,0.9906682691020416,-0.167690945509593,0.4313382028875828,0.6042714251637313,0.2198897606654138,248.8585815851264,0.0953575222863353,0.0273372786653747,3.8814495202606265,1.6735614189453751,43.95719844357976,0.1710396826598434,29.95330739299611,1399232.93385214,530.137958254782,0.2439552453481506,0.0357529558997449,5.280968827722618,6.359451321992046,0.0435401116892135,0.0022340916989068,7.612750275524905,0.0160956027780602
49,0,Male,White,L,BOT,3,2c,IV,II,Current,Y,Y,58,39.0,70,2.121,41082.083333333336,0.5935441301747018,0.9335118300430872,0.7089714904689843,46.73613375708766,60.728905802755904,0.2361277109374891,75.0,125.0,1.997177218489132,117.88294517541368,1105.0,101.11485206238156,101.0,-703.0,108.3472705261283,3.3223954253046752,4915.617832507518,85.3530384281546,0.544195167594115,0.9996331879091852,-0.1499045430077505,0.4215124010197589,0.7041153049227902,0.2651508026649911,6.2718741308461325,7082.464266268064,0.0056294970549932,0.0009532203300768,4.13833179987815,412188.1837509491,365.37447778502775,524.4092634776006,0.3981847103094917,0.0433528792243062,0.0371888276492201,6.46101380461702e-05,0.0007926549591775,1.7553761258842149,6,25719.541666666668,0.4212334732771993,0.6134804309823471,0.4647435003057713,61.8650232556226,133.11648945045903,85.28774824088158,108.50345616615168,0.388931848541878,40.0,110.0,170483312.0,2.217869080869607,4.198433497269374,165.0,76.1669376693767,-76.0,241.0,-0.6825778137980193,58.992195349006046,53.69504808975257,-3.036881114295969,0.9255011415461064,0.6313651231368909,0.9926404546542446,-0.1959236872828097,0.43880519697366,0.6557751225530197,0.1623671568015315,288.9841729225021,0.0907861041408271,0.0204801655430688,3.995659643016368,1.7360053703059326,130.78403755868544,0.1535023915008045,42.375586854460096,4671312.568075118,1292.5170202556194,0.3127355683396151,0.0264184219925446,5.361157494905069,6.576768637196409,0.0456334210596129,0.00135896585244,23.95289292841429,0.0120678288077902
51,0,Male,White,L,BOT,3,2b,IV,III,Never,N,Y,65,0.0,70,2.121,22468.416666666668,0.6390473821520734,0.6979135253502887,0.5311592380937713,45.35257543817444,40.49691346263317,0.2681803220813553,54.0,96.0,1.7295701243756352,76.36396997540952,406.0,74.06280514869063,77.0,-585.0,78.98446447277773,-5.606751721539955,671.3912120508277,-31.8561841700278,0.4168415720981558,0.9991177597470036,-0.0948256780783263,0.4360082282723131,0.5312551402598248,0.3001342703071952,5.67048571130252,4322.122973609818,0.0075556072742882,0.0014360420127769,3.759043021047678,270002.9171428572,353.44095170969496,288.1257142857143,0.4116081632653061,0.0464804928438858,0.0371351552192986,0.0001046817847889,0.0013814599924037,0.6471647933392418,2,9613.875,0.6047225465785904,0.2633898201066661,0.1716925400851683,14.029195482770898,81.71115341302365,85.21150157109074,20.248456731316587,0.3760929041679094,12.0,94.0,34019621.0,2.378085724222002,2.496370467877828,143.0,49.92170045510964,-107.0,250.0,0.246538877086191,57.212489077230174,78.3941294218407,5.794679089379977,1.133157988503132,0.6720202738058875,0.99096128944981,-0.192276437522685,0.4733753173367431,0.69703846946026,0.1396255241213319,214.998252357458,0.0782740689560491,0.019390376038225,3.876120166135298,1.273295494446516,54.06948640483384,0.163351922673214,49.58006042296073,1931112.833836858,785.5570833978337,0.3889066364856107,0.0233974580525101,4.805816629044219,6.535906138173843,0.0514015244041781,0.0012497780608767,12.673274605875282,0.0213952923066111
52,0,Male,White,R,BOT,2,2b,IV,IV,Current,Y,N,46,1.0,70,2.121,4270.625,0.6773405041277831,0.6171224424973281,0.4682074911640542,28.62246983854165,25.317977802344327,0.4400613889160648,63.0,96.0,1.4165484589382862,39.51904193333439,149.0,78.92651162790698,81.0,-221.0,80.94228779499856,-3.671886810949816,40.21741802976712,-3.718687223629629,0.3209269666401263,0.9970842232724249,-0.0781767751076921,0.3764744359654156,0.3981077567940555,0.4583719070688377,7.2023884344038205,1185.07200755831,0.0446146797947548,0.00697388836667,3.620026362802269,68298.23809523809,414.91865030893575,45.57142857142857,0.3616780045351473,0.0419974040021633,0.0335712150956996,0.000528442660429,0.0036587554717309,0.3832187629440984,2,30632.666666666668,0.5905213991821645,0.4598892314664659,0.356153908198376,24.37352313197721,68.43536620241515,60.83584469702052,38.47076812334269,0.2617300266268547,35.0,90.0,149551022.0,1.8588172357480808,4.870089252669505,126.0,66.2038141809291,-86.0,212.0,-1.0645856930127966,52.54716376302492,25.536969916754853,-3.4338580925557283,0.6266660871750868,0.6124440590319059,0.9939165852412468,-0.1937590406077918,0.4013923055363931,0.6320531374738811,0.2671835844030952,412.9624528692685,0.1452807951036154,0.0224789003955045,4.028805434702511,3.1439000057366995,95.29378531073446,0.1794609892857523,39.79661016949152,30194502.299435027,9720.426785879466,0.2918098602288969,0.0253027048882069,5.181887106308038,6.28756308610876,0.0426473150633431,0.0008250130711624,33.22477035543691,0.00793449768656
54,0,Male,White,R,Other,2,1,III,III,Never,N,Y,40,0.0,70,2.121,12795.416666666666,0.6326116228139816,0.7680912014541529,0.5294642401603757,37.36060155464549,34.66987164671943,0.326835192264276,55.0,106.0,1.9415697804513887,116.84126901710488,214.0,78.75660509703063,82.0,-682.0,86.20808544325435,-7.673830396964991,3390.913431813532,-94.4016611032843,0.4349493535153167,0.9985468491227476,-0.0885136794700299,0.4520098728164156,0.5735402210376848,0.2920960335465323,4.511037582360464,4566.189785345962,0.0046618536889392,0.0011969853539599,3.7760756798729673,106156.755859375,104.62063899738315,225.8671875,0.4411468505859375,0.0476764353263589,0.0472525346049232,0.0001465563117337,0.0023658115565757,1.9437695000511528,1,1979.0833333333333,0.7568503351482304,0.5858911615871787,0.4020914013639993,9.35897634883016,23.27574356746268,25.80697580112788,17.4928556845359,0.508923794312086,21.0,119.0,16805244.0,2.394334726073448,4.690627104104626,153.0,82.85642821410705,-72.0,225.0,-1.43972289555371,51.00185661752792,182.59538248627857,-20.0984560464027,1.895440109841766,0.5117533079315749,0.982752242703741,-0.1337483810256258,0.4022151935377757,0.5503885337939108,0.2488369276618604,217.5382335357445,0.1003266105205197,0.0433543827724095,3.965579093453944,1.3793384322417477,20.74436090225564,0.1559726383628243,22.909774436090224,404787.7067669173,125.7325518610396,0.2711854825032506,0.0898215768917643,5.048980017159668,6.206691290817036,0.0469952334846763,0.0079913300581473,2.664190464691191,0.0392040236179036
55,0,Male,White,R,BOT,2,2c,IV,II,Current,Y,Y,50,35.0,70,2.121,6441.875,0.6966159378518747,0.7198430562118407,0.6423252300574998,28.46767296941496,25.079872407968907,0.3730954507260521,77.0,125.0,1.828641783051368,76.78714943935286,170.0,99.88469860896446,101.0,-443.0,103.22353858536076,-5.345541590681915,393.6179601945535,-18.760037507416538,0.4289848026175458,0.9982017027125346,-0.1169551109899588,0.4344183597661321,0.4849518550924905,0.2490655650094076,5.286008524015132,2691.2720206904823,0.0107439516067315,0.0023152029117307,3.770304779756741,74353.33689839572,145.99494711171366,76.18716577540107,0.4074179987989362,0.0456255837786574,0.0358761476391406,0.0002532892819782,0.0037187735894053,1.080994632509868,3,10109.875,0.6153135726919594,0.2420295243246951,0.1587560711453897,20.9040012388995,131.67371230644463,37.21558813185679,101.41498903022176,0.3634731774587567,52.0,112.0,81958674.0,1.9793136009306485,4.890548827655077,156.0,86.279307631786,-45.0,201.0,-1.1052153815338657,36.68850958096329,47.725726936061264,-5.791447416128658,0.8103823679597404,0.5980201805072087,0.9904251023938316,-0.1643574426093287,0.4357263498803804,0.6374006251478972,0.2913260814453191,198.23747601002572,0.1606998256311623,0.0357162290315536,3.879079508311222,1.950298000534404,52.15358361774744,0.1779985789001619,26.03071672354949,2914085.71331058,2049.479586913232,0.2915234889165861,0.0526827954814767,5.021229055496211,6.293749189229172,0.0452036974733215,0.0023109817952344,16.272267153137182,0.0140168370528494
56,0,Male,White,R,GPS,1,1,III,III,Never,N,Y,59,0.0,66,2.2,1967.5,0.5961112209059193,0.636318442499993,0.4930080503854382,23.08348705731715,20.09975124224178,0.647418711789745,61.0,95.0,1.591865044089906,66.22769749598363,309.0,75.05855855855856,81.0,-486.0,86.03777076376397,-6.513811529866852,1930.96271038932,-78.32998063688362,0.4659358230770709,0.9984047999509672,-0.2097231709928873,0.2588672293119263,0.710075709503884,0.5676312719168505,9.723699763830206,5519.207137450862,0.0187471557991517,0.0034374610981656,4.088065338192474,17595.25,30.785859583374368,40.48076923076923,0.3892381656804733,0.0392539686833981,0.0493607687490444,0.0008030825497185,0.0034423346902502,7.477505810197888,1,7983.958333333333,0.6647780997916517,0.5608858979039855,0.368396804309111,14.52772643027291,39.43499579894053,52.630789467763066,25.238858928247925,0.3639720209705392,61.0,108.0,63583441.0,1.7617566410644148,9.659239050687518,258.0,85.89997508719482,-65.0,323.0,-1.482999297216574,50.19721843154092,47.95092416298208,-5.093319500187044,0.5019959692696143,0.639307580850626,0.9974996247512612,-0.2736614177990529,0.2587135926538955,0.6830837430941654,0.4889414999080243,821.3291336293082,0.3297883372683058,0.0284288690380965,4.449316652376454,8.515691639826072,18.906040268456376,0.1268861762983649,46.1006711409396,8432815.711409396,3320.2271394997406,0.1951713886761857,0.0192108220691667,5.60440750917427,5.828378524936783,0.0582502844429151,0.0008854900458495,4.065404504481914,0.0031415066645022
57,0,Male,White,L,Tonsil,4,2b,IV,II,Current,Y,Y,56,50.0,72,2.4,98403.70833333331,0.3514311925200459,0.4287079784567213,0.2962471760876899,113.24457700308515,61.814237842102365,0.2980620356862928,-228.0,112.0,3.3615180551575223,9.612840420802916,1646.0,-12.628969421504372,75.0,-1022.0,271.4450017740043,-2.688208187293861,2011474.2593683775,-26975.09522428421,0.8871515312168092,0.9976322228628084,-0.2464473292001892,0.4088081739230813,0.901433613409588,0.137873898247461,3.5118173209032526,6521.739170317464,0.0279977601730226,0.0072635723394505,4.98665462264855,140701.09316895716,159.25923942474034,5188.114591754244,0.5242638027237514,0.0493869607160369,0.1023455952994295,0.0005907548952376,0.0311575864988708,1.6752887792595184,4,2851.458333333333,0.4841228664837724,0.5625448839985797,0.2528344531091311,12.79755412898124,50.61633796979964,46.14108798023731,41.30375285612676,0.7044327171857162,21.0,107.0,18980511.0,2.4130320345833027,4.2643730164221125,146.0,72.29913941480207,-87.0,233.0,-1.1792491372862517,59.41018491810142,111.92034140391968,-12.220501768218249,1.6288696956823192,0.5245478959882522,0.9848080543946478,-0.1192922924462869,0.4566557214899355,0.5913733647628049,0.1973960297981917,178.65329283173722,0.0586570504043725,0.0262478874499771,3.732438639046753,0.7958343213241399,43.77637130801688,0.1847104274599868,31.223628691983123,255887.4556962025,64.0155857008376,0.3170966191315494,0.0350138211176092,4.721199833013936,6.1927420877165,0.0545756174439582,0.0040325160662912,3.554048561492982,0.0324527691606332
58,0,Male,White,L,GPS,2,2b,IV,II,Current,N,Y,58,44.0,70,2.121,8668.0,0.4917239298199148,0.5213970562023337,0.3797185097466025,43.68999844410869,28.442925306655784,0.4787658296188974,60.0,108.0,1.916664146448732,114.64841600412907,159.0,81.92474475163473,87.0,-753.0,91.54042255637006,-8.342237532779118,1780.8897427859508,-60.5329258375758,0.4408606744599349,0.9988315874055016,-0.1347930619834208,0.4127338111733229,0.5919630766476341,0.3330868885814776,5.322023855016484,6528.738290373065,0.0045978214456449,0.0010869796403224,3.898297444470238,64578.5919395466,52.46895150456465,167.12594458438286,0.4209721526054984,0.043955321874771,0.0489194591439359,0.0001771116217145,0.0043571506220497,2.539120853993921,5,7148.833333333333,0.3658285505277872,0.4666596528105312,0.1917347094114538,33.670877477311464,175.61180018300865,74.04052944165107,104.58011283222064,0.686216996769494,16.0,104.0,45285554.0,2.3050971057310994,4.152408809934402,141.0,70.6261901476473,-96.0,237.0,-1.2680465346680176,58.79122021736028,114.1161106910554,-13.816531610070392,1.6284028150966825,0.4985175264231217,0.9848806690457136,-0.124446581152663,0.3967724168401569,0.5237957153569608,0.2950043559479033,250.0006697947277,0.0767281222396478,0.0271869175033641,3.78485820511366,1.4643670193762333,86.81930184804928,0.1782737204272059,29.27104722792608,362722.67351129366,88.78628040019339,0.2569433610632081,0.0340248298749216,5.305191159034944,6.077186314538382,0.0478645931799665,0.0035067552038885,8.346394430321462,0.0293954932536838
59,0,Male,White,R,Tonsil,1,2b,IV,III,Former,N,N,63,7.0,66,2.2,8068.333333333333,0.5179236056361031,0.2655975156706194,0.2554455158759193,61.6523123908133,22.47220505424423,0.4655401493362406,42.0,130.0,2.9029987085182976,16.706761911091426,613.0,88.86521418020679,85.0,-770.0,117.15893910122466,0.8102465451832507,13887.18842787175,240.9752427055137,0.6742584465965051,0.9981076451939818,-0.2364685648163955,0.4103835545895712,0.8248344530684353,0.1986298188693811,3.4814704449641267,4276.57712665888,0.0032880211395561,0.001195253860397,4.538817678660823,12452.78164556962,10.196259953430957,195.72151898734177,0.3096859477647813,0.0491991015187779,0.0756954672228539,0.0001270923732257,0.0096939708001331,2.038533515192238,3,14535.416666666666,0.5855133572241977,0.4223821347262476,0.3090173838835967,20.179177844299964,65.30110892370128,89.1403387922662,29.8328677803526,0.3384320533627485,20.0,98.0,59460567.0,2.3594378348330074,2.3672339861066107,154.0,55.65215311004785,-78.0,232.0,0.0979528979675848,47.07186968665086,60.674265197206,2.7736140283549653,1.103493320472042,0.6546270770335524,0.9912480850029712,-0.1987161988015572,0.4630759586849301,0.6940474155352742,0.1543400026948379,199.1376578094919,0.1030586029268777,0.0253510065988603,3.985455009887886,1.431295630579124,76.18518518518519,0.1763545953360768,34.719907407407405,3688020.699074074,1827.4068497532107,0.2967999828532236,0.0293188498503707,5.091613570981709,6.6218877658536055,0.0499663282359256,0.0014973104484447,16.718301427394607,0.0164678794547406
60,0,Male,White,L,BOT,1,2b,IV,III,Current,Y,N,58,1.0,66,2.2,1620.375,0.4878349291241353,0.4884335296119647,0.3721248524818199,26.03804432764852,30.083217912982647,0.8439940542023826,30.0,117.0,2.6405648870178315,28.308800345702505,302.0,73.9830303030303,79.0,-445.0,89.39899667256118,-3.3902042086641773,795.876326873457,-32.63530189232818,0.3867885587465964,0.997463122585001,-0.1115263572805558,0.4734246338046567,0.5392384612923662,0.165640325473957,2.568978660542268,1207.95243649012,0.0068725557526373,0.0035497598869252,3.885369879392287,2946.752941176471,6.289475239720184,66.75294117647059,0.3926643598615917,0.0620128558310376,0.1022556162585976,0.001224288014505,0.0099734049337834,3.841295712173189,1,14437.708333333334,0.6927254491596865,0.4907459701033148,0.4301500829589079,20.450879874446503,47.54359160823449,53.41348144429457,32.55764119219941,0.2866972717814443,44.0,111.0,100525173.0,2.0974135538103758,2.921361246826649,183.0,79.415774570067,-16.0,199.0,-0.2930877435200418,22.87487919045931,36.09300479215205,-1.7169447642766404,0.7653527253083607,0.6472552378276542,0.9908479124073044,-0.1954909791081057,0.4576779206586421,0.6502694544473681,0.2100134026803634,119.03383326577212,0.2602253719034387,0.058319238104122,3.9288972274821097,1.7306187499049397,39.15652173913043,0.1702457466918714,21.75217391304348,5278690.213043478,10156.533756094788,0.2464272211720226,0.0715948547339565,5.386343046529497,6.435144868100449,0.0510522106170792,0.0021401135771904,27.181995686670668,0.0131054442984745
61,0,Female,White,R,BOT,2,2a,IV,III,Never,N,N,55,0.0,70,2.121,5341.375,0.7049493342327879,0.5607333869132871,0.4485252281162187,32.47904612611067,21.95449840010015,0.3924417436392524,35.0,96.0,2.048580794834712,15.879903360578991,144.0,65.82204020848846,67.0,-266.0,70.57874253618844,-1.503238105228126,47.93605702359665,-3.2385659873194688,0.6182434262842258,0.9974070169768526,-0.2102581898166908,0.4486184947332464,0.6943460246991895,0.2010089399715137,5.095044806154776,1034.0990462042048,0.026225662586491,0.0058172378046017,3.925313740588728,64329.6694214876,318.1419226154591,37.13223140495868,0.3068779454955262,0.0503073214356008,0.0275170957469519,0.0005440693519041,0.0074709830815942,0.3464830354375433,1,13565.208333333334,0.8115526780222997,0.5554680920138858,0.5004063237182779,20.501691657336533,40.97008907680934,46.09772228646444,27.51363298439521,0.249857229431578,37.0,102.0,89428539.0,2.0503880262788745,8.14308311246469,334.0,74.3351959414749,-88.0,422.0,-1.8607040727301547,59.14637823973476,158.88671531380825,-16.346186907382915,1.055077025983213,0.6039245978560452,0.9968285518947873,-0.1831816369387933,0.3674763289403324,0.6322037713500337,0.4110898914845818,531.2128583636193,0.1536479523117137,0.0298525531239219,4.299909975444866,4.235715295047463,55.327944572748265,0.1277781629855618,37.02309468822171,9226565.318706697,2368.3778441491804,0.2602872701865176,0.0516050378565077,5.5917919919276615,6.147936486811259,0.0386665615855228,0.0025875605150072,9.877890390042204,0.0110370093563273
62,0,Male,White,L,Tonsil,2,2b,IV,III,Never,Y,N,50,0.0,70,2.121,4789.333333333333,0.6406382794062306,0.7443216034698604,0.6119688847718193,25.792622048798474,26.0,0.4478296917673011,12.0,104.0,2.5437295687437342,47.35804075271164,198.0,61.2702758763742,78.0,-855.0,98.41020659295307,-5.686192575935474,13050.336168267746,-352.28863674104883,0.3371391157013383,0.996028974741275,-0.1308974269484967,0.4241962601349987,0.7072841208457419,0.2312677733068747,3.439832560322397,5080.016421078908,0.0027680285148447,0.0011293768130157,4.124211637841598,13559.288265306122,9.016515066802606,179.12755102040816,0.4569580383173677,0.0495376890523513,0.0852920753272649,0.0003394800425928,0.0143665598655477,5.155897520133171,3,19507.416666666668,0.5690736838935111,0.7249908415696129,0.5376972017388629,29.10052546675985,54.12065633343721,71.449282711585,56.753854494650845,0.3156814298755933,32.0,109.0,141982784.0,2.207053458277277,6.155096134798181,374.0,79.23460320702686,-101.0,475.0,-1.3064466367526264,77.2630012201006,100.77006248859774,-11.388213745635312,1.053831305676887,0.634351942194374,0.9974078006692524,-0.1799868922029312,0.4460412889715565,0.7017827411273212,0.2424569824052785,376.30605916273095,0.0656251704294409,0.0159326047101357,4.03420824157956,1.6787248276189222,66.06238185255198,0.1248816292108733,54.99243856332704,13906842.23062382,2056.2913501672,0.3330998674247162,0.0244843273976632,5.54519991613123,6.465563565747649,0.0472646934974257,0.0010385071570393,9.602067783895896,0.0068318718962414
63,0,Male,White,R,GPS,1,2b,IV,III,Current,Y,Y,52,,70,2.121,4665.958333333333,0.7411365711968252,0.8660993914272679,0.5637114236792379,24.30777976515265,27.459060435491963,0.3904861144441539,57.0,97.0,1.543604172444975,15.110443792013672,130.0,76.693699446573,78.0,-93.0,78.6957770781103,-1.8159477778231816,18.55239633105053,-1.95390933213542,0.2870841910809672,0.9924618718075672,-0.0541020088993953,0.4534404505478205,0.3360921944081081,0.3239894177158178,5.041725871985944,299.41204318229575,0.0894182864158359,0.0203257627683153,3.4113053327775824,67974.83969465649,1166.8009717209616,37.38167938931298,0.2853563312161296,0.0485389016385331,0.031945404443668,0.0009713838683661,0.0059505139969313,0.1206563229701846,3,30510.541666666668,0.608364599668997,0.4882823424320261,0.290207411998315,28.716848392816512,98.95284271024492,72.44998274671983,124.7397290361014,0.2543920589663545,47.0,92.0,157372710.0,1.7420856439091994,8.119199181725309,152.0,68.75502533093643,-88.0,240.0,-1.1683500522931372,53.6004091375441,23.86617844401309,-1.6896592728172737,0.5852498492109746,0.5505771594771078,0.995298488817292,-0.1712048288413957,0.3862049161135382,0.5586741703167222,0.3343456426714715,477.903211214207,0.1741400102003133,0.0216329440320581,4.0581961521859045,4.138138868147573,97.36482084690552,0.1585746267864911,42.32410423452769,25346120.045602605,9081.77801162626,0.3013825080372205,0.0282854120988415,5.356566542637254,6.187558500959344,0.0419543380522294,0.0009433982171832,29.6859915687887,0.005362237423149
64,0,Male,White,R,BOT,4,2b,IV,,Never,N,Y,60,0.0,70,2.0,35345.5,0.535266704742403,0.5380667398544211,0.4018783959777651,66.44659283430053,44.654227123532216,0.2752976588886101,56.0,109.0,1.988459656235188,48.022308062385626,604.0,83.67391795045427,87.0,-488.0,88.5652610045421,-0.4677791104912475,310.3453836292605,-2.7201283859956003,0.5303455946070954,0.9994626836784334,-0.1510479984443702,0.4328359794467887,0.603752766359841,0.3209092223237088,6.0924600552228485,3500.27853509603,0.0107177834476803,0.0018492511937316,4.023714678767332,402073.05165289255,696.5485553305168,409.0702479338843,0.4225932313366573,0.0431848489857499,0.0353751433269673,0.0001015315210452,0.0009471449635429,0.633591197627825,5,15116.291666666666,0.4841121986582082,0.2668602193677532,0.1561034303096761,16.391735281961676,105.0056058950399,96.25487000666512,30.886890422961,0.4040077325020655,16.0,101.0,77919680.0,2.4901544166684157,4.256118925189716,286.0,62.27317586683334,-152.0,438.0,-0.8017455483900843,103.33605558216242,124.44389845419173,-7.971359859750317,1.345578261891092,0.6302362448966223,0.996349169010621,-0.1813652021401821,0.4528369927114412,0.6582829146616102,0.1691904063817378,417.2386519735407,0.0407050349001446,0.0114812747782782,4.08979212834892,1.325275455369024,88.05139500734214,0.1292972026539532,77.18795888399413,3792822.224669604,315.2006761448026,0.2985826751279214,0.0122096708029461,5.598582496410285,6.722721315964403,0.0481037712367634,0.0008861235137033,6.632517951130528,0.0102493465719064
65,0,Female,White,L,BOT,2,0,II,,Former,N,Y,62,3.0,70,2.121,8283.166666666666,0.6480761359033597,0.7572898798787199,0.6238481788478234,30.94077037055629,33.83784863137726,0.3688014569885526,65.0,110.0,1.7055592945814404,43.10320448982082,162.0,87.23211064341551,89.0,-308.0,90.01492693746647,-3.759393630681386,124.90531648046364,-8.29230426852713,0.3673463934326668,0.9976790200714613,-0.084751575186799,0.445502401509394,0.420735497296035,0.3272333548280227,5.232285419930488,1531.2155934203051,0.0182562927013382,0.003795547975893,3.627072632531347,95933.99616858238,328.48055772582427,102.78544061302682,0.393813948708915,0.046900366615333,0.03759077873703,0.0002986116072235,0.0030995414682126,0.4916757583721154,0,,,,,,,,,,,,,,,,,,,,,,,,,,,,,,,,,,,,,,,,,,,,,,,
66,0,Male,White,L,Tonsil,1,2b,IV,II,Never,Y,N,60,0.0,66,2.2,615.75,0.7498416366101127,0.8777782655093596,0.5309842083243828,12.562830864303306,13.892443989449804,0.7580766136999729,55.0,128.30000000000007,2.450013081740452,35.23127502286127,182.0,89.13216560509554,96.0,-387.0,102.97313513975163,-4.549722509103981,1522.1325599526388,-70.14180032119313,0.2889950424092682,0.9937599869968274,-0.0981890119101163,0.4782178734900407,0.5761017770308731,0.1371683966151271,2.226385241610456,916.9414854867092,0.0082694307337061,0.0053065911538846,3.5327729320662757,1471.103448275862,3.5560415518342507,20.344827586206897,0.3507728894173603,0.0778530569191447,0.0925545130614748,0.0023695126374071,0.0338591099645445,4.697549883007333,2,14651.083333333334,0.5543895617905018,0.2893471280211194,0.1687314010148278,17.104788009376772,101.37287965666586,104.5609869884557,32.38826948140329,0.3564887537881755,38.0,94.0,72264344.0,1.9621647736409529,5.222000648753124,136.0,66.00203762820077,-90.0,226.0,-0.7548148777876633,51.96914826549274,26.06188420640597,-1.380932793729522,0.7819976626173457,0.5540407019518521,0.9925093120126668,-0.1668972098237329,0.4297656195986047,0.5831801535694006,0.1927402071808135,286.3042103972556,0.1150367737075672,0.0222439972744642,3.8749732112875455,2.009410243121712,72.98090692124104,0.1741787754683557,38.6563245823389,5811493.534606205,2026.5071110834504,0.3418014251456758,0.033590087686417,4.908035231839856,6.328743780326266,0.0449435162164577,0.0013989861320562,17.077711484369996,0.0098610821252026
67,0,Male,White,R,Tonsil,4,0,IV,,Former,Y,Y,71,34.0,70,2.121,4483.541666666667,0.5116686212110892,0.7421818352227447,0.3407671610738257,35.069275939826824,40.36087214122113,0.573176360333348,63.0,119.0,2.048135850358591,72.30713031698896,226.0,89.59951348960637,92.0,-579.0,95.5724610534276,-5.494390547312053,408.9853793186568,-19.995949465793757,0.3601877367229643,0.998640441903057,-0.0999393113578969,0.4562127021977887,0.4858533086656031,0.2391589163367268,3.804768126829086,3043.252114047437,0.0051452338426811,0.0016534471191793,3.692010550349411,23358.232931726907,29.139884757482868,101.10441767068274,0.4060418380348704,0.049552230864645,0.0590254750138362,0.0003140042085713,0.0051248256744148,1.8037552875802467,0,,,,,,,,,,,,,,,,,,,,,,,,,,,,,,,,,,,,,,,,,,,,,,,
68,0,Female,White,R,Tonsil,1,1,III,III,Never,N,Y,55,0.0,60,2.0,3080.6666666666665,0.4739924503029373,0.797614120909149,0.628840448638523,22.39612091803641,26.92582403567252,0.7011825998170788,64.0,109.0,1.762141066971866,30.215437311791696,145.0,85.66368,87.0,-258.0,88.49209501418757,-2.6731919312573984,28.341714125215205,-2.300068375328074,0.3615770390297366,0.9971690925817492,-0.0963470466462996,0.421841633385807,0.4312688495412887,0.3674174253156768,4.626849500827453,1045.0088435629448,0.0212238799339965,0.0051388696471996,3.5302960115877413,19042.496774193547,84.62699929792328,64.27741935483871,0.4146930280957336,0.043984384,0.055459740862171,0.0006253718018325,0.0062717518792917,0.6027493046185065,0,,,,,,,,,,,,,,,,,,,,,,,,,,,,,,,,,,,,,,,,,,,,,,,
69,0,Male,White,L,BOT,2,2c,IV,,Former,Y,Y,56,5.0,70,2.121,7083.833333333333,0.6433755864916353,0.932842474298632,0.4550666776625723,30.24435915063404,32.2490309931942,0.3913783239821635,39.0,91.0,2.013490219085144,103.88505093376853,326.0,66.7267106927076,71.0,-672.0,74.62923577696752,-6.167457281875556,611.0926108797765,-20.12419839138877,0.4105815145680025,0.999103239472324,-0.1483620307708813,0.4114629497710532,0.6752142397548415,0.2428955140546849,5.650663488125101,5219.262698547018,0.0064453232996937,0.0014231624429104,4.004707229264993,62617.98809523809,67.82555846915778,103.07142857142856,0.4090136054421768,0.0420316289946422,0.0416772553537662,0.0002197077545067,0.0023769635599479,2.3086844824133204,5,46915.333333333336,0.5137111378914269,0.3311775345451885,0.2079320217634098,36.16478534737366,173.9260025496354,70.40596565632774,132.1854757528224,0.2610118393726071,38.0,87.0,221803358.0,1.7792175241327055,5.587711555365286,248.0,65.50826218087592,-70.0,318.0,-0.773041434971617,38.42461424367629,21.73164674703674,-2.235612478826592,0.5062210320069713,0.6508982321561342,0.9970632374611488,-0.2443221487114486,0.3528007822736076,0.682972743048897,0.2625687372824669,391.59464523251256,0.2721907391934853,0.0309881496588238,4.179224523643535,4.255732337232415,115.92897727272728,0.1646718427169421,32.38352272727273,27073028.524147727,16751.480317338097,0.3301991864669421,0.0393552149110688,5.256400111800485,6.310623515215423,0.0421551790080499,0.0010365787755966,39.82375711627616,0.0035343047839929
70,0,Male,White,L,Tonsil,3,2b,IV,III,Current,N,Y,52,45.0,70,2.121,46265.583333333336,0.6931861704694863,0.9246222814880308,0.6115363548771892,50.30255188704047,57.723478758647246,0.1943337453153419,42.0,114.0,2.2686010167496966,80.45277915334049,179.0,80.93969946888899,90.0,-869.0,93.8064683486022,-6.633754312202231,5330.76656625252,-147.55623362063278,0.6144359836784747,0.9989315972825368,-0.2005007280870838,0.4438462051251237,0.7256510640666866,0.2437436248079109,5.520568528613412,8390.501472040145,0.0037649424589222,0.00079505158417,4.266759534350569,412368.5010706638,268.76225460268347,599.0485367594575,0.4275863931188133,0.0467460046059911,0.0363134426883712,8.845653271626048e-05,0.0022177269587578,1.494622335693481,1,2967.1666666666665,0.7639387263774894,0.53169780268708,0.3597407694102566,10.087694097576197,28.041564802659217,28.861739379323623,18.43908891458577,0.4405328353994839,37.0,124.0,27868823.0,2.257674855676722,3.345540946431265,170.0,91.22950819672133,-32.0,202.0,-0.9272498992465428,39.291099127869536,112.4809571855067,-13.191656015856864,1.3322559604894535,0.6148422251901065,0.9845466799825182,-0.1557345125501688,0.4554352224873377,0.6655692628942059,0.2023700436605357,148.6994354806686,0.1163923103789944,0.0337840964442194,3.741899189822128,1.1156207480719462,21.62745098039216,0.2120338331410995,28.5,905556.0196078432,506.3226203058383,0.1924259900038446,0.0415870745253122,5.0879563832706864,6.251602578424219,0.0532924279848011,0.0023619607647209,4.807671916861167,0.0263594127723791
72,0,Male,White,R,Tonsil,4,2b,IV,II,Former,Y,Y,64,78.0,70,2.121,37228.208333333336,0.635039588010533,0.5650675200584039,0.5308041348546897,57.90196655704454,42.5440947723653,0.2280653350893804,69.0,109.0,1.610615763738744,17.470613834617193,282.0,89.37690018499156,91.0,-199.0,91.21093756951068,-1.4970625816387153,27.74848120075024,-1.6257755700453158,0.5855037671093585,0.998854275144073,-0.2187726629113515,0.3433612483792335,0.6272108676325082,0.4201339380916918,13.456788482531598,1978.7868746964828,0.0926000281507774,0.0072581117154726,4.21645628678636,1417756.2423469387,9707.61480819086,87.63265306122449,0.2235526863806747,0.0431296440198048,0.0153586660214412,0.0001672729345919,0.0012313979383116,0.1075852329125953,3,27190.875,0.5124968326320899,0.4679531116778948,0.2077576875886756,19.616852846036327,94.42179047003214,87.05170877128145,46.2709412050371,0.3137992329642991,17.0,76.0,60191177.0,1.9957762723894712,3.4341568001032288,140.0,40.47022828038548,-57.0,197.0,0.8057142697120194,26.800794029360944,41.070010008276206,5.305129580121847,0.5413867280811081,0.7297009458483397,0.9935012577478706,-0.2770334303088686,0.3830479363202455,0.7509462078220841,0.269875188063435,217.9832707661976,0.3951602848405802,0.0415938346275364,4.178990404143125,3.6898938443249376,47.75496688741722,0.1581290294285338,28.85430463576159,14870093.887417218,22831.33802464912,0.1595982632340686,0.0332987818546068,5.883565570561447,6.425572763218916,0.0433528036819925,0.0009277505461042,45.22354920645922,0.010564252821114
73,0,Male,White,L,BOT,1,1,III,,Former,N,N,64,15.0,66,2.2,6482.75,0.6692243734559254,0.5073556406103248,0.4590855292133087,35.14311157188519,23.345235059857504,0.3875484016549469,46.0,97.0,1.9564533571736025,43.812076644866345,177.0,71.00613779346325,78.0,-428.0,80.95860857240223,-5.261842499747228,818.7791673996094,-43.96773159850613,0.3395094228238547,0.9969234925017344,-0.0962723685541236,0.4270796539154042,0.5127423312159459,0.3254167414127339,5.090527634430739,2387.9606332344893,0.0113891126842138,0.0027280324019681,3.8719593573384623,40082.3014084507,84.99411045284054,148.2619718309859,0.4176393572703828,0.0435449227830123,0.056198654209533,0.0004080525543586,0.0061967194310282,1.1979646782465057,0,,,,,,,,,,,,,,,,,,,,,,,,,,,,,,,,,,,,,,,,,,,,,,,
74,0,Male,White,R,GPS,2,2b,IV,II-III,Former,Y,N,69,30.0,66,2.2,3206.708333333333,0.4965108832969584,0.8985345177630069,0.4428666306905659,24.87665100347363,31.064449134018133,0.6604939823888263,49.0,118.0,2.2342708564998666,7.585287504993076,241.0,79.18019680196802,74.0,-144.0,85.73779000351215,1.0527131769194138,189.8492460544562,18.178537556531683,0.6029884855586735,0.9952430391529008,-0.1510435295268086,0.466123008668623,0.7067606426982177,0.2325576480762293,3.37448085815793,312.9815709399026,0.0390714601879451,0.0121490322314316,3.7746153386538825,16269.568181818182,185.9649813360333,51.95454545454545,0.2951962809917355,0.0516523846050268,0.0596131363503085,0.0013605250631412,0.0114166970711526,0.3051548294369612,2,19504.041666666668,0.5319011678018022,0.2703675257038462,0.2420538811373791,25.44469039148677,105.11994384029516,97.01546268507924,35.608987629529715,0.3377626644912281,33.0,93.0,102532144.0,2.011845084291605,6.222713184601426,197.0,67.58185343947744,-101.0,298.0,-1.1937478172757314,69.21124611466998,48.5244288829458,-5.310597061805363,0.7754251514224282,0.6071562097642099,0.9955245751534268,-0.1865573171920762,0.4170948168013507,0.6484519757594212,0.2868882444144001,447.186353975362,0.0931974925009955,0.0172123846857683,4.011750194476419,2.5895110468145863,69.14313346228239,0.1337391362906816,56.01547388781432,11725608.72147002,2136.6363276047623,0.2994474145961861,0.0226710578810868,5.490274396158289,6.297987841484985,0.0421097827472361,0.000959365418634,13.6657517832662,0.0067025514305296
75,0,Male,White,R,BOT,2,2b,IV,III,Former,N,Y,56,15.0,66,2.2,4111.708333333333,0.6667076776036179,0.6217501222676918,0.507230669456427,27.558561726161003,22.825424421026653,0.4527667939764591,68.0,113.0,1.7461528959819037,24.1936415124784,169.0,88.08602409638554,89.0,-206.0,91.3429826638462,-2.845447682618333,60.23046055475452,-4.379858295660537,0.3586337854786456,0.996444465327872,-0.1075416874313131,0.3867178914170097,0.4598660627419482,0.4205316791563102,6.819681106584837,1169.068030147803,0.0407667145323393,0.0067143734455841,3.818276973078132,38868.116959064326,226.9925123070724,72.78947368421052,0.4256694367497691,0.0392226447960516,0.046585845164044,0.0006837023701738,0.0043690209518853,0.5871572145073526,1,5475.416666666667,0.719453924918259,0.5094950558142857,0.3946960974033467,13.649246777856252,34.58166135326099,34.20526275297414,20.8806130178211,0.3813660954917531,66.0,105.0,43220607.0,1.480429843602125,7.357866714469559,132.0,86.72956774427897,-48.0,180.0,-1.629402216659493,36.82234904958181,12.2861284981516,-1.81740905063232,0.5035468272218317,0.4501172541797609,0.99245410721889,-0.1266884823419572,0.3311490818412939,0.4918089593921429,0.518101268022219,362.6956968085456,0.2790278503163668,0.0337873012462921,3.899621939218326,4.545266033840552,29.967741935483872,0.241675338189386,22.177419354838708,4177601.322580645,3100.879956328634,0.259885535900104,0.0442793834560806,4.55596639354938,5.674277314867879,0.0406546555097111,0.0016700909717774,8.46623816633518,0.0073251070306394
77,0,Male,White,R,BOT,2,2b,IV,II,Former,Y,Y,50,10.0,70,2.121,4249.708333333333,0.6147186888892804,0.727068452043753,0.422253838364472,29.013954824029923,23.40939982143925,0.4856849723299922,58.0,100.0,1.709452350731289,59.567470589382765,131.0,77.97359813084113,80.0,-399.0,81.75077381096517,-4.894626938436745,108.85709385951692,-7.621471461078404,0.3135378361267206,0.9978459951543226,-0.0770763928739202,0.4403249793584327,0.4251827371077432,0.3407777748919117,4.727062128454469,1846.579175576257,0.0125943225949014,0.0030732836158747,3.588818907391918,36956.69892473118,94.348493612245,77.70967741935483,0.4177939646201873,0.0477415058083675,0.047679661566456,0.0003857647914507,0.0051237652881926,0.7666410262049986,2,21984.166666666668,0.7796328063210116,0.9633310907364372,0.6526538697400988,24.00743050917695,36.784322628374575,44.29446918070021,39.20459156782532,0.221423655489713,20.0,77.0,58010372.0,1.9164925937436024,2.1800321218881664,122.0,46.531671005160526,-39.0,161.0,0.2966382731743873,19.3319058123594,18.435856157442927,1.273858494402126,0.6405123169419843,0.6310178819937626,0.9875024094263268,-0.1997243524779436,0.4304653638618003,0.646086195143157,0.2355182420710767,123.49246334623284,0.4237360332198492,0.0583152454588958,3.89984473564672,2.684917305977708,50.45161290322581,0.2034339229968782,24.149193548387096,10230894.5,30232.53818269512,0.4330124869927159,0.0656318113941519,4.240811911050699,6.323278873749887,0.0463045245048669,0.0015064721603447,68.87369341096924,0.0172462908889724
78,0,Male,White,L,BOT,2,2b,IV,II,Never,Y,Y,60,0.0,70,2.121,11183.416666666666,0.5288873603365157,0.8672762911774659,0.6656432819670747,32.40441937248207,41.48493702538308,0.4088802194669938,37.0,104.0,2.253578457811168,42.67934685454445,163.0,68.84465240641711,83.0,-782.0,95.456818451844,-5.595501524218321,6710.153079909809,-227.0865142483246,0.3780908952327798,0.9968559883821012,-0.132821044727643,0.4187320328712078,0.5450759406504133,0.3316626534159341,5.116529354468436,6539.413757610912,0.0042443456359269,0.0010518221148609,4.174150807722125,55218.84011627907,42.84550628462774,365.9593023255814,0.5319175905895078,0.0421858566794081,0.0669167688443147,0.0001976043691915,0.0097486377293647,2.22206737315282,16,41873.958333333336,0.3093233651043726,0.7192976739229063,0.3690482764832605,43.73303494670439,118.50220617054704,117.23907198540935,104.80935072788114,0.450218558140035,-26.0,103.0,216822997.0,2.8551462733818727,2.9691617167579016,190.0,51.64631803628602,-136.0,326.0,-0.8650222046122699,79.2519452389388,521.5086643946222,-41.33211126512753,2.284389700884653,0.6938521316087466,0.988910640763329,-0.1795583513847006,0.4364972877070264,0.6991083282629634,0.1607083469843926,269.530305087871,0.0469312193593748,0.0198608624523106,4.1678379476695575,0.97172979627016,246.3504108264862,0.1190673807764554,53.80376993716772,5537656.557274045,661.7495385445029,0.2591345323880497,0.0182988901877616,6.134331279697983,6.778987712270388,0.057368106123829,0.0017312312461651,26.252904847534584,0.0316105630398807
79,1,Male,White,L,Soft_palate,3,2c,IV,II,Former,N,Y,63,10.0,70,2.121,17912.875,0.6941675464967457,0.6796051609726791,0.5016120535025848,43.94159838294573,50.59644256269407,0.2662551725427585,58.0,110.0,2.013794194279341,127.05969197072604,768.0,83.35735769187924,87.0,-903.0,94.17790433612473,-5.869556641210092,4189.313051631962,-42.62241253445799,0.3989265204984773,0.999452541455462,-0.1245993152937849,0.4527445722960245,0.6769172155146869,0.2954457454753874,5.05674403164656,8479.747263099787,0.0032070412669295,0.0007830981515149,3.9652515589679513,153884.44277108434,91.4944589548684,357.5120481927711,0.5384217593264625,0.047704679028923,0.0446552704314473,0.00011046045045,0.0014238802430346,2.755857167503222,4,9896.166666666666,0.4709449849968473,0.3582435086968861,0.1570114089742109,22.928883134924646,146.03322958964537,62.93647591023825,84.92938243034621,0.4782903452671893,4.900000000000091,109.0,63650554.0,2.562419200443646,4.270848926585933,170.0,68.34492462311557,-108.0,278.0,-1.242404560876483,73.15092163657614,310.0097650744498,-30.152721370341823,1.6736577033820623,0.6533468158917077,0.9890346716907584,-0.1653844894445988,0.4380947983598677,0.6595670663050072,0.1887881695039108,279.4586313926111,0.0576459156673989,0.021506732312658,4.092401347170286,1.178703526040246,71.79017013232514,0.1357092062992914,42.7882797731569,954240.11342155,150.64241685753527,0.2643536865577238,0.0240151021903532,5.601424612687275,6.616241611301135,0.048571581525719,0.0021238969684638,7.550995019593659,0.0266879741909195
80,0,Female,White,R,BOT,1,0,I,II,Current,N,N,50,15.0,66,2.2,1928.5,0.4971784152593254,0.3325399230904722,0.2289603164008339,57.2183822086464,25.0,0.7814454096142726,-28.0,149.0,3.699186973308757,19.903031573889148,452.0,44.89460285132383,78.5,-951.0,162.84667704326233,-3.755262258779061,366629.0504832196,-5917.682770936797,0.7453562775599707,0.9946039012382168,-0.2981436762255477,0.4306710231256767,0.844600942139263,0.0718164820771336,2.121373721839263,3814.225858402819,0.0031990936256211,0.0023732885787147,4.723760692652944,846.3957597173145,0.4741142185243216,123.07773851590106,0.4349036696674949,0.0726648927124078,0.139896153775523,0.0008364893226882,0.0379797456686487,19.12455228414331,0,,,,,,,,,,,,,,,,,,,,,,,,,,,,,,,,,,,,,,,,,,,,,,,
82,0,Female,White,L,BOT,3,2b,IV,III,Former,N,Y,75,6.0,70,2.121,21634.916666666668,0.7603477307503292,0.8424826947161415,0.6722422377956201,38.11975739465866,42.5205832509386,0.228254909832044,73.0,119.0,1.7626547817054636,65.56166693173535,227.0,98.1034594095941,102.0,-523.0,100.94656824390516,-4.208797239476018,94.72143785680316,-7.214891238908766,0.4806186639981371,0.9991613578330374,-0.1318436446730227,0.4030720007806279,0.5814549250283744,0.3593097377545149,7.638260252168412,5036.332742255252,0.0117255219986389,0.0016829300248545,3.971411511539468,376203.6724137931,570.4367265140125,155.96120689655172,0.336123290725327,0.0412537870535531,0.026980799366701,9.820140578320367e-05,0.001579875089156,0.5924936190568727,2,7470.666666666667,0.7070335246884754,0.3908632479743203,0.2932915214999837,13.524130604412049,46.111563454836514,43.41658669218482,21.633307652783937,0.3498842001619776,37.0,115.0,53210490.0,2.3671141024697526,3.717016407967087,218.0,78.31867839062083,-66.0,284.0,-0.3257576160491878,45.31070837329996,64.72851031211627,-1.9195073204631865,1.2222231194331168,0.5809990450885756,0.9918179452101736,-0.1511217944689371,0.4652339125527617,0.59939901026121,0.1728568423618929,177.36704388555592,0.0970236583849286,0.0283169646295078,3.976601423661847,1.219670505484576,36.60919540229885,0.1402651164839036,37.9808429118774,2181860.375478927,1021.0466880978336,0.308612615786615,0.0549011044597735,5.209546818746495,6.571264591754015,0.0515257036754467,0.0026275443984252,7.222398874712836,0.0135045274666336
83,0,Male,White,L,BOT,1,2b,IV,II,Current,N,N,43,,66,2.2,1928.9583333333333,0.6941659910474474,0.8027197124092105,0.6184270984918422,18.676757117699957,21.633307652783937,0.5596457064533089,16.0,68.0,1.9890397150357908,24.064958872029205,101.0,40.54941116231439,46.0,-290.0,53.02358690289781,-3.69537397736762,345.8558210101903,-23.998161667350285,0.4280311259051795,0.994903088260618,-0.1576904250925667,0.3704360840836429,0.5487997041020446,0.2612247004057039,5.544363091718345,1148.443425383938,0.0287365178273974,0.0068926140781181,3.9488704357544737,10628.5,51.552126750754205,41.52727272727272,0.3775206611570248,0.0426014935206749,0.0550064550450957,0.0012336531445365,0.008337682452744,1.5245892342049627,2,13748.875,0.6130306015857473,0.3857518864335156,0.2617938648760869,18.21575852054682,69.58054012903916,82.0,32.28002478313795,0.3292907886586585,28.0,91.0,62373947.0,2.068751158722161,4.983965906742668,199.0,62.181943237764266,-89.0,288.0,-0.0968668277244278,50.06069469246362,47.00684528545358,-0.9158724256056932,0.5233960209247445,0.7317355865841215,0.9964413063530102,-0.3183956853851234,0.3315083707067478,0.756220657375325,0.3270554826932747,564.2841404324313,0.2291017829957963,0.0240557905552147,4.519174896420879,5.007168319948002,24.19191919191919,0.1221814100601979,48.38383838383838,11320716.646464646,4708.261665277881,0.1899806142230384,0.0237404027254648,5.80967281828047,6.468408751563963,0.0409560463126998,0.0007013448743784,8.675447008223028,0.0055977436642386
84,0,Male,Black,R,BOT,3,2b,IV,II,Current,N,Y,70,14.0,70,2.121,12265.5,0.7315491987289983,0.7500872929094441,0.6325821113167125,33.94531562592452,33.421549934136806,0.2866457453154261,67.0,110.0,1.7363715436988674,68.54307017147168,175.0,88.97683115193887,93.0,-392.0,92.67123023933604,-5.5740246103018105,297.26405374005606,-16.42819658844274,0.4455301698197952,0.998324062256931,-0.128364949613327,0.4188929534397916,0.5303809474126885,0.3086936534406682,6.670749434210086,2727.0262477255287,0.0168028221763165,0.0029343493171493,3.869981754488432,172684.59365079366,422.9285130495789,150.96190476190475,0.4792441421012849,0.0440903188186049,0.032851600203671,0.0002842976866001,0.0028643323545871,0.5627386350746042,2,11784.416666666666,0.6672903998853981,0.4092966038582357,0.3306291837830461,17.383761490317767,52.57781933044582,47.265209192385896,28.16025568065745,0.3184685504275419,45.0,108.0,76603735.0,2.1149511544706723,3.4418999131996744,163.0,76.36836320595198,-58.0,221.0,-0.1863877601058477,43.991056107249285,36.16418228319953,-0.4085855469861261,0.6817108899400302,0.6795415878891004,0.9933857647172266,-0.2345547746024059,0.4262350229168463,0.6953628521747647,0.2010984536492668,262.5916516647415,0.1499195220350561,0.0261331554419602,4.101539378854869,2.1996530096044293,31.197183098591548,0.146465648350195,40.098591549295776,7062993.76056338,3849.990338613101,0.3001829443011748,0.028828355134125,5.135603312889053,6.575919676180996,0.0458382229610781,0.0009817732498948,13.171755693997154,0.0104820205016968
85,0,Male,White,L,GPS,3,2c,IV,III,Never,Y,Y,59,0.0,70,2.121,21275.75,0.7063204411525218,0.643472721431203,0.5059995240645482,46.28859383461717,36.05551275463989,0.2470893668761751,65.0,105.0,1.5427865927744044,10.092886819158007,153.0,85.35534399474746,86.0,-158.0,86.96374563258098,-0.910295820123905,10.036073160421749,-0.6747698326830032,0.452973132187116,0.9972983917680304,-0.1208590677378894,0.4025682179267769,0.4670817302173178,0.4017902427370333,8.47356990027001,1015.5690479186997,0.0715690202846475,0.0086952503587906,3.796596743355112,476004.5902061856,3969.482131651883,127.96907216494846,0.3298171963014135,0.043137723640638,0.0237306398428208,0.0002954223117428,0.0026333609384644,0.0809557937564444,7,39320.125,0.4557377839533713,0.4366918219403516,0.4242016080138181,63.324856514830905,149.28009540399512,79.02531240052139,117.27318534089538,0.3120547456897379,29.0,93.0,174756172.0,2.0830133552820764,3.3392189278902564,145.0,61.5225106469276,-90.0,235.0,-0.4801277087124269,49.78676781650516,30.046548819698184,-1.4759438718325049,0.7933687139674154,0.61711135677518,0.992361493553619,-0.1941371837129414,0.4219390015371296,0.6372388769759316,0.1749573785945109,298.32731678570656,0.1330355456587892,0.0231065033977696,4.006948877872221,2.383770250813784,204.00936329588012,0.1910200030860301,36.853932584269664,11890659.889513109,4446.207608134981,0.3225339813996549,0.0266972166407237,5.153548609387097,6.515925822547413,0.0428604536766781,0.0012011523703442,44.23812533216173,0.0111136821742098
86,0,Male,White,L,BOT,1,2b,IV,II,Former,N,Y,55,13.0,66,2.2,3462.2916666666665,0.6918652320526062,0.8093523894748582,0.636556788645236,21.82954554039173,21.40093455903269,0.4620348498038837,-44.0,92.0,2.556170055187126,16.5483763571785,123.0,13.675737610999713,69.0,-985.0,198.6017781509828,-3.760112715210788,848465.0965250271,-12939.374191127436,0.7381186191974981,0.9859302958119874,-0.2031104942306668,0.4031642204339365,0.7708850176850709,0.1939190017493348,3.5524757055776885,6473.8587779616255,0.0090220813536412,0.0050458430264288,4.2850133939307815,8341.820197044335,4.8865872992252655,212.92610837438423,0.5244485427940498,0.0494683673637682,0.1126223329595368,0.000780778492727,0.0913598358713475,10.000725793502818,1,7266.708333333333,0.799756079130937,0.7069764327116421,0.4768078339034485,14.889746742225354,31.227982603239827,35.77708763999664,27.85677655436824,0.3121864133149464,17.0,76.0,15589379.0,1.9964082525201023,3.6259785500425976,124.0,39.572446881425634,-67.0,191.0,0.6323882141679237,26.36386574389612,34.07132690595087,4.653432310982727,0.8579274257799343,0.567924418053307,0.987325614284126,-0.1640325420927371,0.4614337899163069,0.6347941237153228,0.2307886162701497,122.69356002571833,0.2127992247592509,0.0444378512736909,3.7876702557678232,1.634733444737294,24.221374045801525,0.1848959850824544,20.938931297709924,2874299.2671755725,5056.900614624985,0.3593613425791038,0.0794482094293414,4.430657238823071,6.18331687361645,0.0512242275850632,0.002303411058111,19.12988918124122,0.0184955113652734
87,0,Female,White,L,Tonsil,2,2c,IV,II,Never,Y,Y,52,0.0,66,2.2,1434.375,0.7351583073282975,0.7473151851794921,0.6535500712676806,16.976699684351132,17.26267650163207,0.5832870748465733,63.20000000000002,117.0,1.8922774634981991,83.0542443167836,157.0,89.52167928423951,91.0,-389.0,93.34752169873204,-5.126047915819995,221.1637144294944,-10.643229854504002,0.3562893491754525,0.9978391369487578,-0.096675038423662,0.4761640487820961,0.5060457735530871,0.2380109469772098,3.6197531492611694,1473.3216307944256,0.0100542768415612,0.003609267102354,3.4809763886016727,11300.375,27.68920346949637,14.464285714285714,0.2582908163265306,0.0544536329657556,0.0418954013398798,0.0008026119200004,0.0093187122933057,1.5885826488463568,2,23776.041666666668,0.5989086846222154,0.2716159040371739,0.1883965560029821,18.09720342117521,96.05909898315096,75.61084578286372,33.37663853655727,0.2808085515570443,43.0,105.0,149558297.0,1.9951922565949816,2.6341203926211656,170.0,75.67260906040268,-39.0,209.0,-0.1684430122744827,31.1904085076605,23.5548730071478,-0.8870467859466801,0.7128272241107404,0.6311961897148456,0.99150636874746,-0.2009678569794338,0.4278605752682291,0.6586486341924196,0.2165075955475919,187.38439386808835,0.2440722297873605,0.0357855615123984,3.885521438972058,2.533467708998489,78.54418604651163,0.1826608977825851,30.74418604651163,10584814.53488372,10681.101497027836,0.3009734991887506,0.0347764612191867,4.99156160821286,6.369771942293919,0.0458997975879464,0.001201448098725,38.82697916039454,0.0116149622093549
89,0,Male,White,L,Tonsil,2,2b,IV,II,Never,Y,N,49,0.0,66,2.2,4846.708333333333,0.7611319193354401,0.7169442980564148,0.6068447424589817,25.60353152844748,24.515301344262525,0.3754411696133061,74.0,120.0,1.7618902458458965,60.49288186579076,205.0,97.09993843628156,100.0,-362.0,100.30033904999532,-4.86941588092828,213.46026784900505,-12.076595749202172,0.4372211817258011,0.9983966267086988,-0.129132801264599,0.4357148596526093,0.5916042254634037,0.2835845156734595,5.695176050798888,2181.2369717000192,0.015386325872003,0.0031451574379133,3.740797910227442,64894.34615384616,170.13238559749652,40.47692307692308,0.3113609467455621,0.0452192860571085,0.0311530629455507,0.0003296367114741,0.002641882451427,1.2033033603781935,2,9749.75,0.5375010773997764,0.2162595615544231,0.1163976395523228,14.119804998045876,121.3066265978596,88.76936408468859,37.0,0.4211533815509081,-31.0,95.70000000000071,46135811.0,2.687982624540754,3.665509001051797,159.0,49.69482372121459,-102.0,261.0,-1.157371897340763,61.059092694465264,513.984879628731,-46.05509238335274,1.834490463391708,0.7149676810792879,0.9880107999051309,-0.1925567486771442,0.4458466357548902,0.7291741581340145,0.1700925939305579,224.0885028461176,0.0790066835238559,0.0310495304271349,4.1757108020450815,1.0972942909524197,47.24479166666666,0.1230333116319444,43.802083333333336,1832298.7161458333,393.134592217217,0.2623155381944444,0.0282164266326044,5.738428929366451,6.667199509251923,0.0517606697950537,0.0022792580894889,8.35937138362541,0.0349747433368838
90,0,Male,White,L,GPS,1,1,III,II,Never,N,Y,70,0.0,66,2.2,1730.0833333333333,0.7595258283205434,0.4551104789838566,0.4149035350218043,23.826851666632617,16.55294535724685,0.5303784910022415,64.0,107.0,1.6130887923672534,53.18643118050996,131.0,86.41738136077758,89.0,-235.0,88.65461599758173,-3.980218034980469,49.414326928319575,-3.6664428289428224,0.2605255664471234,0.9967094599270256,-0.0544013745834104,0.4686657182652546,0.4036040712056229,0.3525907605055757,4.172838539146416,820.8920118608337,0.0223568278066973,0.0062005699390634,3.3091162947792325,20860.01785714286,105.91112658930469,17.285714285714285,0.3086734693877551,0.0515629122056514,0.0382429838483316,0.000813119254152,0.007640217813747,0.788333858968965,0,,,,,,,,,,,,,,,,,,,,,,,,,,,,,,,,,,,,,,,,,,,,,,,
91,0,Male,White,R,BOT,2,3,IV,III,Never,Y,Y,68,0.0,70,2.121,11704.25,0.6074793644595037,0.7241139505649727,0.6381887120947781,35.33203153078545,35.22782990761707,0.3506211135382727,78.0,117.0,1.5524546637406071,64.1200446429714,156.0,96.71778723404256,97.0,-276.0,98.6299069917005,-4.404724728370304,102.28515611419692,-6.018170011660353,0.2990835395704997,0.997719013585312,-0.0529108135906804,0.4556599112297288,0.4374690510805234,0.2824830468471261,5.276900831800737,1416.6573120573032,0.0199863147707239,0.0039840118477108,3.460688335704838,154566.67613636365,575.6923189321252,134.3068181818182,0.3815534607438016,0.0475296622906292,0.0366777474141734,0.0002674271260908,0.0023986266357902,0.3540738303757033,5,224050.8333333333,0.4976412882671291,0.8418297505736493,0.4867366099706812,59.83179488111175,122.92437769313416,117.27744881263403,138.13037319865606,0.1599995879735049,45.0,119.0,1817228491.0,2.30650100902132,6.111113967629205,469.0,84.81179200035693,-218.0,687.0,-0.6366092484011056,167.6260325167103,103.21967700459344,-5.715186116368799,1.4562789507693166,0.5141091605488821,0.998163988363295,-0.1201138613383503,0.4730858895184031,0.5686538740209939,0.1897362798463897,675.2703279938324,0.0248438443149456,0.0062729424728789,3.937255557727267,1.4043726973411312,887.9946310783863,0.1362163876481648,163.76806258628625,242681627.1501764,8203.220314119988,0.3920019645455161,0.0054617607637952,5.403306472276041,6.525425699237625,0.0517722360613442,0.0002983037171736,48.07588724099398,0.0031161322034402
93,0,Male,White,L,BOT,2,2b,IV,III,Current,N,Y,62,30.0,70,2.121,2304.625,0.6906629655145987,0.65513847130633,0.3684463260567006,24.458049700650907,25.55386467836128,0.5300919379768814,-18.0,88.0,2.851196888716212,27.19001949280021,139.0,35.12774193548387,50.0,-596.0,79.45431093956904,-4.126094251185908,13503.821233617477,-430.96776714534593,0.5666633063064714,0.9936160724971416,-0.1967165073192824,0.4453284982665245,0.6971647867909848,0.1198165485328076,2.8450061942541875,1994.3666245965965,0.0057999686539899,0.003195918360963,4.178596778341684,5294.660256410257,7.4908284734930755,68.24358974358974,0.4374589086127547,0.0603180945774077,0.0754177890090137,0.0012466200279622,0.0171729110872296,5.285432565235567,1,23963.25,0.8290672205357055,0.8335146492123817,0.7618241673289181,28.697320389265176,37.66921767510047,43.86342439892262,38.897300677553446,0.2023232567662572,13.0,78.0,51500892.0,1.9591202130520096,2.3708966125713,182.0,38.815197467088815,-50.0,232.0,0.663344820507282,16.706875136962918,35.63495692111921,5.557154843844474,0.6332741802650426,0.7185288441355288,0.9938220174853468,-0.2559282016379218,0.4144349445566925,0.7461326705868166,0.3015929878780855,115.32977648611296,0.6919097998989853,0.0671383442526516,3.9543460362892073,3.619888333738916,38.90990990990991,0.1752698644590536,20.52252252252252,10301609.711711712,61674.96122936712,0.309065822579336,0.0914052681967182,4.700878491074259,6.103954736993477,0.0441180254049198,0.0017316377442682,74.69234604031074,0.0170445345117492
94,0,Male,White,R,Tonsil,1,2b,IV,II,Current,N,N,43,2.0,66,2.2,5387.958333333333,0.6199675615065863,0.5168159429991661,0.3743466031284435,37.634166334951296,28.442925306655784,0.4449457693560957,55.0,103.0,1.8252450112075576,71.44336689470055,237.0,78.29793510324484,80.0,-435.0,82.52402215742,-4.857274697653335,186.59313589644665,-9.947396438303238,0.4772943369830977,0.9987969269785312,-0.1759774101305784,0.4154061783983614,0.5943056660476517,0.2911745212666161,6.014405854267547,2830.8387955348426,0.0132437815582772,0.002560096696467,3.851601201266995,56771.09756097561,120.44327435680418,63.79268292682927,0.3889797739440809,0.0453983062277564,0.0354933267482959,0.0002963294894511,0.0022284902057135,1.4081315638811536,1,33446.541666666664,0.8149363540072561,0.6453114872183617,0.5919898179489302,29.422096073302345,49.70034142688672,55.94640292279746,41.10960958218893,0.1841803778396614,59.0,114.0,268328480.0,1.9636612356022367,5.687044667023226,164.0,86.38187083868272,-83.0,247.0,-0.7938584897553623,64.7195213075257,33.987883157998866,-2.0670581658463374,0.7340734190304047,0.5770029995333971,0.994097040472454,-0.165784073549443,0.4390751126592908,0.5852138834000806,0.2931582179781992,403.5659295144786,0.0998122708321814,0.017547109346386,4.030327890728765,2.350376684845364,80.75182481751825,0.147357344557515,49.73175182481752,41151663.44525547,9853.304681044923,0.3286669508231659,0.0221872628101648,5.248270936515522,6.247435240475351,0.0478234438421146,0.0006617529795291,28.13741150013816,0.0076148428911929
95,0,Male,White,L,BOT,4,2b,IV,II-III,Current,N,Y,54,37.0,70,2.121,4846.25,0.6429160263672169,0.7457355454311687,0.5885198486077429,27.1543702734161,25.96150997149434,0.4444892561370098,58.0,103.0,1.7080349862898456,89.17200721966645,183.0,80.30357142857143,84.0,-444.0,84.76304385915654,-6.609499576482291,407.5588977675632,-20.63634719564869,0.3505218199781405,0.9982155888583774,-0.0858468822084034,0.4371390811857153,0.5247042833133893,0.3738431494604383,5.133344721576173,2458.59644961951,0.0111981434560896,0.0025991755355455,3.592757355791796,56791.388535031845,118.53381923726548,62.65605095541401,0.3990831271045478,0.0447389122117336,0.0394998928070566,0.0003459998396851,0.0033131692211455,1.5204499469915738,2,3598.2916666666665,0.7255078365129246,0.5697858130195022,0.493579773143793,13.288093556566809,26.921876218569498,27.202941017470888,18.601075237738275,0.4349872849551199,26.0,92.0,17142899.0,2.083769469295727,3.769617092783023,132.0,63.78780353200883,-71.0,203.0,-0.7397193038669229,38.03077296976631,33.44976764505215,-3.629674771870033,1.02739884098961,0.5113386294538848,0.9878796012188809,-0.120492966529374,0.4791715231377529,0.5414837489340452,0.1866639836565434,145.5284993916314,0.1061293894601141,0.0333728280930878,3.6468439528239256,1.0948620927739012,24.29310344827586,0.209423305588585,31.974137931034484,1223297.7672413792,773.1146436417799,0.3101961950059453,0.0339010328596429,4.580993335470075,6.122713793356375,0.0557890065737857,0.0019955215221307,6.230410689429505,0.0167748598320687
97,0,Male,White,L,BOT,4,2c,IV,II,Former,Y,Y,59,,70,2.121,46149.29166666666,0.6607772015539524,0.7007824742719441,0.6646889758380181,53.99769913424935,49.04079934095692,0.2040362788019587,49.0,85.0,1.4699432209059362,41.39837637575336,283.0,67.30568715252991,68.0,-437.0,69.20933704289767,-2.195784733241118,20.173425593733807,-1.408540788530774,0.3955074813196218,0.9993869019514812,-0.0951639208991038,0.4150978933870859,0.4722172101759041,0.3706370708644916,8.190770098070926,3687.3440881523775,0.0182913358642054,0.0022882033444445,3.722828999643655,1095335.8398533007,2434.888789481779,312.1442542787286,0.3815944428835313,0.0455595256285338,0.0236705101021761,7.854102968369416e-05,0.0009768255409862,0.140500900887874,3,19710.166666666668,0.5871524207137921,0.2733173248745147,0.2097709657359637,31.00492378632872,147.80369474655637,47.265209192385896,105.3612832116238,0.3049087141962267,11.0,79.0,58754867.0,2.250342889879564,4.442222067442552,112.0,45.55986253600849,-107.0,219.0,-0.9433535537181972,56.024372160123306,65.32945095934393,-5.297586860442904,1.0523646020817492,0.6016252640764392,0.9900135423099572,-0.1788369523165361,0.4448623212714766,0.6301966144752283,0.1812961488329568,272.8783547494815,0.0981567051945562,0.0231194481093411,4.011791699603042,1.7744589575676228,90.09352517985612,0.1620387143522592,34.37410071942446,4175686.25,1375.3007897485866,0.2977071580145955,0.0328195361792913,5.330373085916442,6.521194719451641,0.0461773832080852,0.0015715856446003,21.82496211497189,0.0176890645610949
98,0,Male,White,L,BOT,1,1,III,II,Former,N,Y,58,25.0,66,2.2,2750.6666666666665,0.7664854970200661,0.7046431681897765,0.5640037512028306,21.672988193228942,18.43908891458577,0.4502988741741038,69.0,124.0,1.934227866240624,106.08085434975418,154.0,97.534127843987,103.0,-557.0,103.08764113678352,-7.252735130172024,1931.0916898158785,-66.72138807312791,0.5162053892469227,0.998456610363616,-0.1723955829098766,0.4006550955928718,0.648896521178964,0.3366396999554025,5.910748600023334,4523.616152906402,0.0084609994558306,0.0020697781604649,3.928641483269348,26787.860215053763,34.945567173902695,40.54838709677419,0.4360041623309053,0.0427308691999763,0.0389195624798175,0.0004373121228546,0.0047746548897223,3.8371681984929897,1,2222.625,0.7480402236149355,0.446150108890522,0.3560827208595193,9.920422686695078,27.85988228451235,29.068883707497267,15.297058540778355,0.4953784479286055,46.0,118.0,19035166.0,2.162607392763133,5.85643888948475,142.0,87.08645276292336,-90.0,232.0,-1.3885464614239411,67.5774153145936,71.7328008682676,-8.050131381969996,1.3107948969630523,0.4599775992211976,0.9877537604788564,-0.1150072669804822,0.4232337208840807,0.5223088663979218,0.2438534288340131,298.86216878817044,0.0672424552124499,0.0207594357781038,3.796463734545508,1.4567099462468045,18.345454545454544,0.1667768595041322,40.44545454545455,847625.5545454546,164.4061596864335,0.272892561983471,0.0279285564446684,4.892297819578841,6.127966818457773,0.0446256366750232,0.0021215731843898,2.3125532107405933,0.0190027958988232
99,0,Male,White,L,Tonsil,2,0,II,II,Former,N,Y,56,40.0,66,2.2,17701.833333333332,0.5896151725518832,0.5008856027732255,0.3896118483117843,52.36956750617766,34.438350715445125,0.3147091654661468,43.0,94.0,1.9528625900186796,142.5335824788822,1041.0,68.77362847808945,72.0,-474.0,77.27472026931082,1.624040824238666,3524.3742195928844,48.23479761313222,0.4327480361226614,0.99948836207802,-0.1235826408435232,0.441251656602945,0.631954382273162,0.2246404814619359,5.184814118919254,2605.0821033394195,0.0106862241478699,0.0023578222866764,3.920164001006518,150749.21545319466,299.3132010885868,280.57206537890045,0.4168975711424969,0.0469559008475627,0.0425249627349114,0.0002604455580778,0.0015387524719483,2.134543186692372,0,,,,,,,,,,,,,,,,,,,,,,,,,,,,,,,,,,,,,,,,,,,,,,,
100,0,Male,White,L,BOT,2,2b,IV,III,Former,N,Y,65,2.0,72,1.8,8083.25,0.4941008404804106,0.4524861313735777,0.3756089324986451,47.20853146566668,28.231188426986208,0.4876855205701172,48.0,118.0,2.320655104775165,36.98277726288497,175.0,81.08010335917312,91.0,-621.0,97.5791003085684,-4.890457581080165,2479.200317740021,-109.73262121427356,0.3999648415955417,0.9967537497463718,-0.1461065894091525,0.4302057148841485,0.5712710153850833,0.2245088549734298,4.253035656362955,3600.559390298579,0.0053606933986905,0.0015449055720019,4.084877151853385,35215.77346938776,41.030015556225294,266.40408163265306,0.5436817992503123,0.04692715822427,0.0673017079584279,0.000284813696054,0.0081590002571591,1.9505223527536704,2,8394.541666666666,0.7129826866848133,0.4703723907799113,0.4296109044851892,17.6847086996315,41.164478170830925,45.5411901469428,26.248809496813376,0.3337383727656617,66.0,108.0,69684489.0,1.7068029296151266,7.837945240482266,161.0,88.64504269449715,-41.0,202.0,-1.5324347625074066,37.98194431909784,23.79555873312651,-2.7625155556835423,0.5898139731893556,0.5248791930025744,0.9929752847255074,-0.1509038919867118,0.3914055754307046,0.5836888592122584,0.3789107612378891,285.51230279431184,0.2107747815857922,0.0344875546511378,3.93357224671146,3.1058631674463104,23.79699248120301,0.1789247554977669,22.398496240601503,7056815.240601504,5210.180458885308,0.2474419130533099,0.065977198582047,4.976879608450644,5.994456391370939,0.0426015558332043,0.0017385789055898,12.382373076842786,0.0081838679530705
101,0,Male,White,R,BOT,2,2b,IV,III,Never,N,Y,71,0.0,70,2.0,13082.958333333334,0.7236119285197908,0.7863786326863058,0.7461916071795011,32.17118345907507,32.38826948140329,0.2836240718046613,72.0,111.0,1.543469154012399,48.492710044995626,207.0,91.63837891368934,93.0,-303.0,93.46662005917028,-3.312264155799187,27.98818473904485,-2.1712815102191447,0.3929590522189768,0.9986926907929172,-0.1008792741448543,0.4181478979573576,0.464775515086496,0.3495860560637999,6.958264853315409,2063.414979409325,0.0237825456435291,0.0036374875064788,3.7089268868992513,244434.2007042253,826.1158824751445,120.65492957746478,0.4248413013291013,0.0452899358024018,0.0282628290211012,0.0002068642351221,0.0017345626911072,0.3457839954441943,1,19344.166666666668,0.7194165105088874,0.542885239813626,0.3625342694719773,19.26299559766805,53.13427507342728,52.61178575186362,34.20526275297414,0.2504111804100697,60.0,107.0,144402439.0,1.722807303766296,5.349192240321179,149.0,83.95898890895022,-56.0,205.0,-0.8806663010886837,48.05648419264571,19.93492101528366,-2.099330054826982,0.5965289776482057,0.5491339164955286,0.9928856645702951,-0.1634486486999164,0.3826945216062327,0.5857716008052305,0.404396590629751,418.2564892074411,0.184589252454404,0.0235728583202352,3.990450536684597,3.874310758918493,65.48108108108109,0.1769758948137326,39.45135135135135,18808886.4972973,7914.348077952101,0.3697735573411249,0.0285760808018549,4.761851358786133,6.078965766863448,0.0410895468996374,0.0009124542972271,22.98562893405444,0.0074682201435626
102,0,Male,White,L,Tonsil,1,0,I,II,Current,N,N,55,,66,2.2,3194.333333333333,0.7465343889179135,0.7821430200058592,0.5553244551463227,22.500879020985973,26.0768096208106,0.4398530034620847,54.0,107.5,1.948391225360184,7.760320389756537,154.0,81.60199004975124,84.0,-79.0,85.23348091364517,-1.3544364207084292,48.55378783869651,-4.428394354789344,0.4778991343560155,0.9927911703180858,-0.1300235176127313,0.4134762034459279,0.5389131720090113,0.3607054778601614,5.57702991847474,352.51568957630724,0.093386156369269,0.0201502240560079,3.845943141308057,39798.45977011494,634.5269189589371,17.022988505747126,0.1956665345488175,0.0427244220440088,0.0317006100383954,0.001415607858861,0.0087306438804964,0.2178088417659846,0,,,,,,,,,,,,,,,,,,,,,,,,,,,,,,,,,,,,,,,,,,,,,,,
103,0,Male,White,R,BOT,4,2b,IV,II,Former,Y,Y,64,25.0,70,2.121,32028.541666666668,0.6033891690147482,0.721086059130692,0.591966490037303,49.582764100076176,48.76474136094644,0.2523718391954313,40.0,85.0,1.7252852514990484,41.85331032476021,196.0,62.02859545836838,63.0,-453.0,65.50754927434203,-2.674513560512106,42.2324138085766,-1.9222729669711605,0.4479660409333003,0.9990109766069916,-0.1258226498093003,0.4188203373025772,0.5115347936981379,0.3699580105328407,7.099564738575702,3439.241927908361,0.0147742694412482,0.0021543675542844,3.896221558708042,533865.8758716875,1102.3855296559027,264.3723849372385,0.3687202021439867,0.0441444651922087,0.0282698597640295,9.93939449104858e-05,0.001593989100872,0.2586737509493926,2,10657.666666666666,0.6308469642587081,0.2365023922897221,0.1726153247982969,17.161390998791664,99.41985752913276,76.53103945458993,23.345235059857504,0.3483421777910661,13.0,75.0,28895274.0,2.1024877164144944,6.153189225135973,109.0,44.06349206349206,-126.0,235.0,-1.2669090968332608,70.6902250927422,63.4275445424532,-5.493396223636039,0.926390546776526,0.5688160495380055,0.9926413239326138,-0.1609431872231832,0.4384335095420448,0.5897758096374898,0.2309774951608946,368.2141321505536,0.0760410037247911,0.0174126949438569,3.974733301372735,1.876618678251916,48.33125,0.15103515625,46.434375,4031418.65,773.1852158998793,0.296328125,0.0236320241691635,5.232168110889319,6.340193028116199,0.0444768757176073,0.0011458658889127,9.485874277349136,0.0118547355005932
104,0,Male,White,L,Tonsil,1,2b,IV,III,Former,Y,Y,56,1.0,66,2.2,1943.7916666666667,0.7970148886646069,0.7477847089379983,0.5721399124568511,18.866761063824825,19.4164878389476,0.4861845102595987,70.0,108.0,1.5056332003656148,5.973296298530273,175.0,88.58163265306122,89.0,-14.0,90.05302859528753,-0.5171101196878107,7.349442937303676,-0.4189801524031062,0.4448383428544006,0.9939321045206136,-0.1279222202488263,0.3811441169473261,0.466892883700261,0.4293256784531652,6.820819287322488,178.1464083132056,0.2759201081408089,0.0443997004761664,3.640153183137165,34495.69565217391,1344.7435679505295,15.08695652173913,0.3279773156899811,0.0431106830487297,0.0279025498728867,0.0019934636393525,0.0065463427346866,0.154064890467665,1,9434.958333333334,0.8605592204327455,0.7147396814608328,0.6898267233353144,20.63475768800462,29.91295783415797,34.132096331752024,27.85677655436824,0.2659439000902583,15.0,77.0,19143680.0,1.9814236238570917,2.9825615318915912,124.0,37.53038148578675,-63.0,187.0,0.7459997883368912,25.119627555535622,35.75761771270191,5.615478575521507,0.755071826272681,0.658902913830402,0.9888230638001192,-0.2200904676587291,0.4001524801572233,0.7063445819563701,0.3016182227908585,166.912914972668,0.3886530242313743,0.0435370541168751,3.9653996539215113,3.4584908203198736,25.822085889570552,0.1584177048439911,23.822085889570552,3360575.472392638,7809.080220384166,0.3146147766193684,0.0646484708311862,4.865535383926563,6.293653049831413,0.0404402117027949,0.0018633860119363,24.3637093945844,0.0186666957336868
105,0,Male,White,L,BOT,2,2c,IV,III,Current,Y,Y,59,15.0,70,2.121,7177.041666666667,0.5509332570736785,0.7560661663535595,0.6058573399573933,29.789422917484536,28.792360097775937,0.4550613797744753,61.0,102.0,1.7087198270987347,82.33180037331526,143.0,78.96596568898727,85.0,-573.0,88.64277157136898,-7.534521061687421,1657.7814343664852,-67.96726473268643,0.3597478894777807,0.9977504303624912,-0.0837335749271956,0.4010044707994677,0.5193868270291255,0.4460551058466517,6.194641936097627,4485.036219786325,0.0090035096548178,0.0018632555848831,3.7670450614698914,54604.87244897959,75.0826642469676,172.7091836734694,0.4405846522282382,0.0415735522773301,0.0579969164696609,0.0003267642987219,0.0041818695390379,2.572931862668391,8,21365.25,0.3624412436131534,0.4907155962827994,0.1453714546020479,25.528955862751943,175.61188978012947,80.32434251209281,116.91449867317569,0.4808509956191969,23.0,88.0,92472390.0,2.107941221710304,5.680860371916674,141.0,58.933574040642505,-99.0,240.0,-1.3742364819533386,49.82695070701672,58.58774983791143,-6.742367593600516,1.0578587085870856,0.5118660596633562,0.9899592982149176,-0.1239687457551262,0.4371626806688713,0.5218796815474461,0.216080406172128,232.36693637219523,0.0974619515433788,0.0289551718053305,3.840113843755644,1.6003145529106022,161.43794147325934,0.1629040781768509,31.25630676084763,3013349.085771948,1213.278151324092,0.3051265628802512,0.0431916759405406,5.310745577435453,6.266209174927277,0.0442965615718262,0.0029674964110894,26.92879046949778,0.0164813209075466
106,0,Male,White,L,Soft_palate,3,2b,IV,III,Former,N,Y,62,40.0,70,2.121,21169.5,0.6012905013573238,0.8410289177879763,0.5349068332097188,42.88103409498798,44.64302857109943,0.2907342839578906,38.0,138.0,2.879602431577758,44.51381732089665,397.0,83.22940622054665,88.0,-902.0,113.48815680154917,-4.537882000681093,34616.43306100934,-646.722970985737,0.6266605280232836,0.9978263171764834,-0.1596047504685174,0.4099299339411207,0.6820874396854648,0.2269269559405528,3.6010007961158483,6064.11316083843,0.0023542367133977,0.0008075936761413,4.502375507675785,62122.59944751381,36.86956614587079,513.4129834254144,0.3545669775037392,0.0496896522317696,0.0744542496846474,0.0001748144492766,0.0061328361537652,2.474649433302612,1,9612.041666666666,0.7003883304482605,0.440876690522565,0.3530401709871544,16.262967470213553,46.065487178809725,40.45985664828782,30.80584360149873,0.3247431568127748,60.0,101.0,68990014.0,1.544982889744884,6.319266528722953,129.0,82.39249818671641,-31.0,160.0,-1.5120843611744077,34.440237750838655,24.84727341749048,-4.165545294638653,0.5241158498914026,0.5736575000177193,0.9921255681011436,-0.1658023810221051,0.3518865064287929,0.6656592130404736,0.497284278734643,345.04082127354945,0.2927584422232809,0.0350928342341546,3.913874570767958,4.618945871546166,50.36363636363637,0.2543617998163452,26.38888888888889,7549713.414141414,5954.213137354269,0.3330272421181512,0.036945919859453,4.372638999372324,5.789327983650609,0.0403117285653516,0.0013086653238797,15.075765821434471,0.007955654187594
107,0,Male,White,R,Other,2,2a,IV,III,Former,N,Y,52,20.0,70,2.121,11492.333333333334,0.5945419525404925,0.4934231473900682,0.3959225039295057,45.54859889496071,28.16025568065745,0.3604393640035617,70.0,107.0,1.5021166821022685,42.55892130670884,310.0,87.91598094413166,88.0,-337.0,89.63921719548684,-1.65576391151376,20.988753282995983,-0.6354380047780446,0.3556728654339636,0.9991827595779708,-0.0888985225455289,0.3801593648572678,0.4743419891900733,0.4628359970847014,8.454637469927471,2756.195518427005,0.0261899707018185,0.003291215901231,3.735436797812549,187478.58766233767,574.8601744194772,125.28571428571428,0.4067717996289425,0.0399175163523981,0.0333149588671861,0.0001973611740858,0.0017816447301704,0.2973096015258552,1,20400.916666666668,0.789482217978716,0.772813483139948,0.632205443527186,24.60780279364787,38.9237439278545,42.20189569201838,36.24913792078372,0.2241774258349453,35.0,98.0,97134263.0,2.017818324468994,2.88836248660564,232.0,64.20355151159377,-71.0,303.0,0.2824440322235962,37.35928753788772,29.49696207039763,2.534683796959766,0.6241995056690247,0.6971332915700548,0.9963642228704872,-0.2459696605210108,0.402787302220244,0.7116066275281108,0.2525518331244243,275.83979666324035,0.2607986109262071,0.0287734563262049,4.072474114754693,3.6638487866997727,58.56342182890855,0.1727534567224441,34.29793510324484,11255562.097345132,9537.378162725694,0.3792257289790378,0.0430440874968599,4.810629246825418,6.274494233326248,0.0430240486730392,0.0011075813498395,22.18108527274824,0.0078485183139872
108,0,Male,White,L,Tonsil,3,2b,IV,II,Current,Y,Y,62,8.0,70,2.121,8722.75,0.7193225596975135,0.9313226044133788,0.5972446619303681,29.076802142993387,32.55764119219941,0.3265948270312685,53.0,95.0,1.604514104383477,9.128754962850074,152.0,74.63138060979787,76.0,-133.0,76.71263572628101,-0.96002398594294,13.974949775747705,-1.299561794359924,0.4598667790836698,0.996595125801593,-0.1155014300035996,0.4320052097001544,0.5245925024489734,0.298579839856453,6.196642555416617,570.4467922406191,0.0688440896192648,0.0117736722147743,3.675580866549457,172701.60588235295,1894.3814454124167,73.02352941176471,0.4295501730103806,0.0470146794846541,0.0270999739956721,0.0004948674506942,0.0036338638674431,0.1263192059131825,3,4463.791666666667,0.5924741432356331,0.4249597171143002,0.303987413444912,13.48027669974718,44.34485147586562,43.41658669218482,20.615528128088304,0.4957317677797351,42.0,85.0,21040914.0,1.664755347510679,8.567725034224098,114.0,65.20701910262106,-72.0,186.0,-1.8402669384767636,38.87687302737722,19.40786016147813,-2.6645492952229577,0.7160569231759998,0.401598850448595,0.9894331961520832,-0.0917613752716157,0.4040978704307483,0.4356475739811606,0.3410717450295423,222.2912053323801,0.1546319795719856,0.0341507654960888,3.660015843966411,2.09118967033028,34.467455621301774,0.2039494415461643,23.2603550295858,1338217.3431952663,862.229770902937,0.3435103812891705,0.0558933600957078,4.49956895109856,5.908379974365468,0.0422166879382893,0.0030091092692504,8.787069471280176,0.0122891364148146
109,0,Male,White,R,Tonsil,3,2b,IV,II,Never,Y,Y,75,0.0,70,2.121,12772.583333333334,0.610735084715442,0.7455633577558539,0.7203710750222059,35.16715742737768,43.41658669218482,0.3387440482441501,44.0,90.0,1.7787987396394052,97.1040666309901,146.0,67.14621206210502,70.0,-584.0,71.55564891596154,-5.456348034689876,160.05261946740197,-8.09751688119028,0.4018271232393509,0.9989619891619128,-0.0963675339033132,0.4440639712627692,0.529200347798276,0.277611165078661,5.294963070143526,3943.2397544111686,0.0073117311854311,0.0015472299533315,3.7376235042280217,132715.00229357797,177.84163039632392,166.69266055045873,0.3823226159414191,0.0465997030147327,0.0387984595224385,0.000157477755852,0.0027476988041834,0.7660307804301448,2,14313.0,0.731504292961781,0.5811558403940434,0.5117991930068144,21.434661543151527,41.88099910283785,41.48493702538308,32.28002478313795,0.2722849819358812,27.0,77.0,44022961.0,1.866927551771532,5.921863314726891,122.0,50.86465955815736,-79.0,201.0,-0.9336447308516432,43.660788844653446,25.09778276111216,-1.576154310875294,0.6746168521673238,0.558477978761073,0.9920413761774108,-0.1779050134671194,0.4017891431377359,0.5753786054906189,0.2433024164307611,313.875665117105,0.1821422179772837,0.0272689949174703,4.02037077384218,3.0222109202113807,52.79153094462541,0.1719593841844476,34.39413680781759,9493564.016286643,5119.948591050819,0.338921367865972,0.0389563399687169,4.900886096535537,6.303263687298839,0.0426122736934658,0.0013504529777582,21.001447800179392,0.0103570402832508
111,0,Male,White,L,BOT,4,2c,IV,II,Never,Y,Y,58,0.0,70,2.121,22105.33333333333,0.5467220336871655,0.8717846213491689,0.6858513150149185,38.97940999010527,47.53945729601885,0.3151750701459094,45.5,109.0,2.3843186264415084,37.93526303606692,672.0,61.29888167388168,85.0,-976.0,151.56092330817324,-5.674123015721256,524913.0989696721,-7331.856365239784,0.8472309040238908,0.997978906757769,-0.2197966442347671,0.4286482551250532,0.8711103509578397,0.2788812106558082,4.723092446457271,8997.947287717512,0.0080515134005967,0.0023391663708951,4.354189088075656,117046.6006655574,62.15618799086279,542.1364392678869,0.4510286516371771,0.0454201720097282,0.0581911701164703,0.0002027771255142,0.0110344663367078,3.81816398648171,7,5761.125,0.4182379905233678,0.2970998025161615,0.1628932619027099,36.96167610119089,226.90733594165928,98.85848471426212,101.07917688624102,0.6449977689970955,-11.0,103.0,31135142.0,2.767849452028805,4.067076774297862,155.0,55.89099607039125,-160.0,315.0,-1.138241512105344,101.7585540933212,391.0466505714494,-33.65209728745929,2.1431467711946373,0.6364227673037905,0.9896388536914332,-0.1545152257495159,0.4610724716641717,0.6534113899391544,0.1669410266005321,288.0341448078288,0.0310127817868647,0.0143269641011872,4.041042193899447,0.7291541580544479,52.92292089249493,0.107348723919868,66.52738336713996,430901.9492900609,34.50987964314324,0.2841114343198285,0.0187612292456233,5.7671307559783855,6.60228165081231,0.0581271448337214,0.0022173666884252,3.405962423511286,0.0302042350431646
113,0,Male,Hispanic,L,BOT,2,2c,IV,III,Former,Y,Y,66,8.0,66,2.2,3305.4166666666665,0.5919524242226117,0.7215794384994132,0.4211242568088094,27.369703583856747,28.635642126552707,0.5484309009600068,53.0,114.0,2.179462487294024,33.24860987063676,161.0,82.84343131373726,90.0,-443.0,92.61315975890194,-4.29017615998983,485.999068735066,-30.594587649445035,0.281914327476663,0.995980993392255,-0.0710354424696136,0.4591855721404284,0.4278921946892884,0.2543226940830224,3.350539252105456,1631.4590899287234,0.0074896950568707,0.0027061197597341,3.738020088001473,11547.992700729928,23.43940681946806,140.16788321167883,0.5115616175608716,0.0521057156295195,0.0862736292805208,0.0005922182485681,0.0112456421672645,1.4527593646339692,1,6902.125,0.8231115046203848,0.8050372681141508,0.7186849672489813,18.550227347688164,25.811347381726467,27.459060435491963,25.632011235952596,0.3085776821379696,57.0,124.0,67690808.0,2.15120542846464,7.3651055723128,160.0,93.67734487734488,-79.0,239.0,-1.780742458792144,71.23578535262307,98.87309762139694,-10.40219755181059,1.4213902895453736,0.437184323118631,0.98909487770447,-0.1002972839068045,0.426203261351722,0.4519780422705454,0.2400640783833866,350.667666040903,0.0728148598111638,0.0195072767413728,3.995379608583965,1.774336158439314,49.60567823343849,0.1564847893799321,38.92429022082019,3153051.933753943,574.6070509245858,0.2703280956124551,0.0310503505888012,5.270843114661408,6.26640853909255,0.0439688994667349,0.0020877787654822,6.356213824260242,0.0181175200508541
114,0,Male,White,R,BOT,1,2b,IV,III,Never,Y,N,55,0.0,70,2.333,5747.416666666667,0.6112817782258908,0.7695039662197419,0.6172477235619079,27.831925169973907,25.0,0.4416569952149398,41.0,84.0,1.7368225552464396,38.421615245984256,323.0,62.68126731301939,67.0,-355.0,67.50420500906456,-3.4997153852892264,182.61604002795377,-11.968795580970296,0.375045606048743,0.9985956816598176,-0.0926521592922372,0.4071530157747819,0.4898304058426126,0.3688831969371373,5.771795129262818,1895.6303625380167,0.0180333692342408,0.0035165994633351,3.7603815215795295,51707.6378600823,156.90460942225198,97.18930041152264,0.3999559687716981,0.0422632504546466,0.0453734736971453,0.0003540946468761,0.0031427769404422,0.7347528688692264,3,15035.875,0.6052109124368711,0.4291793050120115,0.3321766139215152,31.61439866477213,95.17346297064068,56.08029957123981,93.34345183246651,0.3237435605965492,24.0,75.0,54628569.0,1.767927207650288,10.215226300243236,226.0,53.44823249040117,-112.0,338.0,-2.292371867729053,60.8265391584272,111.94041547727116,-12.541501117003511,0.7889057572602455,0.586955825049021,0.996589359498418,-0.1544177375606191,0.3453607501806549,0.6276429433370561,0.4922417548042893,604.7620509429722,0.1651074561878227,0.0245058238998021,4.152093235837977,4.869089756182468,63.4841628959276,0.1436293278188407,41.68552036199095,10849940.61764706,2680.2053926084136,0.2432280256342007,0.0243022837921353,5.561163076564907,5.841029236253672,0.0402646839600798,0.001364837512398,8.94137464596376,0.0056627604621291
115,0,Male,White,L,BOT,1,1,III,II,Never,N,N,69,0.0,66,2.2,2199.5416666666665,0.4516618240916403,0.8797183386023526,0.4784470031336496,24.171922929736297,25.29822128134704,0.823303590121874,15.5,111.0,2.7414859280481085,23.500852485766277,637.0,69.26190476190476,79.0,-391.0,89.90330984615528,-0.2305570094679502,2013.02974792292,-11.37676254221991,0.3687489840009739,0.9972833271361304,-0.1207474450715067,0.4456281130241458,0.5980123089370075,0.1807628546567433,2.5332599960726694,978.198251827934,0.0075146585362633,0.0035971806496552,3.982252348291413,3617.8828125,9.22461320320498,140.984375,0.55072021484375,0.0625770422088379,0.1215632311222408,0.0009605374207125,0.0135349205124735,2.911339143499529,1,6827.833333333333,0.7819567462477252,0.7273543624345153,0.6720516507350136,18.360257413474216,27.319711801010914,30.4138126514911,26.570660511172846,0.3259921106608736,36.0,97.0,32541286.0,2.0916261353908383,3.941617494328542,159.0,63.96734217816008,-54.0,213.0,0.0656141942443565,37.77135861486069,35.481322370578205,2.3892818624104697,0.7704523007035555,0.6188560311789145,0.9925692262113954,-0.1999818689582847,0.4162010125757427,0.6604612308379016,0.228788057530262,215.34956170240565,0.1789476773620006,0.031379790568912,4.05713248929054,2.2024389584270883,31.448275862068964,0.1807372175980975,27.936781609195403,2630862.114942529,2071.494254664563,0.276588717135685,0.0415280839263366,4.942017731456756,6.446049256063521,0.0438280452224924,0.0017514943441246,9.025039587412072,0.011297886234974
116,0,Male,White,L,GPS,1,2c,IV,III,Current,Y,Y,54,61.0,70,2.121,12523.083333333334,0.5997117515268694,0.6643317969876571,0.4969437910690595,40.226137490161406,36.23534186398688,0.3472464452610679,28.0,90.0,2.1008585004674782,36.05495439740395,141.0,62.14264120922832,69.0,-467.0,70.55211573162376,-3.96644191108287,601.6281543983864,-31.707478613095734,0.6473456193950119,0.998411511961759,-0.258315974493704,0.3782472100744389,0.7225057414323157,0.2478365900529,8.047212613795223,4013.525074658437,0.0165054642514925,0.0023962417409431,4.330789344332498,157509.38144329895,316.1553847610832,83.84536082474227,0.2881283877138909,0.0419368892990027,0.0266811776661377,0.0001710461758841,0.0031327826348273,1.0001511168323949,13,165775.58333333334,0.365358153709886,0.4013957462902308,0.3525468801153781,68.12410985468685,193.2341872728865,92.65527507918802,144.75496537252184,0.2409490022542717,-4.0,91.0,693524508.0,2.5145256470305988,4.148264317083448,514.0,52.24282760325298,-118.0,632.0,-0.9158132502360824,60.98485178274154,259.7291979010684,-22.69425715763721,0.68048355528045,0.8451997581295816,0.999000507722592,-0.3595576610278,0.385593814993129,0.8545828981481481,0.2056032192641102,576.4244949703691,0.1555165380033628,0.024996299157371,4.726792790695411,3.936876902123401,147.49399198931908,0.0984606088046188,57.86181575433912,114609013.1975968,28083.30486405703,0.1614025643448051,0.0217761116851037,6.943907764268893,6.912155883599461,0.0415991639410829,0.0005847761094275,41.55860261430418,0.0038203145517845
117,0,Female,White,R,BOT,4,2b,IV,,Current,Y,Y,72,15.0,70,2.121,18687.25,0.6961933587977579,0.7788522171007789,0.5924988552905797,39.49402051605555,35.510561809129406,0.261761507523005,64.0,125.0,2.2103538409039745,112.72648213909058,204.0,91.35002134927412,97.0,-900.0,104.43631430045146,-8.383537579917702,15653.244163569094,-340.2201161029981,0.5495144595961029,0.9983950859127982,-0.1304974887460918,0.4508887923360921,0.6329644049137988,0.2027129976715489,4.346534015810788,7078.197055447731,0.0029194695912246,0.0008471793209334,4.027606399735064,135685.1009957326,82.98401852689864,258.57894736842104,0.3678221157445534,0.0492683668935657,0.0432493205987271,8.080326000435423e-05,0.0027498320517154,3.3604851278592096,3,30307.08333333333,0.5929704026924671,0.9513834385984568,0.4897377150280048,23.39038401794345,47.761042901517015,64.25729530566937,57.0701322935211,0.261579111382209,40.0,117.0,214789334.0,2.332224062334089,3.791182718171872,420.0,78.17778509132796,-54.0,474.0,0.4392866237318812,45.06424141582681,87.57728060730552,5.012337398142037,0.8957253853489363,0.7189257584373256,0.9977858458821824,-0.2416780840029688,0.4341182900414962,0.7297327590479613,0.1430956332872205,233.81260769568365,0.1543348700529911,0.0243955547826263,4.124763317249149,2.1731995018122574,66.58834244080145,0.1212902412400755,50.53187613843352,14003582.888888888,6958.442510766102,0.300752154106987,0.0246721905154281,5.606761680050639,6.660854022980342,0.0471769474563571,0.0008505544105945,16.674959633698524,0.005475075026162
118,0,Male,Hispanic,L,Tonsil,3,2c,IV,II,Never,Y,Y,55,0.0,70,2.121,9985.333333333334,0.7071459119308942,0.7124730051304267,0.5758978505143373,33.46369494910494,37.73592452822641,0.3175807965977351,66.0,119.0,1.9952217788997864,46.73347596044064,211.0,90.68327011379516,91.0,-401.0,95.17080032120776,-3.6797709504597065,270.5407431537191,-9.484376340513672,0.4044367662952689,0.9981404880350156,-0.0970177520882137,0.484078296617267,0.6240629691605749,0.2728690876156088,4.102307109353225,1837.522092715432,0.0094250374742428,0.0024711078960914,3.6990594426545966,88837.42937853107,199.32916185867825,173.09604519774012,0.4889718790896613,0.0503667564883509,0.0465546101751409,0.0002414151622692,0.0031522315284501,0.7904654875283179,4,40596.708333333336,0.4550869179274703,0.3815707043430478,0.2404890655094525,32.489827140149075,135.098978705425,68.46897107449476,117.06835610018618,0.3091905173865715,45.0,108.0,285573568.0,2.1216376645798096,5.046400230653715,199.0,79.37437358750122,-71.0,270.0,-0.7872316408645467,45.92831988579977,53.16212266759747,-4.014372421797794,0.9233137361583156,0.5802214935917326,0.9926268621145486,-0.1530647894885662,0.4660399332997895,0.6014344058444385,0.2636066728162201,217.6875155282713,0.1109918697293537,0.027660031311066,3.925135636518142,1.6688622062463392,189.75625,0.1482470703125,38.8359375,10788532.53125,4992.415521477989,0.33107177734375,0.0374400660206729,5.3495024517885055,6.333939413086053,0.0479501076499655,0.0018583235050298,46.965815511239,0.011433936589325
119,0,Male,White,L,Tonsil,1,2b,IV,III,Former,N,Y,43,30.0,66,2.2,1540.0833333333333,0.7693240022837935,0.8672520497341337,0.7326624144549427,15.585120113696524,16.1245154965971,0.5443272819001257,63.5,99.0,1.549090185715125,109.1250106242492,149.0,80.0694087403599,83.0,-400.0,83.78010911788446,-7.023049532296093,183.33320315216525,-10.271810224238834,0.2091013662396892,0.9977923316918184,-0.0461385842974021,0.4087506214861438,0.4687821834599115,0.4516266603117812,5.247108207347054,2073.114229599417,0.0144864679337912,0.003788847371831,3.4509601892653867,13031.518072289156,32.90738104857073,35.86746987951807,0.4321381913194948,0.0424313214953641,0.0571988054816606,0.0008238802442077,0.006753489877132,1.716141868273494,1,7689.75,0.8100363313889197,0.6185329835807652,0.4845563631225178,16.108707248370326,33.24423838862542,36.40054944640259,23.600847442411894,0.30246529645678,62.0,109.0,63973176.0,1.7747293626303375,8.623185679435881,161.0,88.07697291693664,-46.0,207.0,-1.9736142772707792,38.00256498309125,44.238905692451375,-5.912038596897575,0.7676231457848464,0.5079192975184577,0.99100312381706,-0.1238874243791688,0.4040758030445208,0.5694467008424497,0.3182628932799418,267.4510127033222,0.1909271322702911,0.0409905454940159,3.8844411202534346,2.7878201158392315,40.0,0.1769911504424778,21.858407079646017,3695884.6592920353,2439.4608352801133,0.3233612655650403,0.0872248362053542,4.860899791079756,6.030351273786327,0.0411740887880524,0.0036205745640956,12.285121995955896,0.0118396649501096
120,0,Male,White,L,BOT,2,1,III,II,Former,N,N,73,20.0,66,2.2,6811.458333333333,0.5596161569594124,0.69738723654,0.5940243169218893,30.55136549278342,30.80584360149873,0.455876471657698,-7.0,105.0,2.9737102959070176,30.464335007610277,550.0,42.810968494749126,69.0,-1024.0,128.4177837679215,-4.799679126157099,77237.2698471103,-1564.516281261112,0.5357599930981121,0.996957667188534,-0.1843546261828972,0.4416126295080809,0.7134037384003674,0.1421323544466631,3.121017451650175,6050.034095055471,0.002203880373948,0.0011126682434924,4.501399307308661,11860.763948497854,6.009837658178635,358.2875536480687,0.5125716075079666,0.0524981142325743,0.1032911401733996,0.000386734181167,0.0182429906642217,6.632752766955746,1,15035.625,0.781444120036663,0.7038881136801254,0.6197318243655403,22.578846127738068,36.43325264254986,41.23105625617661,30.80584360149873,0.2507335030268124,13.0,65.0,24427073.0,1.965765669431451,5.88504062189182,152.0,32.505871425728124,-109.0,261.0,-0.1663480315813736,47.00642742752373,31.304184541300707,1.5388018385403217,0.8217847602883046,0.510539135768651,0.9944598874456136,-0.1515336907974596,0.4425058829088865,0.5993841799232019,0.2497450882995558,268.07024843933937,0.1331384446755417,0.0244386738951842,3.961164533545089,2.227674952060629,54.30532212885154,0.1521157482600883,37.07843137254902,8983282.719887955,4364.522409800165,0.2806848229487874,0.0321942448490922,5.288511382569131,6.210154750460863,0.0471613437087872,0.0012699103774695,16.066163179986578,0.0076280487920946
121,0,Male,White,R,BOT,2,2b,IV,,Never,N,Y,50,0.0,72,2.118,6175.041666666667,0.5812868412637736,0.7651299121041054,0.6445121647142348,27.05599573200771,31.240998703626616,0.4534683720907024,30.0,99.0,2.366156479317229,69.48818403971735,174.0,58.69457414265014,71.0,-974.0,102.600290027689,-7.463512195122863,38752.12157489061,-779.0643683662843,0.4605560897489062,0.9969643688159626,-0.0985860066108216,0.4925408942246351,0.6814003442259661,0.1655896055699582,2.801140975126744,4997.615508231454,0.0022991755148271,0.0012820641507763,3.753916293514125,21599.86590909091,11.993246497770794,203.28636363636363,0.4620144628099173,0.0603885197423583,0.0789671911434269,0.0005002227482051,0.011844840201274,7.157338854441404,0,,,,,,,,,,,,,,,,,,,,,,,,,,,,,,,,,,,,,,,,,,,,,,,
122,0,Male,White,L,Tonsil,2,1,III,III,Former,N,N,66,,66,2.2,7933.5,0.5513923333128162,0.8190225249302048,0.4242884695756528,34.12802796452142,38.63935817272331,0.4397458934591686,-42.0,478.0,5.029722720487116,5.449531004951494,1580.0,158.3732297280361,99.0,-1028.0,286.0965277855163,0.2018663114056422,398016.86202415975,2534.331219069164,0.779352433305591,0.9968389202592984,-0.2235264852242229,0.2998299361859889,0.8750478874741859,0.0285991484589204,1.530842659155805,3673.8366452354658,0.0010055525664169,0.0007462515820766,5.706667489820939,471.1690631808279,0.2396475460415318,998.7063180827888,0.4351661516700604,0.125336795150687,0.2626075065588389,0.000363931488959,0.0521598925192195,7.893111542192059,1,5905.75,0.7702919386512346,0.7756510450903291,0.6518264848814588,16.704330545912196,25.626958912155967,28.178005607210743,24.04163056034261,0.3473258325653595,31.0,97.0,35371069.0,1.941529147836448,7.7374406544135805,139.0,71.1990225817324,-113.0,252.0,-1.9824846476242783,73.42180720580154,105.2553490058044,-13.185267213333312,1.0215201409533687,0.5350487579032955,0.9919786550821578,-0.1191589263792754,0.3930857077130438,0.5605065917323567,0.4187162938349754,520.6432298332585,0.0933934472351156,0.0191178383049362,3.953423936913632,3.1505131596592686,32.54585152838428,0.1421216223946911,45.97816593886463,4325066.104803493,708.4247598318685,0.3142007208100532,0.0286043350630554,5.124846794557191,5.795230477507365,0.0416232302093049,0.0016832456034609,5.034511317592262,0.0136088897057205
123,0,Female,White,R,Tonsil,2,2b,IV,II,Former,N,Y,60,30.0,66,2.2,4814.75,0.7189506413681935,0.800348747712767,0.69816950949231,23.891769759002656,23.853720883753127,0.3983460072018688,80.0,127.0,1.8507822755445296,33.90200423494183,316.0,103.44382486575796,105.0,-270.0,106.75950981904596,-3.280108496072685,101.41848827866866,-6.491555410553437,0.2891627337171794,0.9977964572935382,-0.0644211516960817,0.4658574422753633,0.4161744322193697,0.306556713662336,4.288785869764485,1068.895920072106,0.0178187348526684,0.0046388511685862,3.615251279829953,42038.05128205128,168.78587196152043,76.86666666666666,0.3941880341880341,0.0485841650258025,0.046980850401468,0.0005013252171495,0.0032371183431035,0.7493217601111662,0,,,,,,,,,,,,,,,,,,,,,,,,,,,,,,,,,,,,,,,,,,,,,,,
124,0,Male,White,L,Tonsil,2,1,III,III,Never,N,Y,54,0.0,66,2.2,3262.5,0.8049015104946283,0.778088329770739,0.6947126304604093,20.70257474963197,22.80350850198276,0.405095925764477,80.0,119.0,1.5247670249590413,91.31109073798676,154.0,98.20048750761732,99.0,-329.0,100.48066988893166,-6.070506834920518,84.27868213389368,-5.350755813244428,0.2939221112753561,0.9981387402813844,-0.0757620654907654,0.4378831041222644,0.5171715596718188,0.2636357680616533,5.425747757787646,1851.9190533786875,0.0165660075803862,0.0035588488349363,3.490406384026536,44940.51546391752,131.52941108044757,30.27835051546392,0.3121479434583909,0.0478645361603427,0.0326805073301362,0.0004294156428786,0.0034688852014612,1.1437676944087771,1,4081.4166666666665,0.781253356904019,0.5187635404547467,0.4594316884854081,13.394921720911356,29.15541538954335,32.64965543462902,21.18962010041709,0.3873366423333939,21.0,102.0,21502556.0,2.3172915242345997,2.1758503026135387,154.0,65.2493911349245,-47.0,201.0,-0.3519944411860288,27.617305064927525,59.014491297319566,-3.692800752917246,1.131931506051339,0.6526221491928597,0.98671866490247,-0.1840945511305692,0.4646194590793477,0.6704987231021401,0.1887598948364777,110.8101538762994,0.1771543099851978,0.0528817119930881,3.852207749205413,1.174453239298087,21.88888888888889,0.1621399176954732,20.933333333333334,768692.562962963,927.3681340294692,0.2852674897119341,0.0769104979677088,4.872671971288384,6.418464075815953,0.0533388345711513,0.0039798054544401,7.716084537261268,0.0244618204167744
125,0,Male,White,L,Tonsil,1,2b,IV,III,Current,N,N,60,58.0,66,2.2,1454.5833333333333,0.5173392820080093,0.4567503260567884,0.1314174269896343,33.604307709339615,35.73513677041127,0.8250161803985273,31.0,123.0,2.562780780558494,71.74993796326837,526.0,82.92991913746631,93.0,-822.0,101.76225530015331,-5.190515097171632,6803.13822630851,-166.61590592900745,0.4007005466060755,0.9985289291671028,-0.1188739626371688,0.4612614616379668,0.7608110431099253,0.1557789794538482,2.427107064858835,3342.8798561831445,0.0027157494855337,0.0016895304734269,3.772868641763307,3029.6666666666665,2.168359607887668,48.85333333333333,0.3256888888888889,0.0634812664830973,0.0982392869902684,0.0007705521467369,0.0164614959359605,7.20593070246989,3,12251.041666666666,0.5873572010404875,0.4042825079577846,0.3231728061883325,21.69364187339701,67.12706470963029,71.17583859709698,27.80287754891569,0.3571556196540413,46.0,121.0,112448227.0,2.2975373482026207,6.886513455396524,269.0,89.06006981086126,-100.0,369.0,-1.550758562548019,68.49740422951997,142.3693417417445,-13.791696842700093,1.562853920116594,0.4892627534809806,0.993340036064114,-0.1047264096982557,0.4587087946079577,0.5313635767343786,0.2153520583432297,275.920900994977,0.0646914068659304,0.0228675550139292,3.956064095651701,1.3070447790481052,95.32,0.1314758620689655,45.58758620689655,3129303.602758621,604.5821086895622,0.3130996432818074,0.0340707756240899,5.43264941417822,6.267312610262247,0.0479264516824282,0.00285488072393,9.148998411473428,0.01406821424786
128,0,Male,White,L,Tonsil,2,2b,IV,III,Current,N,Y,70,69.0,70,2.121,8871.583333333334,0.7114156799087005,0.7105405465596523,0.570638843680794,32.020633225139264,30.0,0.3283676105422031,52.0,83.0,1.3591923225526292,156.52435373976007,139.0,67.19678759968549,68.0,-477.0,69.89378263764529,-8.111239167354027,121.769499125006,-6.404697540262329,0.3330766351557704,0.999021047165102,-0.0972241033763952,0.3600940065324337,0.5102607605031995,0.4631459946533743,10.300373888258038,5524.814294645014,0.0195099114175171,0.002141553693544,3.7646682756037726,221362.25146198831,412.97799657570016,42.82456140350877,0.2504360315994665,0.0411634705239589,0.0221798136992302,0.0001646679610424,0.0017318774198639,0.9744243424810716,1,12030.875,0.7222646970449126,0.4968218303809946,0.4516358757791024,19.50277578100556,43.18252120109358,44.10215414239989,35.22782990761707,0.2922056877051565,29.0,92.0,59446089.0,2.064905995498357,5.275587305201799,276.0,65.01632145816073,-67.0,343.0,-0.9058826586994037,38.70780429740649,69.0684823236773,-7.492219384040238,0.5347561616454678,0.7604509707237143,0.9976663781753864,-0.3082972175029626,0.3534706436636293,0.7937463715966844,0.2620647230144831,404.0445303477773,0.2802646424896989,0.03570976790484,4.446535141086657,4.552363648288805,27.24581005586592,0.1522112293623794,32.90502793296089,9504746.33519553,5897.176112705461,0.2025841890078337,0.0416379622780477,5.396916876395491,6.564055769826464,0.0401676494955894,0.0012076358864731,8.696704877008404,0.0054301234620739
131,0,Male,White,L,BOT,2,2b,IV,II,Current,Y,N,61,40.0,66,2.2,7014.958333333333,0.7206807321332371,0.6977857640049044,0.5671954803776174,29.94039599552274,25.29822128134704,0.3505361788403384,73.0,117.0,1.7133909876622628,131.78845959504042,174.0,94.03094393186656,95.0,-520.0,97.0310947943533,-6.888889003304203,167.63844342608337,-7.878063110302676,0.3789931698975562,0.9988650206539086,-0.1020753688944683,0.444619439014476,0.5180332768697378,0.2903422453886347,5.470859723182012,3503.21045125144,0.0088491777247001,0.0018561206279036,3.684061311165352,85375.81428571428,133.19508697767418,74.54285714285714,0.3549659863945578,0.046975858833082,0.0345634521718576,0.0002092375259187,0.0031056585453178,1.1656187084639362,0,,,,,,,,,,,,,,,,,,,,,,,,,,,,,,,,,,,,,,,,,,,,,,,
132,1,Male,White,L,Other,2,2c,IV,II,Former,Y,N,65,40.0,70,2.121,7424.416666666667,0.546970149468987,0.6142533465898843,0.4910261345747331,35.32945409598665,26.90724809414742,0.4532102461867132,25.0,135.0,2.8340484448230123,26.21157956387382,186.0,82.77230769230769,102.0,-819.0,116.0972692173784,-4.142520712480668,12851.58395118635,-424.1780869824083,0.4525199793877124,0.995164735494214,-0.1075484873497497,0.4460120728353579,0.5918177217541656,0.1438569731161488,2.5988963615072374,3636.8978804562207,0.0021243012335019,0.001005561970203,4.151357436301717,13656.759842519685,9.525161253499505,342.9133858267717,0.4500175667018001,0.0613345622532186,0.1036017291511206,0.0002738567311375,0.0178311695493,2.9096306478369254,2,11999.416666666666,0.5312020879405096,0.2888108459522058,0.1274286567957489,17.497778169785775,137.31431068784138,47.51841748206689,88.68483523128404,0.3976530395441962,39.0,129.0,111580816.0,2.5135501252913084,4.05591803708041,186.0,88.66446116946489,-83.0,269.0,-0.9272428138616408,68.14191339127389,150.81357176433312,-12.553461417505371,1.4975602287764036,0.6298736248194122,0.9901547889933872,-0.1772946909090083,0.4385818291374577,0.6608897832535909,0.2019420827750361,288.2536476250334,0.069818769099747,0.0202603021066461,4.100485856974751,1.495454047012077,69.47985347985347,0.1272524789008305,46.26373626373626,2458986.128205128,467.4549555871727,0.3060352346066631,0.0288417619441166,5.470860291132921,6.7037724232863045,0.0464269040305896,0.0019624259320548,9.205350070889091,0.0203889270968974
133,0,Male,White,R,GPS,1,1,III,III,Former,N,N,52,15.0,66,2.2,682.1666666666666,0.5760319418672446,0.5980532195291645,0.1905640601082874,21.405708112717445,24.20743687382041,0.9536903612610904,21.700000000000003,92.30000000000008,2.171472051862144,59.71660249638299,139.0,62.29083094555874,70.0,-473.0,73.32923167308547,-5.150347023783769,321.8157798717957,-19.33084138095217,0.3789586512919219,0.9972847404158588,-0.1048805413788071,0.4448723459663661,0.5092093187766651,0.2145057682722373,2.785904427583529,1374.1535964300176,0.0077610980141167,0.0041794686135929,3.500661495481686,2164.0967741935483,4.34269307962329,15.580645161290322,0.2513007284079084,0.0598065697325966,0.0796287380962204,0.0016258414095251,0.0258893971951347,2.95428915855692,1,322.7916666666667,0.8261031246269079,0.8824054154414197,0.6008895319641336,5.784633038178324,9.62678284520956,10.04987562112089,10.770329614269007,0.853379923665091,-56.9,78.0,974478.0,2.9123683602731143,2.0713903647813394,92.0,15.837349397590362,-108.0,200.0,-0.4527623222235958,47.08573705567146,326.10638582110664,-24.861480787161685,3.994405306448837,0.4683529909447733,0.9573731559597276,-0.1166718193091831,0.4244343333634217,0.5109738385976937,0.1137336744343326,87.95086552533725,0.0780602563312146,0.0585556805638338,3.6347322517108536,0.3047446053420311,8.035714285714286,0.1434948979591837,23.839285714285715,11884.80357142857,3.967985728683008,0.2161989795918367,0.0783728000476875,4.775668537935855,5.652301567488783,0.1039519523878647,0.0171560536207443,0.8911868961257212,0.1314653365984806
135,0,Male,Hispanic,R,GPS,2,2c,IV,III,Former,Y,Y,58,19.0,66,2.0,1508.2083333333333,0.5527395799916627,0.8138459355925491,0.3844378680289257,20.783367823095613,24.08318915758459,0.7629155172303796,52.0,161.0,2.8871853746751195,40.96605781783873,327.0,104.82410423452768,123.0,-809.0,136.46425120403336,-5.254347015802894,33658.34295828527,-802.8748441612632,0.4746738248399558,0.9958806877791668,-0.1313880272318589,0.449542075883021,0.6158838272203319,0.1119688713551681,2.093732200136577,3054.1429900618573,0.0024344495048928,0.0016984751074362,3.9248534798112726,1699.1117021276596,1.1320406656332938,86.13829787234043,0.4581824354911725,0.0748268947150632,0.1270210396383122,0.0008609688600625,0.0276430032777364,10.687721307978313,16,31061.0,0.3198376281646223,0.5495435260583676,0.3495281881401962,57.24936039817877,163.79039614171543,88.56635930193812,139.2838827718412,0.4810048149708487,33.0,137.0,343551774.0,2.621557407582031,5.7578694185797445,220.0,94.79050145418518,-144.0,364.0,-1.5425152576416057,112.49010122358864,444.8933750794256,-38.17014604426584,1.8229344393861668,0.6444486399226821,0.9922856307684748,-0.158447771162679,0.449765192880121,0.6553502805292594,0.191649722054392,416.8906132372194,0.0359275093117344,0.0131086092230612,4.161499001488087,1.2177174311795975,214.27916251246265,0.1068191238845775,70.64955134596211,5090490.544865403,338.4751156379777,0.2945584979856045,0.0177223473757616,5.983107587674708,6.710522085030735,0.0488055799455698,0.0016674107104087,14.825824027871782,0.0208697644447874
136,0,Female,White,R,Tonsil,3,1,III,II,Never,N,Y,63,0.0,70,2.0,4267.5,0.5857591318846233,0.8582385220860812,0.6180275211675069,23.834480526680885,28.861739379323623,0.5089876131035285,74.0,138.0,2.2624429339212657,61.31176042834819,192.0,105.12802044609666,111.0,-560.0,112.94781277554988,-5.527362071776806,1679.1840857006614,-67.52390786134193,0.533927891104734,0.9980834333841382,-0.1449961844064257,0.4759185481807289,0.6237090391634912,0.182945693615039,3.472174135861732,2715.6309371106718,0.0048976912087239,0.0017552842037517,3.824234864185382,22375.85148514852,28.56268819212252,75.36633663366337,0.3731006764042741,0.0529081186688962,0.053817370110462,0.0003571447252582,0.0060499007930009,2.873335025223547,1,1439.4166666666667,0.6475536084052657,0.3529661891909642,0.2738445027931306,8.152089924112415,29.769047181753063,17.4928556845359,16.401219466856727,0.6614233984306808,9.0,129.0,13676740.0,2.695765454433742,3.608430794261126,176.0,84.26575342465753,-85.0,261.0,-1.1413403659045152,68.661638078494,406.84154940253535,-37.76966880592818,2.535738800263441,0.574381810219469,0.9837401030966624,-0.1409736113387973,0.4282688700289494,0.6138539875864262,0.223860138923096,204.6778972310675,0.055462181382185,0.0280437693675676,3.951505983844041,0.790291415661189,15.30188679245283,0.1443574225703097,37.71698113207548,293396.87735849054,49.14484829241195,0.2139551441794233,0.0405361363312732,5.197852833246186,6.152530559508317,0.061347344717583,0.0044061141726048,1.333335184083078,0.042737792835205
137,0,Male,White,L,BOT,2,2b,IV,II-III,Current,N,Y,66,17.0,70,2.121,11315.208333333334,0.5603371315228247,0.5334201796394019,0.4065519748919181,45.36074178696053,36.23534186398688,0.3844269893360576,37.0,124.0,2.6295851122738414,36.02403227935891,691.0,84.27141600703607,93.0,-658.0,103.49281221987611,-2.8034410884683645,4754.230653751239,-109.1441964371946,0.5365961546377206,0.9987983399214346,-0.1956170663136403,0.4436007017806219,0.6975680683182078,0.1863907748333647,4.17383708746552,4055.304232456781,0.0045736429188642,0.0013168130982599,4.41913484270826,39206.04985337243,39.87686029703581,322.8768328445748,0.4734264411210774,0.0463494406193217,0.0653249088957723,0.0002267757605128,0.0033449648273113,2.9877978612898826,3,20204.25,0.7226016698782881,0.5791349961178615,0.4926258979777867,24.342557825383487,49.41388166011753,69.58448102845921,32.449961479175904,0.2457183473820062,14.0,93.0,65286059.0,2.3560556320158343,3.036128035157853,171.0,46.70721476510067,-114.0,285.0,0.2883901550823047,55.19950309208405,87.71156137906179,6.598713308013855,1.055674041824774,0.685822604273223,0.9929146008138646,-0.2132043392292509,0.4480571959305224,0.7142645127975797,0.1659126932077824,262.9645808293136,0.1075401658817716,0.0205247431113886,4.10311209741055,1.9049628859131935,45.409326424870464,0.1176407420333431,50.05181347150259,10791913.025906736,4604.284818887346,0.3122768396467019,0.0299393909082478,5.522879425218615,6.622088622559792,0.0476793329628064,0.0009930931156138,18.25821522394556,0.0137278873227654
138,0,Male,White,L,Tonsil,3,2c,IV,III,Current,Y,Y,48,70.0,70,2.121,30934.75,0.5435723794825502,0.634797313148827,0.3999813185350891,60.98851322201063,47.75981574503821,0.2834074136624963,61.0,135.0,2.403625207983812,46.49682647498471,460.0,99.76115790492788,104.0,-673.0,106.19639547484712,-3.1534715724262123,1010.5920469060788,-30.89764378919329,0.5282653189833547,0.9991323110237084,-0.1350207480171617,0.4859457638757731,0.6123681905984357,0.1792639268454429,3.431825992680551,3428.5575846892343,0.0035436480934122,0.0011020007759928,3.948049829116027,182674.6233877902,181.2891772245416,480.451418744626,0.4131138596256457,0.0564027368093713,0.0479251253120753,9.481224072923577e-05,0.0029527162770029,0.6656859980271357,0,,,,,,,,,,,,,,,,,,,,,,,,,,,,,,,,,,,,,,,,,,,,,,,
139,0,Male,White,R,Tonsil,2,2a,IV,II-III,Never,N,N,47,0.0,70,2.121,18822.375,0.520835951873216,0.5867508437776621,0.4770652923465456,50.16711746389075,40.718546143004666,0.3490532578915182,17.0,100.0,2.62956963508533,78.23900463633868,603.0,56.94384757872453,63.0,-950.0,84.21050879165846,-6.471747933625734,17284.955370894648,-312.7759428812752,0.5596349570550614,0.9990363909807292,-0.1601065131963534,0.4511301573404726,0.7516918625424922,0.1774353941080199,3.6768843384929273,6184.640207670771,0.0025613375611944,0.0009108498005025,4.245910183803493,74963.64488935722,44.40036512199323,381.10115911485775,0.4015818325762463,0.0495678118676624,0.0590916374439754,9.968043359334148e-05,0.0030768571391486,3.1142954328774626,0,,,,,,,,,,,,,,,,,,,,,,,,,,,,,,,,,,,,,,,,,,,,,,,
140,0,Female,Asian,L,BOT,1,2a,IV,II-III,Never,N,N,47,0.0,66,2.2,5278.041666666667,0.5051374194985666,0.5555011914835443,0.5210382951462151,32.85902748788917,25.632011235952596,0.5498577007508377,25.0,109.0,2.5816044733394867,49.7829756694582,418.0,67.25830673925286,76.0,-752.0,84.82307363071348,-4.619676297382867,2200.330386549241,-79.31340113662318,0.5535491936364022,0.9988913863665544,-0.1880028579097289,0.4644594783655653,0.7285596264112423,0.1707633273232911,3.300219089573687,3914.64992537459,0.0031720189172982,0.0012388055621153,4.08688565766543,17951.727272727272,14.979011319784826,121.61952861952862,0.4094933623553152,0.0539500592188816,0.0622610706817441,0.0003052355527202,0.005582043451044,3.5609283628437547,2,1006.0416666666666,0.629455294814637,0.4825259216812645,0.3694700537457681,8.19970569725531,22.193153718751766,19.4164878389476,18.601075237738275,0.7667384526507232,-25.5,103.0,4814108.0,2.9171821640908604,2.9583821706563107,141.0,46.66666666666666,-120.0,261.0,-0.7276755362322406,62.32423938135475,416.66308482197206,-31.85983117691132,3.003619697861626,0.5801797842056737,0.97718470844655,-0.1328362425426261,0.4323419020634705,0.5981361971090141,0.1254824723301538,138.60000192982136,0.0593882964937809,0.038297350792843,3.8616521341027497,0.4404601602565213,13.822429906542055,0.129181587911608,36.98130841121496,55798.34579439253,11.79222616006459,0.2318979823565377,0.0461912026555764,5.165530330037995,6.178774635036839,0.0778986126785449,0.0073481458718521,1.2799373923609867,0.0660801441613266
141,0,Male,White,R,BOT,2,2a,IV,III,Former,N,Y,69,3.0,66,2.2,1335.9583333333333,0.7092914168281397,0.9069297702825156,0.4646102970382576,17.2323101288983,17.0,0.6190538785508657,35.0,98.0,2.290010792750604,23.38682499126148,166.0,62.257945306725794,71.0,-387.0,80.27245272611687,-3.860869139850581,2030.508184387779,-102.62997953233314,0.5242731141528907,0.9951272939003306,-0.1736256555257809,0.4230447661762819,0.6725195499839723,0.2474439994836144,3.881893536238501,1445.7921733715038,0.0122478707255045,0.0045552492672918,3.9640345558426406,5314.484536082474,14.16180317562728,30.11340206185567,0.3104474439366564,0.0482522482955125,0.0673253417256648,0.0012694604432409,0.0144654001980853,3.43723966385628,1,21415.166666666668,0.768430952863705,0.6891953885376138,0.6123115149999724,25.69675961962233,41.96680772796424,47.41307836451879,35.4682957019364,0.2266237672626994,16.0,70.0,41860920.0,1.8690406869767,3.1063152096888134,138.0,38.59201267533436,-60.0,198.0,0.7682637514423196,25.37687649676889,22.89689914715332,3.1006937681054034,0.4496369700475739,0.7271634518715296,0.9945662911410892,-0.2940489894763421,0.359244783534562,0.7455428143332843,0.2505858938437073,261.8394022701284,0.5319221160372811,0.040310348146328,4.195991713435305,5.009180738078289,29.46060606060606,0.1785491276400367,33.0,17171899.915151514,28887.60768178573,0.1886868686868686,0.0276590520549928,5.272147118339726,6.273106585277683,0.0430954805597056,0.0005984802476869,34.67464590216063,0.0081776227574354
142,0,Female,White,L,BOT,2,2b,IV,IV,Former,N,Y,63,3.0,66,2.2,8153.291666666667,0.6045912819089496,0.6092034257991367,0.4907159539402509,37.09868977447297,33.24154027718932,0.3974153014860898,85.30000000000007,137.0,1.9690482292147704,82.25489554120861,208.0,109.78569685135464,112.0,-614.0,114.06063373027273,-5.550298879478119,401.773504914256,-18.325501139951797,0.380692453509558,0.998765063834544,-0.0938062750969013,0.4458173386597704,0.4769019977636698,0.3222371833236892,4.618212774231635,4159.395655133644,0.005360206747886,0.0013489490776233,3.7959925148848033,67072.7927927928,74.42025183412241,134.24924924924926,0.4031508986463941,0.0457059759461327,0.046990390840787,0.0001881064988013,0.0038206654858479,1.3107680349762278,0,,,,,,,,,,,,,,,,,,,,,,,,,,,,,,,,,,,,,,,,,,,,,,,
143,0,Male,White,R,BOT,4,2c,IV,II,Current,N,Y,54,70.0,70,2.121,85526.33333333333,0.6357968202812395,0.8748074444073228,0.5812800522019738,64.5270048490718,62.03224967708329,0.1726364466426934,-145.0,85.0,3.0170687382095,12.881211299886704,651.0,-11.20450404148951,60.0,-1095.0,228.5474695229671,-3.248774928262052,1231647.0188107144,-17387.48796740855,0.91337686440947,0.9974739765208656,-0.2975564418006373,0.3217704875533072,0.9208615163590874,0.3230161277817234,9.19742410900152,19885.39516524495,0.0093712699880081,0.0033194592447195,5.519798939221557,227931.7907040704,105.39234793011838,3175.939218921892,0.4367353161333735,0.0380912123777399,0.0799244384420591,0.0003992488041708,0.0279547582828289,1.1654029108131851,5,69448.08333333333,0.4600276251860741,0.4903506135436523,0.1665821096609866,32.25802720269137,193.64640817876597,107.35455276791944,119.6202324023825,0.2557487132735686,32.0,75.0,247658535.0,1.6916899008528916,94.70103242139862,776.0,55.316878043175386,-97.0,873.0,3.6797769920581223,45.98698488893554,272.6159179395596,6.281661076130338,0.5429748760453251,0.6214285802261004,0.9995899790895612,-0.2353085674662179,0.3208462159117865,0.7059517854460943,0.45023225357861,657.7636483939048,0.3082956438791477,0.0254642113168065,4.383901571491886,6.973165398605399,107.32667450058754,0.1261183014107961,73.20916568742656,40171708.9800235,18296.36731082718,0.1877282688093499,0.0161284888626262,6.559132554683938,6.050125716381421,0.0417968506598447,0.0005014745421008,18.820614540046236,0.0006523981689056
144,0,Male,White,L,Tonsil,2,0,II,III,Former,N,Y,60,2.0,70,2.121,16170.25,0.7397015632681097,0.8215994486853933,0.7002259285677768,34.83054870255283,40.22437072223753,0.2585365861337835,69.0,115.0,1.7510700039168254,144.91804273291444,178.0,90.48676824378508,92.0,-603.0,94.38438759169748,-8.101371459889632,538.7126012828746,-18.998374441253773,0.2688482780997351,0.9988540565596784,-0.04096273917397,0.4880383900471776,0.4662320463257752,0.293720142251392,4.334542646581867,3682.338649041575,0.0052541125603477,0.0013232316599633,3.478781138624736,175606.89868667917,206.3591138602664,233.6003752345216,0.4382746252054814,0.0504293167564421,0.0422338429774134,0.0001376132700534,0.0021624288295938,0.9316166954242036,0,,,,,,,,,,,,,,,,,,,,,,,,,,,,,,,,,,,,,,,,,,,,,,,
146,0,Male,White,R,BOT,1,2c,IV,III,Former,N,Y,69,40.0,66,2.2,4295.75,0.533216059494473,0.6339721527454009,0.368504648238901,35.44214530493172,29.42787793912432,0.5579148276947199,-129.39999999999998,426.0,5.050463651733533,192.19600893997605,12356.0,42.1804788213628,26.0,-1977.0,451.0153125501352,7.910571447199854,63870585.37180301,102540.41813511286,0.5135837902652111,0.999294733575183,-0.285387000518315,0.2898465964501642,0.8829559479749345,0.0398846807290721,1.6486648689689742,11341.24762808516,0.0006022901179256,0.0004879985484503,5.801810407342561,188.8515815085158,0.0316297664301919,570.2360097323601,0.4624785155980211,0.1123098179067929,0.2583236638277643,0.0003149920619236,0.1711407379207613,97.1649980376013,1,21771.45833333333,0.7118050597485159,0.6487381234752642,0.5894889711271346,25.697395287043225,43.59266508058399,46.238512086787566,35.34119409414458,0.2433103294661898,-16.0,66.0,1821720970.0,2.605885004291689,441.8839881324418,8552.0,41.255877904578576,-1476.0,10028.0,19.33467839383721,3892.896508875841,34337979.310960345,93537.70908525058,227.3892728711148,0.1745258190958922,0.9989406897788966,-0.2285443221447445,0.4221597233778499,0.8058657794871652,0.1976205349930596,19157.36160735774,0.0013771546726144,0.0003509018416361,4.521954565813364,1.8831615807606927,53.01767955801105,0.0585830713348188,7194.061878453039,452050145.922652,30.68966416354652,0.4123915631390983,0.0013456416373933,6.737774401640521,6.894189913890664,0.0436976140931876,6.144406508095011e-05,0.195776859984664,0.0286370639014895
150,0,Female,White,R,Other,3,2b,IV,III,Former,N,Y,66,40.0,70,2.121,7810.041666666667,0.4746974672161402,0.7807501688798627,0.5642961633322481,31.88857345912237,35.805027579936315,0.5134712041112625,40.0,111.0,2.3618260027810414,101.91582616915204,245.0,74.39083969465649,80.0,-924.0,90.67084586611251,-7.801961555553207,6246.390811484286,-156.15974528220414,0.4794851304255479,0.99874315283885,-0.1583305731839712,0.4614525131376223,0.7065985385611623,0.184709421819717,3.679189669228952,6101.29899576641,0.0024560781492729,0.0008457282546152,3.978594966110413,33464.39408866995,20.044207167511647,148.35960591133005,0.365417748550074,0.0512253235695925,0.0560387042239901,0.0001803991956428,0.004371525320787,4.630622397280139,1,16905.916666666668,0.5357761352028445,0.4458113095812551,0.3917284414302883,21.42250833391868,54.68714054996952,52.392747589718944,31.575306807693888,0.3516855447972014,-62.0,130.0,199726715.0,3.317247452318601,9.19372984593341,873.0,59.251001413760605,-540.0,1413.0,-2.121181052852132,627.5656124975675,21133.87917929177,-763.3414626218097,3.049239505181929,0.8862916389246943,0.999069569571944,-0.2884270214231416,0.4461572651032637,0.9099139305999118,0.1260437833791721,1971.599729654404,0.005446088092741,0.0022465773933449,4.75220917697314,0.8643474035022827,47.694117647058825,0.0561107266435986,510.72470588235296,15796186.12235294,32.63649265880247,0.2866463667820069,0.0025219136515311,6.759132857572348,7.268793122139307,0.0562320795405788,0.00022538132182,0.7688048221728835,0.0119440426717303
152,0,Male,White,R,GPS,1,2b,IV,II,Current,Y,Y,51,96.0,66,2.2,4956.541666666667,0.7126430759850164,0.8193614618418441,0.7594952089333793,23.546040675762008,27.586228448267445,0.3980025006799604,46.0,98.0,1.8798532474308252,12.266251077004412,202.0,72.43650952858576,74.0,-200.0,75.89756069306492,-1.2938712432435109,28.33231933024068,-2.140938382355853,0.3207378779369406,0.9963443158712526,-0.0642016080734808,0.4883492947765226,0.3793836852143681,0.2141157062996977,3.8080286253904303,504.077503784452,0.0297063452083961,0.0083285694326288,3.517772173250373,36955.112676056335,280.8447975682556,75.57276995305165,0.3548017368687871,0.0524528449943612,0.0480888116597464,0.000667888492665,0.0048529567286997,0.2682816552343706,1,13482.291666666666,0.7640347219432815,0.6974546530908811,0.4716668886798179,18.285304504369822,38.76741179680827,41.10960958218893,32.57299494980466,0.2659396682701351,58.0,100.0,90540410.0,1.633242616316079,6.629268117758031,151.0,79.70471188697388,-48.0,199.0,-1.0756014403310954,33.37442135346412,11.58330944935268,-1.3588314334002534,0.7183515898064159,0.3297521683184526,0.9914281310315988,-0.0590835230449138,0.449131263286795,0.3761961164803051,0.3673769256820305,202.80665252057028,0.1831987702698015,0.0369714023431417,3.595126318229529,2.409129024672539,81.64117647058823,0.2401211072664359,26.38529411764706,7176178.85,6334.500480180035,0.4055709342560553,0.0650215295967575,4.395153590147881,5.665789957505416,0.0447425728836317,0.0023937929621221,23.71395141616128,0.0080208364648803
154,0,Male,White,L,Tonsil,1,2b,IV,II,Current,N,Y,39,,70,2.121,674.375,0.769362996006525,0.904077950298968,0.6693673709543047,12.045486353520598,13.601470508735444,0.7167796655208967,70.0,105.0,1.373156384874444,5.468733098483837,134.0,87.47007299270074,89.0,0.0,88.66433873606485,-0.6227503239201536,3.614372013914789,-0.368297574473778,0.1508310519687937,0.9818629972917492,-0.0367174940243754,0.4506525899320134,0.2173631435504975,0.4252811378141392,4.061981226170641,66.59496679014408,0.2677516326737895,0.0729475379629881,3.0166798018406737,7587.25,469.2539384920634,7.285714285714286,0.2602040816326531,0.0496073312376791,0.044782966348025,0.0065848663407343,0.0119890868384037,0.1425691068106656,1,18367.916666666668,0.8016897790923977,0.5760213377779736,0.5249921419894542,23.134415025534352,44.06621199674845,45.617978911828175,31.575306807693888,0.228625399641225,24.0,123.0,126728005.0,2.500177836423121,1.70271949459503,157.0,74.04329874504265,-7.0,164.0,-0.0598793478645563,21.49396388149256,128.17555037094525,-0.3350201656263748,1.0354483848962206,0.7838021233642144,0.9847587232683124,-0.2683658652904491,0.4573123416090636,0.7931161229685347,0.1218310754938162,104.16556174427282,0.3528403058957053,0.0767138035567032,4.154275154531467,1.5330883321860076,26.279503105590063,0.1632267273639134,25.453416149068325,8092607.055900621,23482.669187009687,0.3194706994328922,0.0598120960829437,4.822858931585645,6.67780446176589,0.0531253819071272,0.0016952232814279,48.05144000543025,0.0396430396393944
156,0,Male,White,R,BOT,3,1,III,II,Former,N,Y,67,50.0,70,2.121,2304.5416666666665,0.4890848721416481,0.7825376481216391,0.2865358323832395,27.55794964148223,34.17601498127012,0.7485802641682141,47.0,142.0,2.770268409775565,9.1186045057087,289.0,96.0793991416309,99.0,-226.0,106.2200263199756,-1.122433573879715,404.825534190074,-10.909233865993588,0.5142558752803132,0.9950278484486456,-0.1631791719321832,0.4725875783387815,0.6440018194179411,0.1226965963654534,2.6747493047386164,565.8955933453261,0.0142183204806105,0.0061895864625605,4.033965376469573,3729.161572052402,17.613169903728878,98.95633187772926,0.4321237199900841,0.0615469063714564,0.0996511868570341,0.0013952506472255,0.0108026443222446,1.3196694175606478,0,,,,,,,,,,,,,,,,,,,,,,,,,,,,,,,,,,,,,,,,,,,,,,,
158,0,Male,White,R,BOT,3,2c,IV,III,Former,Y,N,64,,70,2.121,28767.5,0.6518476349160314,0.840625526702821,0.5031982260043323,47.43288341791939,54.230987451824994,0.2421237118019796,58.0,108.0,1.843505536607401,72.83672842422277,157.0,84.27381447587355,89.0,-723.0,89.34428488150344,-5.573120842230325,469.1904613101426,-22.850513813252544,0.4930715868499228,0.9991526713386244,-0.1314520921479819,0.4419974373115536,0.6364966162203661,0.3440211668412395,5.888640702058295,6412.427870158199,0.0054909930970081,0.0010061343347336,3.8859201935876913,357293.1510791367,326.0778328530937,374.0503597122302,0.4485016303503959,0.0456686824918043,0.035783051824237,7.483845052117694e-05,0.0022937152885558,0.6291268377547552,1,3754.25,0.8258317307016795,0.7642835592351629,0.5602502499605372,13.031742801226835,23.260574720216123,25.079872407968907,21.18962010041709,0.3767773862478493,65.0,102.0,27928058.0,1.430426490951454,6.3119679925815175,128.0,84.46133474576271,-20.0,148.0,-1.229323091678916,24.58751023872075,7.4093953694538275,-1.024673345900016,0.5388978950764403,0.3680817662134816,0.9895269202573982,-0.0868271391237632,0.3704470039924541,0.3842464042417268,0.4966980157891267,199.8362334879261,0.337261089726927,0.0513184748606168,3.675262420592428,3.3284131600629534,24.8,0.248,18.48,1664613.93,2731.9022272675734,0.2974,0.0581317845351432,4.32486308782329,5.535511145599428,0.0421407338498276,0.0025138134755343,9.2383403078513,0.0086137999265672
159,0,Male,White,R,BOT,1,2b,IV,III,Former,N,N,58,30.0,66,2.2,5258.375,0.6340824627770539,0.6140790912337311,0.5341488607415583,30.01973451518972,25.96150997149434,0.4385857643355855,50.0,117.0,2.288546847750196,52.17122350540107,159.0,81.9007749007749,90.0,-790.0,95.17698203692902,-5.312349342951332,2618.9363806734686,-103.38434872606838,0.4228181692591495,0.9977703692955034,-0.1019510774515539,0.4556337909614004,0.5640446667107277,0.1929879441601164,3.3203911011437066,4327.842849562932,0.0028598530927208,0.0010955565553823,3.838197207432733,22508.41214057508,17.093297673798137,115.56869009584663,0.3692290418397656,0.054317854166654,0.0629806981802111,0.0002541288297662,0.0087491300182807,2.4252351092940967,3,8529.333333333334,0.561840885822843,0.5109508028898365,0.3543712855068996,18.125066082071854,51.14710706920117,46.51881339845203,42.05948168962618,0.4212750659365271,38.0,114.0,65678978.0,2.3257914236108554,6.119459518466456,168.0,80.36575422248107,-96.0,264.0,-1.47087126050352,62.88167746363126,132.21664010275546,-12.349980204562616,1.4211462081135278,0.5244723826425098,0.9890302494385772,-0.1359177015467663,0.4370253446330135,0.5549459122998943,0.2198118319030133,273.26995818598067,0.0763264604961219,0.0253297169367073,4.05057806784399,1.415604432110387,60.39866369710467,0.1345181819534625,37.9064587973274,2102815.7861915366,494.3084626312522,0.2854797347235381,0.0449556816904977,5.43940256942852,6.4204037737708815,0.0469047304881229,0.0032506733203884,8.208969086746976,0.0216128531159799
169,0,Male,White,L,Tonsil,3,1,III,III,Never,N,N,71,0.0,70,2.121,8661.416666666666,0.6763048612694346,0.8992680842484698,0.7377994301966192,27.604487144672085,31.906112267087632,0.3481865345385157,77.0,127.0,1.8470904885250647,89.39077107683235,184.0,101.82944220816562,104.0,-496.0,105.07027304223963,-5.44536379519613,334.06621111148706,-13.886395167039478,0.3803379624989346,0.998612439413066,-0.0818975268900764,0.4755607556997455,0.5858717548595189,0.2726411474883308,4.406688118349357,2689.625839610369,0.0074989381702421,0.0019237990971302,3.619259473044912,77233.6552795031,126.5321621904004,134.055900621118,0.4163226727363913,0.0499029635388266,0.0440092730953273,0.0002264850597314,0.0032055354348832,0.9454700811556054,1,7813.875,0.7723603307079765,0.6203133460120542,0.4854210430755398,16.194874055320735,33.36252988274457,34.713109915419565,25.29822128134704,0.3155309837724836,75.0,130.0,87259431.0,2.0114195670419264,7.289716611975538,221.0,102.27320244773075,-52.0,273.0,-1.3000194253777946,59.6857656190986,41.29164963232416,-3.7784202334784505,1.1031402364105325,0.4015486305010102,0.9926411264076366,-0.0809657807468284,0.468000273107384,0.4136597880146686,0.2626904793292931,266.00110122149584,0.0781280757519649,0.0211605815560766,3.768186120431996,1.5547303246581914,54.26912181303116,0.1537368889887568,43.507082152974505,3181634.1699716714,882.0681322711373,0.353738494009261,0.0351145174184124,4.993228343919482,6.069898970701035,0.0478543739586911,0.0021468962741774,7.558336014011746,0.009909663644684
170,0,Male,White,L,Tonsil,1,2b,IV,II,Never,N,N,56,0.0,66,2.2,20078.95833333333,0.3918827109721449,0.4956641350360395,0.4777627845268762,54.96450314320364,42.42640687119285,0.4540262483900832,-29.0,134.0,3.5847800890120176,25.15813527343589,427.0,55.6943136185613,74.0,-1031.0,129.76159748876685,-3.646711789370381,82580.77380870872,-1415.2694918666398,0.6086517307090785,0.9963513883939809,-0.1581016444304839,0.4058327471039283,0.7401322761769256,0.083814181381945,2.16952735590053,4452.937172685244,0.0012988644731966,0.0007281971656444,4.698911450518037,8773.637861736335,4.205529085770327,1008.58038585209,0.4053779685900683,0.0718103755599455,0.1269889865244583,0.0002088704304495,0.0176390186016497,2.20576961531159,2,11462.583333333334,0.5812066093504594,0.6538060379800158,0.4266500351460976,20.808535740255653,48.77190677631186,55.36244214266564,32.202484376209235,0.3690280781366649,32.0,120.0,100365471.0,2.376225776480325,5.501043618908117,165.0,85.46891821496787,-132.0,297.0,-1.4832054573285334,103.31926250101434,224.03580593304335,-23.30605200143573,1.4057614243964025,0.6345569331356438,0.992032201607592,-0.1661552737504458,0.4201874551155461,0.6585806131439219,0.279091196278114,550.5874485321012,0.0495187956054668,0.0128848129884797,4.091240364348455,2.140386894030752,57.910204081632656,0.1181840899625156,74.26326530612245,5978902.614285714,467.5222101406956,0.3076884631403582,0.0152288960985274,5.54695930108583,6.423943937318371,0.0437484157383563,0.0010636456067903,6.891215895063944,0.0178541224946362
174,1,Female,White,R,Soft_palate,3,1,III,,Current,N,Y,60,43.0,70,2.121,46254.083333333336,0.3569091376402071,0.8584622831454916,0.63874703457023,56.55479245544122,67.67569726275453,0.3774647766008263,37.0,142.0,2.9723437784831166,47.11186840855156,706.0,82.56672484754455,101.0,-1034.0,137.35263951298452,-5.954052717348787,136436.8337289837,-2171.0200854087834,0.6674962141245163,0.9982155469708158,-0.1776136415606726,0.4615795053818089,0.7013353776798473,0.1295502533323554,3.0260908155948654,6506.038086513416,0.0017481498787412,0.0007653458484044,4.4385744076433244,86572.7474892396,39.43944434192483,1647.8395982783356,0.4728377613424205,0.055190427408788,0.0817981666340042,0.0001657010377665,0.008288119024175,1.6388934989591244,1,2611.125,0.7074142133332336,0.529725205801829,0.365838800299773,9.922991775916774,27.12394575913147,27.202941017470888,17.4928556845359,0.4964411680757806,40.0,146.0,33679002.0,2.5924061890864216,4.698416803348306,193.0,104.58564375237373,-84.0,277.0,-1.3484956763625051,81.85066152295431,330.0972154455172,-30.58718580216616,1.9694463295593787,0.5901480591947919,0.9872094890860706,-0.1489076225646511,0.4494176222054973,0.6190705191977905,0.1797675358033683,279.9874031231708,0.0470165867733065,0.0195830025843187,4.002947964127487,0.988054294851035,22.92452830188679,0.1441794232823068,45.15094339622642,764783.8364779875,98.00695228330092,0.2467070131719473,0.0290127858241217,5.248795360150249,6.278018102207985,0.0527658171309862,0.0025843377837706,2.012238855360671,0.0313788195480759
178,1,Male,White,L,BOT,2,2c,IV,III,Former,Y,Y,64,20.0,66,2.2,9096.375,0.6026459893885956,0.6429596388368266,0.6034544567410578,33.759500881736614,28.178005607210743,0.3844138872465162,67.0,120.0,1.9644761899751944,66.50861743299215,169.0,93.01422319474835,97.0,-444.0,98.56406240739804,-5.86717019057953,469.89240316190046,-23.102220756887476,0.4055436304420859,0.997865387018831,-0.1258706273995078,0.4323317196293284,0.5571171368852679,0.2370545483233952,5.339715066871134,2685.9616496794933,0.0109833037604512,0.0023784831456361,3.885596779620896,75733.36873156342,150.00805916163873,139.96755162241888,0.4128836331044804,0.0432717657254763,0.043040126856892,0.0002727381617684,0.0034071913280702,1.2678124044776171,4,12145.25,0.4322149332134234,0.3601531989482555,0.2333773189873193,36.28700397546225,155.48642058671487,64.32728814430156,105.1094667477673,0.4867607336541654,-10.0,120.0,85927741.0,2.897177137225477,3.420080211400235,372.0,67.33052923881084,-108.0,480.0,-0.8526179465357349,73.46430301362206,548.3488509826359,-40.11048857605629,2.235474951850227,0.6848830775279638,0.9945572534636542,-0.1769745525742969,0.451261835321457,0.6912618826490468,0.1148916446747821,222.1528279632112,0.052270134560322,0.023551212229635,4.204426147444154,0.7881172270019658,87.86845827439886,0.1242835336271554,46.3946251768034,796906.8628005658,123.79428380562422,0.2311278005957799,0.0243957036501798,5.993392974280776,6.8244525043082325,0.0576538911884356,0.0024627515659442,5.800183023173969,0.0211712819075746
179,0,Male,White,R,BOT,4,2c,IV,II,Former,Y,Y,51,10.0,70,2.0,91205.70833333331,0.5177512189916406,0.6846464964936774,0.620653946745145,69.37002561205662,66.27216610312357,0.2075020161962264,59.0,134.0,2.545590636127454,53.41428997262317,1513.0,99.12681976400536,96.0,-783.0,112.4437702053804,3.2901619831785265,6450.640963144788,184.8897746730744,0.7073814263564283,0.9997369262982658,-0.2069321383537815,0.4597642543321169,0.8003839823464003,0.1513263448558655,4.426828784607434,5872.441899859794,0.0033824332321345,0.000778840889189,4.3788584428486335,514096.04482964735,390.2105445709316,1244.8266586969517,0.3720342673929921,0.0500340908354435,0.0427117534550739,4.6753441003497376e-05,0.0012189258583378,1.281264430779189,3,10646.916666666666,0.4615446188005982,0.6154717059029635,0.2362679329717942,26.308745844686023,111.3513184534728,70.00714249274856,95.75489543621256,0.4762801492206814,25.0,132.0,99108258.0,2.62040379692598,2.4198074952909434,204.0,87.55127489298343,-71.0,275.0,-0.4492216723061605,50.930748275198425,201.9274461986241,-13.788791162107362,1.2122064951312228,0.7743651472905522,0.9918789168416862,-0.2550010222948936,0.457673986170497,0.7977012292490443,0.1373874204885838,195.9611494577921,0.0987450789307191,0.0251459832031072,4.088554505866143,1.218037709100804,49.8,0.1345945945945946,49.32702702702703,1491766.3297297298,669.5333830030592,0.3298319941563185,0.028521608162067,5.398970716562975,6.770364206385705,0.0517810911441076,0.0015873668607555,8.850902056515016,0.021144320771021
194,0,Female,White,R,Other,3,2c,IV,III,Current,Y,Y,49,30.0,70,2.333,11714.541666666666,0.6711177987604457,0.6861518451691191,0.5249746595422372,36.85741121021311,39.81205847478876,0.3172806601110156,87.0,151.0,2.293089101674538,51.39925990303784,768.0,118.21126520888284,119.0,-543.0,124.07645278740694,-2.4838139726221256,873.7005497723028,-15.460642208833834,0.4584157593909327,0.9992999843617636,-0.1515824716885883,0.4463374798635572,0.648179210698926,0.2151320469312695,4.535818189547202,3376.0382374695587,0.0062971290796741,0.0015293081678585,4.121773888953753,80159.89170506912,107.68837868683916,181.889400921659,0.4191000021236382,0.0468031431936735,0.044965619128447,0.000163369768924,0.0022510977133376,1.5478359810345037,2,2968.7916666666665,0.5753172422274622,0.1960175280434951,0.0996760234568436,12.683926422282022,127.25152932865286,28.284271247461906,81.2219182240853,0.5848576304588392,18.69999999999999,139.0,31175230.0,2.7608944977094523,3.1853736670528034,201.0,90.2313829787234,-77.0,278.0,-0.9313328641677956,73.3399888743343,334.1414763927009,-29.667514143962283,2.4746078306582366,0.5822612875364392,0.9861884236992056,-0.1450170776168677,0.4328741373731626,0.6116873262408371,0.1601600793707019,218.0118746545533,0.0484250045450671,0.023464502577604,3.963447289522778,0.8056360835668361,34.6953125,0.135528564453125,44.2265625,237884.67578125,35.93487004633647,0.23907470703125,0.0237715843175152,5.6717222482577405,6.231449882240481,0.0600508572883657,0.0033401991619387,2.30418044168968,0.0356020389598646
196,1,Male,White,R,Tonsil,3,2c,IV,,Former,N,Y,79,27.0,70,2.121,21990.83333333333,0.4318090604006117,0.8168366431243937,0.4494741653184537,51.753485124027065,56.72741841473134,0.3997408007975144,13.0,126.0,3.0800430988864,42.37198919331922,1353.0,67.28861733423851,77.0,-997.0,107.86903376479104,-2.821356585884438,17541.48913539119,-266.8568949915425,0.5207454597092824,0.999256063871322,-0.1691162910278305,0.464441467682318,0.8061471923916997,0.1058926257994202,2.760198339079073,5235.295497184083,0.0015856666603755,0.0006627223468799,4.450240482278005,39811.90666666667,20.87125800901604,832.6823188405797,0.4827143877336693,0.0600651909370555,0.086095404941549,0.0001360574043621,0.0038659728604323,4.18585932192249,4,5250.708333333333,0.4636650068465828,0.4303111875368081,0.3600681477825757,37.29973890224382,103.59077616820184,55.072679252057455,92.9623579735368,0.6000772639731182,21.0,125.0,44348514.0,2.6471963102752296,5.355998696415663,387.0,80.96673557601954,-110.0,497.0,-0.9040793843636488,82.8047887036762,262.259135042778,-18.33445366967398,2.224323620674667,0.521262920299171,0.995105249674235,-0.1165063692123123,0.4678117549988106,0.5901894961971781,0.1443744106952419,223.06736029946703,0.0374964059080276,0.0177625747930964,3.892433704668643,0.6714022260869915,64.08571428571429,0.1408477237048665,52.13846153846154,436502.4593406593,58.46937325283744,0.2894384736142978,0.0228516870030163,5.413256322287282,6.261770840853386,0.0596269754280368,0.0027879069596786,2.782751066810564,0.0178278700521426
273,0,Male,White,R,Tonsil,4,2c,IV,III,Former,N,Y,89,52.0,66,2.0,100536.66666666669,0.3402511973817312,0.5155915318706884,0.3871095906323177,103.40174145774704,70.2353187506115,0.3056630682871414,6.0,150.0,3.362879524813385,24.525737596058047,761.0,62.27188734295298,98.0,-1029.0,176.67637584002415,-4.411874652337802,580524.2517574643,-8131.68776277607,0.7988828629926444,0.9971889859248174,-0.1833234055845336,0.4559261947016816,0.8234810991361163,0.0745077910066404,2.408051418824469,5081.787702597912,0.0027961598050088,0.00130564046456,4.604678792967205,124345.24766816635,57.07457352083054,4341.211565894875,0.4763756793476216,0.0666844599232786,0.098363178190457,0.000232014585779,0.0199011851266032,0.6700430900608623,7,10884.458333333334,0.4508944948194066,0.5291654577064157,0.2300896838208453,37.21485498130794,161.74064983410787,83.3606621854697,109.01834707974616,0.4839571582450619,22.0,150.0,115741620.0,2.9839121224497527,2.582701116211912,364.0,89.33588133588134,-89.0,453.0,-0.3790346809867739,69.80495001378564,368.8910650349774,-15.37823348793499,3.1693011412511494,0.5959385631791476,0.9915340846128377,-0.1307287368991047,0.4469311850266605,0.6375753726608917,0.0699310959783342,159.02892568026053,0.0464271086714032,0.0217561350545332,4.021727529078537,0.5482519034088694,106.07228915662652,0.1277979387429235,48.50843373493976,419933.591566265,93.5316235258088,0.291734649441138,0.0268895726147545,5.741047161851859,6.626833994607703,0.0736050787010837,0.0031110019377967,7.100270281938708,0.0308435596664912
276,1,Male,White,R,Tonsil,4,2b,IV,II,Current,Y,Y,65,95.0,70,2.121,29277.416666666668,0.4811015499067341,0.8751294848276587,0.5614728062891983,49.25155604537801,55.94640292279746,0.3261392869113455,34.0,117.0,2.622583611914456,74.84897611830955,742.0,73.50697658589709,83.0,-941.0,104.63525628005512,-6.493282780567028,68462.40999693902,-1109.6774137775872,0.7015450160323642,0.9989700249622756,-0.1866408553482636,0.4694381996310357,0.7471603190294138,0.1569586593023368,3.561214786045647,6210.1400135160175,0.0028221913186711,0.0011929221469816,4.268063988688788,111097.70088719898,63.12491848993615,750.7934093789607,0.4757879653859067,0.0555785900659621,0.0601409050097195,0.000129428251808,0.0028697398419556,2.8321776442713693,2,10174.083333333334,0.7402023037435632,0.7355730434266516,0.5863728165399255,19.088480076603176,32.55348736873695,40.60788100849391,28.16025568065745,0.3015101443105321,33.0,106.0,59607284.0,2.365038273538296,5.506620726107039,150.0,69.10066588327457,-104.0,254.0,-1.1131797799207894,70.8852310191159,113.83136400534298,-8.272126634436466,1.2117725171149591,0.6013020038458549,0.9919686478366556,-0.1780936352804674,0.4332502738191768,0.6318878896852738,0.1598800642060832,340.82263088557403,0.0744247703100725,0.0187180084237345,4.162850138146522,1.6610400475695324,47.29142857142857,0.1351183673469387,45.73428571428571,4589555.377142857,858.2488582845305,0.247804081632653,0.0275679188676801,5.645161493430739,6.687384308777803,0.0459454818329288,0.0014917197537302,7.303134638273385,0.0145755845852226
285,0,Female,White,R,Tonsil,3,2b,IV,III,Former,N,Y,59,35.0,70,2.121,16790.416666666668,0.4895272734949192,0.706815341587976,0.4581639618710095,45.42006626117854,47.75981574503821,0.3857921681159921,38.0,151.0,3.0120234753841744,28.70333322615372,485.0,81.08749186053394,113.0,-1036.0,165.3438560033269,-4.831204619237871,237345.4554347969,-3933.039647681621,0.6696913180482039,0.9961422611764048,-0.1644837902693013,0.443886585558865,0.7103497377083068,0.1269042820977132,2.913463484404456,6355.131195886787,0.0018834549590417,0.0009814759059591,4.462274055703819,31643.676258992808,14.168349635452872,787.155657292348,0.5148173036575199,0.0563617850797324,0.0958884882085462,0.0002917535071017,0.0262203608254243,3.1838074427154,3,8047.75,0.5167383730498776,0.5010099704830074,0.2502010985972223,16.916808779339934,67.61284772203531,61.5223536610881,37.64306044943742,0.4670054176147972,64.0,155.0,117699727.0,2.597477081038439,5.59187289735544,232.0,113.47204433497537,-99.0,331.0,-1.1970055711304064,86.6017531668152,257.8580362011984,-19.22647295335115,1.6511157077304308,0.6059020673568448,0.9919442623859028,-0.157545655362566,0.447921564354519,0.6929123939162598,0.1673205475278313,318.1405023948967,0.0467810975298081,0.0172492419387789,4.130970621584005,1.1318259488246218,51.75877192982456,0.1135060787934749,57.68859649122807,1354160.2938596492,161.13106571742372,0.2873672668513389,0.0223290096339784,5.7242823167748575,6.6254396538902185,0.0496074583222111,0.0019375368088693,4.66709142119125,0.018615216028518
293,0,Male,White,R,Tonsil,2,2b,IV,III,Current,N,Y,42,24.0,70,2.0,18767.625,0.4895154203906913,0.4637037955742519,0.3980648787709502,56.431507251192734,34.132096331752024,0.3717474300872822,31.0,172.0,3.3104884017214093,30.596146884044483,891.0,92.73479667037805,119.0,-993.0,164.35669765948708,-4.7331926253694,182976.0795579364,-2977.709165917889,0.6556745188658056,0.9976912189045132,-0.2129449550711004,0.4575203408531383,0.75463461403091,0.0897085293028572,2.7986552939738707,5679.148263635745,0.0027480445271367,0.0015890877098544,4.689292626218029,27930.005829015543,13.46123686666168,771.6295336787565,0.4997600606727697,0.0582719714134239,0.0904006868760824,0.0005231784296646,0.0169898972649167,3.175036810293153,5,8191.916666666667,0.4630823453317048,0.3548990111736848,0.157370444499507,12.295539136822084,78.13118388224798,78.44743462982075,34.92849839314596,0.5180409109824522,55.0,162.0,124767308.0,2.841077448392767,4.665029809277876,271.0,113.51432338487356,-100.0,371.0,-0.7883369439676534,86.98497516349023,339.2481241319269,-17.528150340317673,2.420305149885487,0.5663589469816714,0.989757476935962,-0.1247623052405147,0.4690659114621711,0.5952129670210132,0.1103933254923515,219.4073979100665,0.0354305035377766,0.017722630582862,4.04067855824476,0.577410052085415,70.75201288244766,0.1139323878944406,59.80515297906602,1035639.1787439614,130.49566184364642,0.3006812035027396,0.0257840465349845,5.721443066032241,6.604243700706134,0.0652888819411769,0.0027455863013692,4.875318841266215,0.0256917864085673
302,1,Male,Hispanic,L,Tonsil,2,2b,IV,III,Never,Y,Y,70,0.0,70,2.121,14564.333333333334,0.6045981874215764,0.7414822778782238,0.4642483313193444,40.523805489871656,40.80441152620633,0.3275320074151929,29.865319078012654,190.8801186461916,3.2501258608477026,13.42185752615856,1090.5918119041824,91.32988133624612,72.55866705201302,-289.0257987137996,116.38584311106273,1.652297358292135,9018.718493758728,252.72191612750757,0.8150188686144649,0.9990926776566204,-0.2933664929624643,0.421795000465866,0.8646872612136993,0.1771502866009571,4.014904793408983,1018.53634141925,0.0172546829887328,0.0043932875913715,4.820649188953237,52581.85227272727,224.7518193998392,159.12878787878788,0.3013802800734619,0.0543883428647457,0.0486958248723579,0.0003876483096779,0.0049327937410332,2.9344026964110275,4,49521.458333333336,0.4793362443332355,0.5827195116816666,0.2557583160154209,28.465205462448004,111.29728216044282,121.49485585818029,68.54195795277518,0.2747341926406501,39.74555453705183,73.5178005003106,182135001.6164702,1.5036113330584722,62.085257388349895,532.1748583694819,56.95522106877595,-95.7441101503004,627.9189685197823,3.481621112135074,47.1023670868186,154.49186976501696,5.949792876305404,0.4589887463862632,0.618663934513568,0.9993404582740716,-0.2569162032929086,0.2701926388443793,0.698734783603425,0.5567707945244308,931.9192346383168,0.410346152242852,0.0249284467510622,4.4463523693514855,10.55200157161249,62.29650092081031,0.1147265210327998,71.36279926335175,39378881.53222836,17272.97915995028,0.2530006884880057,0.0203971361364061,6.109518985460368,5.665894098365136,0.0522636035740877,0.0004824365362272,15.185711536862623,0.0007078751816187
312,0,Male,White,R,Other,4,2c,IV,II,Current,Y,Y,40,19.0,70,2.121,70095.08333333333,0.4712764026620939,0.7517802929848171,0.6108076399805462,64.17642624279512,58.463663928973865,0.2488738374407897,64.0,127.0,2.344161872170135,76.83718819641187,1191.0,91.0886295716522,101.0,-956.0,116.57629269861827,-6.984330657951435,62709.95861766178,-1100.444577041951,0.6651884964160802,0.9992739704024692,-0.156884031463874,0.4458898977412125,0.7108077844144637,0.2264383672390514,4.572142217824013,8648.957986663056,0.0027409272793807,0.0007926576801378,4.248763655914088,369293.618079096,194.31092411804184,1560.8762711864406,0.4409255003351527,0.0462920505710059,0.055373706152505,8.318086409427482e-05,0.0025483575145455,1.419276048026284,10,21229.416666666668,0.3706179462402463,0.677445353974078,0.2219305610197683,31.463270422976272,141.77078757609095,125.03599481749244,102.42070103255492,0.4712430871148895,32.0,122.0,181683639.0,2.562407492537272,18.029504857474095,695.0,82.69989261870302,-94.0,789.0,0.3918964256637864,64.05500039703256,435.15498463725663,-3.758562067212171,1.9405558635964424,0.5591286758148661,0.998161380765124,-0.139008061103027,0.469776632524207,0.6478450579176465,0.1594655425409656,208.30445030423596,0.0586132619591335,0.0237091494765466,3.987316974073383,0.9056825833693428,132.01492537313433,0.1159042364996789,55.67866549604916,1236407.5548726954,281.52591332379984,0.2902358013167134,0.0377290956500583,6.021838925667146,6.547949717597635,0.0563447574085464,0.0029525325194645,5.689640438345614,0.0041257835349833
313,0,Female,White,R,BOT,4,2c,IV,II,Former,N,Y,64,6.0,70,2.121,19290.125,0.5246744474618055,0.4920214404556173,0.4250405381540511,55.84827908140104,43.01162633521314,0.3436759934139239,-30.0,143.0,3.1904088045285244,16.812940868885413,679.0,57.11759536855164,110.0,-997.0,191.3229263907517,-3.648770455234729,460471.6654754853,-7343.036410548348,0.6903595482542975,0.9945788214348548,-0.1463803374637606,0.4203631384247738,0.7399894938947321,0.1450943147163732,2.910782830738033,5709.591212753551,0.0046451836212987,0.0028304834612205,4.680283490945502,25419.932283464568,12.55250815515605,1440.6417322834643,0.5671817843635687,0.0563399489150701,0.1321053243882378,0.0008058208210242,0.0452901841881478,2.0515248511782214,4,7742.916666666667,0.4977245286005134,0.4459799220390855,0.1003382451267905,14.27269332742696,142.24579380864728,78.10249675906654,83.15046602394962,0.491126707967333,33.0,143.0,85565165.0,2.7990051812189014,3.212991944521105,219.0,94.34335038363172,-70.0,289.0,-0.7546276361999616,57.91767073009305,270.48475194348475,-19.89635935830901,2.341821330902883,0.6010706573769832,0.9848376898935658,-0.1463883077126995,0.4391051510581388,0.6250142544868741,0.1285306579244077,174.00716910724807,0.0726446030991429,0.0321098965040956,4.053120374012366,0.8716656704162453,68.82042253521126,0.1211627157310057,38.36795774647887,487249.176056338,111.84339420890043,0.2750260365006943,0.0552758799683567,5.756665086642128,6.589937549790671,0.056330871723759,0.0055501298030428,7.620307866166329,0.0385575892015889
