Patient_ID,Fold,Local_tumor_recurrence,Gender,Age_at_diagnosis,Race,Tumor_side,Tumor_subsite,T_category,N_category,AJCC_Stage,Pathological_grade,Smoking_status_at_diagnosis,Smoking_Pack-Years,Radiation_treatment_course_duration,Total_prescribed_Radiation_treatment_dose,#_Radiation_treatment_fractions,Induction_Chemotherapy,Concurrent_chemotherapy,KM_Overall_survival_censor,GTVp_shape_Elongation,GTVp_shape_Flatness,GTVp_shape_LeastAxisLength,GTVp_shape_MajorAxisLength,GTVp_shape_Maximum2DDiameterColumn,GTVp_shape_Maximum2DDiameterRow,GTVp_shape_Maximum2DDiameterSlice,GTVp_shape_Maximum3DDiameter,GTVp_shape_MeshVolume,GTVp_shape_MinorAxisLength,GTVp_shape_Sphericity,GTVp_shape_SurfaceArea,GTVp_shape_SurfaceVolumeRatio,GTVp_shape_VoxelVolume,GTVp_firstorder_10Percentile,GTVp_firstorder_90Percentile,GTVp_firstorder_Energy,GTVp_firstorder_Entropy,GTVp_firstorder_InterquartileRange,GTVp_firstorder_Kurtosis,GTVp_firstorder_Maximum,GTVp_firstorder_MeanAbsoluteDeviation,GTVp_firstorder_Mean,GTVp_firstorder_Median,GTVp_firstorder_Minimum,GTVp_firstorder_Range,GTVp_firstorder_RobustMeanAbsoluteDeviation,GTVp_firstorder_RootMeanSquared,GTVp_firstorder_Skewness,GTVp_firstorder_TotalEnergy,GTVp_firstorder_Uniformity,GTVp_firstorder_Variance,GTVp_glcm_Autocorrelation,GTVp_glcm_ClusterProminence,GTVp_glcm_ClusterShade,GTVp_glcm_ClusterTendency,GTVp_glcm_Contrast,GTVp_glcm_Correlation,GTVp_glcm_DifferenceAverage,GTVp_glcm_DifferenceEntropy,GTVp_glcm_DifferenceVariance,GTVp_glcm_Id,GTVp_glcm_Idm,GTVp_glcm_Idmn,GTVp_glcm_Idn,GTVp_glcm_Imc1,GTVp_glcm_Imc2,GTVp_glcm_InverseVariance,GTVp_glcm_JointAverage,GTVp_glcm_JointEnergy,GTVp_glcm_JointEntropy,GTVp_glcm_MCC,GTVp_glcm_MaximumProbability,GTVp_glcm_SumAverage,GTVp_glcm_SumEntropy,GTVp_glcm_SumSquares,GTVp_gldm_DependenceEntropy,GTVp_gldm_DependenceNonUniformity,GTVp_gldm_DependenceNonUniformityNormalized,GTVp_gldm_DependenceVariance,GTVp_gldm_GrayLevelNonUniformity,GTVp_gldm_GrayLevelVariance,GTVp_gldm_HighGrayLevelEmphasis,GTVp_gldm_LargeDependenceEmphasis,GTVp_gldm_LargeDependenceHighGrayLevelEmphasis,GTVp_gldm_LargeDependenceLowGrayLevelEmphasis,GTVp_gldm_LowGrayLevelEmphasis,GTVp_gldm_SmallDependenceEmphasis,GTVp_gldm_SmallDependenceHighGrayLevelEmphasis,GTVp_gldm_SmallDependenceLowGrayLevelEmphasis,GTVp_glrlm_GrayLevelNonUniformity,GTVp_glrlm_GrayLevelNonUniformityNormalized,GTVp_glrlm_GrayLevelVariance,GTVp_glrlm_HighGrayLevelRunEmphasis,GTVp_glrlm_LongRunEmphasis,GTVp_glrlm_LongRunHighGrayLevelEmphasis,GTVp_glrlm_LongRunLowGrayLevelEmphasis,GTVp_glrlm_LowGrayLevelRunEmphasis,GTVp_glrlm_RunEntropy,GTVp_glrlm_RunLengthNonUniformity,GTVp_glrlm_RunLengthNonUniformityNormalized,GTVp_glrlm_RunPercentage,GTVp_glrlm_RunVariance,GTVp_glrlm_ShortRunEmphasis,GTVp_glrlm_ShortRunHighGrayLevelEmphasis,GTVp_glrlm_ShortRunLowGrayLevelEmphasis,GTVp_glszm_GrayLevelNonUniformity,GTVp_glszm_GrayLevelNonUniformityNormalized,GTVp_glszm_GrayLevelVariance,GTVp_glszm_HighGrayLevelZoneEmphasis,GTVp_glszm_LargeAreaEmphasis,GTVp_glszm_LargeAreaHighGrayLevelEmphasis,GTVp_glszm_LargeAreaLowGrayLevelEmphasis,GTVp_glszm_LowGrayLevelZoneEmphasis,GTVp_glszm_SizeZoneNonUniformity,GTVp_glszm_SizeZoneNonUniformityNormalized,GTVp_glszm_SmallAreaEmphasis,GTVp_glszm_SmallAreaHighGrayLevelEmphasis,GTVp_glszm_SmallAreaLowGrayLevelEmphasis,GTVp_glszm_ZoneEntropy,GTVp_glszm_ZonePercentage,GTVp_glszm_ZoneVariance,GTVp_ngtdm_Busyness,GTVp_ngtdm_Coarseness,GTVp_ngtdm_Complexity,GTVp_ngtdm_Contrast,GTVp_ngtdm_Strength
1,Training,0.0,Male,58,White,L,Tonsil,2,0,II,III,Former,5.0,41,66,30,N,N,1,0.9791159200153512,0.6324216637002771,17.32338080599764,27.392136924341177,30.870698080866262,34.48187929913333,31.144823004794873,35.185224171518364,7579.75,26.820077345862785,0.575287358178524,3243.6641560329454,0.42793814519383166,7623.0,-15.0,151.0,86986716.0,3.35543792082924,68.0,9.191777644765965,347.0,51.48118205003468,79.06729634002362,94.0,-576.0,923.0,30.836374316801965,106.822689413965,-1.4647581524626536,86986716.0,0.13649928397164635,5159.449623111316,780.4619411301511,4326.899425612944,-149.07425289827245,26.86816040439986,4.27838625568416,0.7244399670812854,1.2898510847865678,2.1473263542399637,2.5739179164597035,0.5930340961565034,0.5536069979156162,0.9971781267417382,0.9686113802099617,-0.22902633634650815,0.8743735596333184,0.4394984689149487,27.835439493419788,0.039280376546834,5.867959803576246,0.7844920181041916,0.11831377849761443,55.670878986839575,4.2101371635888984,7.786636665021005,7.186076110707343,476.25462416371505,0.062476009991304614,26.33292495358253,1040.53404171586,8.347455019416666,774.6922471467926,92.82290436835892,75571.19939656304,0.11575525860876555,0.001540044936977883,0.08213096399117938,55.62167689075883,0.000321892347220139,629.7055413269019,0.11391868757090756,9.868151919895304,763.1184061880269,2.6752928261492173,2119.1928802819743,0.003752110197015983,0.0016443688633340126,4.6208382807108155,3362.798561191203,0.6043732761919192,0.7248408157499066,0.7385018547021482,0.8040884398977004,606.6472089112075,0.001392353331714907,36.759425493716336,0.06599537790613345,25.68573629568508,651.1346499102334,10256.443447037702,8401300.644524237,12.611718413794158,0.004292514539387683,187.17594254937163,0.3360429848283153,0.5990961096941728,376.13385542475663,0.003640257150193599,6.237190735000682,0.07306834579561852,10069.141863470955,0.4614839668188133,0.0015212499847765781,489.41442792739883,0.0137313766484994,1.4989850849120414
2,Training,0.0,Female,78,White,R,BOT,3,0,III,II,Former,70.0,48,70,35,N,Y,0,0.790523047289468,0.6712067552599092,29.743444267873006,44.31338635195283,62.0966987850401,42.80186911806539,60.166435825965294,62.369864518050704,22845.625,35.03075321466127,0.5085218138972661,7656.728238654352,0.33515074499622366,22929.0,46.0,135.0,407191152.0,2.8458406871179367,41.0,38.113130715452264,772.0,47.41297156967272,79.43660866152034,97.0,-974.0,1746.0,17.47788365704224,133.26208659505792,-5.218326841884538,407191152.0,0.20901790133557913,11448.608928025185,1842.431709255975,113062.328106588,-2064.9419366336942,52.636719480000764,11.930557578418131,0.6310856416200477,1.4387174271278123,2.0974957763506663,9.785696544082462,0.6425778990809573,0.6182138415733238,0.9977371224846187,0.9814161450369274,-0.1653171323172784,0.7583483112840064,0.44157254827901726,42.80484438267016,0.06895419510798227,5.038169633032591,0.7006368624373682,0.14232795109072868,85.60968876534032,3.6331820713883363,16.14181926460472,6.895611662254602,1129.941864015003,0.04928003244864594,32.40850821653171,4792.571459723495,18.375929068581385,1841.3407911378604,132.33438004274063,250631.99315277595,0.0726606553958684,0.0009764865000454522,0.08615733738669075,127.9429746633032,0.0002218783568182446,2613.1667927155554,0.1740415044961628,26.62991447222187,1814.361165301913,3.4926558358664765,6533.052043282693,0.0026188048730263207,0.0011820152477437533,4.492682113294854,7891.996437803391,0.5232345834216805,0.6539887344545202,1.1172165154021985,0.7505924223553954,1343.1498622627032,0.0010283754732024655,76.99153439153439,0.04073626158282243,110.83965874415611,1418.1021164021165,50555.08941798942,95919968.88306879,26.685593486380572,0.0031339170257491194,911.1407407407407,0.48208504801097396,0.7217940470714962,974.5925164679886,0.00201191068746274,6.674028690056384,0.08242836582493786,50407.91015621064,0.5840199609950656,0.0003481146362311759,2028.60484373286,0.009730913678827412,2.5257364502254287
4,Training,0.0,Female,56,White,R,BOT,2,2b,IV,III,Never,0.0,45,66,30,N,Y,1,0.6429707642300231,0.3737442333422117,15.571455561977606,41.66340018875931,43.56604182158393,39.81205847478876,34.9857113690718,45.880278987817846,9993.666666666666,26.788348259787863,0.5681922816991399,3948.8627045263765,0.395136523584241,10043.0,47.0,105.0,71036236.0,2.0603511691895275,27.0,70.50968899754957,149.0,20.542386427994195,76.14218858906702,81.0,-667.0,816.0,11.710472616808646,84.10237096628579,-5.72922549868128,71036236.0,0.3153956556953462,1275.5759190177052,940.5444925461974,746.3222632317797,-34.55396500431442,4.444975077125335,1.8714925327514054,0.40869571609150257,0.7697844787633794,1.568624051309094,1.2722358488951735,0.695744847503109,0.6806890370722131,0.9983874996523182,0.9781388558580827,-0.09843452426063139,0.5518818827583603,0.47111592997562124,30.657805065291036,0.12511523349694847,3.7573695941874115,0.5281290130480167,0.26930541407482117,61.31561013058209,2.7533993138616264,1.579116902469185,6.064569468520322,509.73384446878424,0.050755137356246566,28.5984939459121,3167.518570148362,2.11628234180002,936.5406750970825,148.54057552524145,141531.69072986158,0.15628122577541975,0.001185754022017963,0.05390318961825571,44.40156177880387,0.00017761041362735855,1621.4911758889139,0.2614215545147295,3.0351998322532427,928.0529936583195,3.9431661287320887,3729.2022941932914,0.004366443308672788,0.0012678279394511389,3.7671085138798235,2944.9338940738166,0.47220637741094973,0.6172381835032438,1.2761795606602715,0.711877222641919,654.9699766330339,0.0009629071476562448,49.57327586206897,0.10683895659928656,18.253005164982163,789.1530172413793,65960.6702586207,62856673.18103448,69.29927092026367,0.00369345415045631,213.85775862068965,0.4609003418549346,0.7051836296950087,539.6048361315675,0.003330747990175914,5.150378524360641,0.046201334262670514,65492.1903565324,0.9948295815177163,0.0007496605904371698,292.85763500684874,0.00428578263806784,1.4882543905099332
5,Training,0.0,Female,60,White,L,Tonsil,2,2b,IV,II,Never,0.0,54,70,33,N,Y,1,0.8261054326001291,0.7133317233799388,16.87743398492844,23.660007583791536,32.984845004941285,26.92582403567252,30.4138126514911,33.49626844888845,4568.75,19.545660800330445,0.5467939985226338,2435.1477393692667,0.5330008731861596,4605.0,-6.0,146.0,49584958.0,3.2416048082800777,71.0,12.510933377465449,354.0,47.22441853199739,81.35722041259501,92.0,-595.0,949.0,30.47808997949866,103.76721420970384,-1.5680231169163443,49584958.0,0.13286134483006595,4148.637431578996,779.5125785919931,2528.665682638525,-86.52519397121878,20.554800556862006,3.5970191174569957,0.7005733770167725,1.2495908577236583,2.065699902995248,1.9372173060255582,0.5905821130656986,0.5504257314796046,0.9977125479267019,0.9700595716734489,-0.21847955769891067,0.84156407033204,0.4451840365912015,27.84370602884538,0.03263494101085375,5.696867385764388,0.8316075439341478,0.08125271607421165,55.68741205769075,4.092156486006865,6.037954918579751,7.067176193196951,309.9315960912052,0.06730327819570146,20.98560545882597,611.8264929424539,6.711329633913005,778.1031487513573,81.89337676438653,66194.02366992399,0.10318222405363713,0.0016350315635804953,0.07869363415349473,56.68158474148424,0.00042198413368753026,416.238396149759,0.12231790765887354,7.692461812204938,769.9097278261286,2.5894553553371455,2043.1586113198766,0.00379234312863669,0.0017694768401115453,4.412995716702676,2113.9158437529672,0.6105950717422973,0.738294495949219,0.6663166999687954,0.8052696113231163,614.2498171561899,0.0015202641490947538,26.144654088050313,0.08221589335864879,22.91764566275068,712.7232704402516,4846.877358490566,4020128.1666666665,5.902438618046459,0.0059363396133529575,103.55345911949685,0.3256398085518769,0.5919285724777201,412.86762863219985,0.005339729232374228,6.014867193788547,0.06905537459283388,4637.174172303311,0.32678881259389153,0.0024846091803084713,422.820744672888,0.013631747905152152,2.4749131146269208
6,Training,0.0,Male,66,White,R,BOT,1,1,III,III,Never,0.0,39,66,30,N,Y,1,0.8872366901202986,0.7688240083173042,9.417594506517448,12.249350182403091,14.212670403551895,14.035668847618199,14.317821063276353,15.394804318340652,784.5833333333334,10.868072911959796,0.7195597909668145,571.7110983806178,0.7286811662843775,800.0,82.0,113.0,7719305.0,1.3755436705260458,16.0,31.166019934239493,134.0,10.271678125,97.04875,98.0,-83.0,217.0,6.591140050434717,98.22999160134343,-2.9074049975737273,7719305.0,0.44021562500000005,230.67137343750002,71.23149972437889,5.834015802665438,-0.574338005772921,0.8793861870347748,0.6167177296662444,0.1757405984368588,0.4840693021862277,1.1606283128401909,0.3806473989777792,0.7722545922830336,0.7684845829872153,0.994202375735574,0.9568336628635641,-0.047397191787012814,0.3223970960802172,0.4229692517691878,8.43597718636548,0.22576469257715448,2.457391544241039,0.30451748880863627,0.30923933177241625,16.87195437273096,1.8575173091390011,0.3740259791752548,5.553668041113523,38.72,0.0484,33.09984375,352.1725,0.4792359375,70.97625,179.8125,12778.89875,2.5665474724033133,0.015672650738536156,0.04778679634273075,2.8926863898947466,0.002110226480458945,184.1288554741188,0.401324589262823,0.642092651193635,70.65291693514612,4.5583863975251795,323.9041693814816,0.06749596193922752,0.016783624700694413,3.1667329437813003,191.81177173715633,0.41555360028320515,0.5725961538461538,1.4328942670099627,0.6643275901476144,46.597691533446586,0.012027275902459821,10.542857142857143,0.30122448979591837,3.2783673469387753,59.31428571428572,7857.028571428571,558979.5142857142,111.97678095867977,0.04714181333909225,15.742857142857142,0.44979591836734695,0.6910120884329118,38.34169817236857,0.04219977418488182,3.4785848023501797,0.04375,7334.579591836735,1.7239419587278588,0.007217443481126101,15.334148533783392,0.01057394262051425,0.4757295629676269
7,Training,0.0,Female,72,White,L,BOT,4,0,IV,II,Former,26.0,47,70,33,N,Y,1,0.5640020536354566,0.3861837269973294,14.748013701296468,38.18911225484769,40.496913462633174,36.76955262170047,28.160255680657446,40.80441152620633,6863.375,21.538737738249086,0.57313336639534,3047.3353575680912,0.4439995421448036,6916.0,54.0,118.0,62483855.0,2.275114183083275,31.0,45.71291745526155,260.0,24.77221247216453,83.53137651821862,90.0,-564.0,824.0,13.224361987980174,95.05093989061375,-5.021324549163937,62483855.0,0.27829408575047976,2057.190311060663,727.7052193024119,3500.802176522256,-136.80190738010728,9.706582225053856,3.8263150953280793,0.4380475623570462,0.9524002688325482,1.785770075062732,2.8989072068545836,0.6838946219898255,0.66486604378364,0.9970111586415977,0.9746228419198756,-0.12037203735779836,0.6211475083160376,0.44125008106743474,26.94874806103561,0.10641304424603062,4.142295380940475,0.5238097064244902,0.2252047001050882,53.897496122071225,3.024078265223893,3.383224330095484,6.331751562305865,333.22498554077504,0.048181750367376375,32.84964714138864,1924.6818970503182,3.380964095795836,725.1609311740891,148.48987854251013,110477.6505205321,0.20036602677814838,0.001622886220311943,0.06387103255330627,38.066460388734676,0.00033382250567029964,1007.9234452244535,0.23271823421098586,4.891194690884952,714.4568272901025,3.9652058064686235,2917.1123267529647,0.0057944523087913175,0.0017892517385657408,3.960915112947913,2129.2057239810333,0.4881854109012021,0.6248609689905238,1.3311602498169408,0.7241774614865941,509.82837812026725,0.0014154541139486465,41.45238095238095,0.09869614512471656,22.270946712018137,568.3833333333333,29031.842857142856,21568566.53095238,39.14395814841088,0.005501212650090887,171.58095238095237,0.40852607709750566,0.6629215850679547,358.89841015567316,0.004910423704000849,5.564529473726929,0.06072874493927125,28760.69174603175,0.6043673798588817,0.0011202705278128616,389.87636094323375,0.005034037124976638,2.1049805830879045
8,Training,0.0,Male,77,White,R,Tonsil,1,2a,IV,,Never,0.0,42,70,30,N,N,1,0.5772056175969091,0.4779317248114809,16.403711716282775,34.3222909564189,39.35733730830886,36.138621999185304,24.698178070456937,40.024992192379,7492.666666666667,19.81101914884058,0.7264894971977085,2548.8584973538254,0.3401804205027794,7525.0,40.0,80.0,31839683.0,1.6275874579783283,18.0,45.89075909144686,144.0,13.867939612145562,61.439601328903656,65.0,-340.0,484.0,8.107233016095787,65.04757573987328,-3.854133723340522,31839683.0,0.4240696857650578,456.3624981799317,290.2548900171553,119.60049867735863,-7.5343408799148746,1.948347845895236,0.6494824027569,0.4928782790232884,0.48358782780038834,1.1875622502044354,0.4030290153522558,0.7775769447360188,0.7720005042928657,0.9984109319021895,0.9772988621877625,-0.1513453889018417,0.5604533613027357,0.3973676702658619,17.027328818412904,0.23342845970865816,2.845018219962349,0.7872318940767228,0.4258040573070542,34.054657636825794,2.2262609177628048,0.6494575621630341,5.843060160671186,321.1336877076412,0.04267557311729451,40.78155474663635,3191.1243853820597,0.8135478239754528,288.63548172757476,242.42910299003321,70622.05980066446,0.834875386376226,0.003659133666620805,0.019493357544132214,5.047969076156754,0.0002289146241621767,1164.3631214475104,0.3124542208220505,1.3271915191447972,285.73963741421267,9.80249680590558,2849.2977399676884,0.0342389960722532,0.0039037785547696427,3.8596466313057687,1420.9570345000477,0.3668997233061394,0.4922974699718885,4.241960471053961,0.6135991088025444,173.47583634237122,0.0025634015070848167,16.79381443298969,0.17313210755659475,9.32894037623552,233.4020618556701,241178.23711340205,70433422.06185567,827.2751493025102,0.016345882263603607,13.783505154639176,0.14209799128493994,0.33742934658943846,67.86011751400939,0.013263567344103468,5.504667162212599,0.012890365448504984,235159.99659900094,2.0714538828611198,0.0010388574789953241,74.0290686539035,0.002777588084627074,0.5976970105229785
9,Training,0.0,Female,71,White,L,Tonsil,1,2a,IV,I,Former,50.0,43,66,30,N,N,1,0.5040761344966528,0.42829346804818214,20.774941246645177,48.50632287557567,41.78516483155236,53.75872022286245,33.13608305156178,55.154328932550705,12671.25,24.450879733766747,0.5411102888258603,4857.483182625075,0.3833468034033797,12732.0,55.0,104.0,106261313.0,1.962659026871733,22.0,68.02312098407164,425.0,20.930202756968892,80.393575243481,87.0,-713.0,1138.0,9.4513512405227,91.35646238899844,-5.593296122772361,106261313.0,0.38250568351799036,1882.8762798032453,1080.8101654984937,2073.384087155874,-64.34659868924494,6.258248017518373,2.0611478217064465,0.4932524116352773,0.5763227024961709,1.3836413664205272,1.7204181413889357,0.79338867031316,0.7843470545334886,0.9991249663435154,0.9885224216034559,-0.21609694669392573,0.7226757813374048,0.32030785470492046,32.85970076044275,0.23052530071922378,3.250373097246364,0.6496313170748744,0.44188572740746795,65.7194015208855,2.584105248690678,2.0798489598062058,6.21711474314073,496.96779767514926,0.039032971856357936,52.50148169237513,4870.0623625510525,3.0901316368699603,1075.1691014765945,280.93103989946593,307036.078620798,0.25742635218980614,0.001041872624057389,0.03788162675029765,34.26055456551154,0.00014758410349270895,1475.3067337628597,0.2517307593703188,6.111901466375504,1055.9265662997996,9.732225793972638,10591.316520004968,0.009200318159327415,0.001194447445120851,4.485715723096973,2072.098448046457,0.3495142719834643,0.4571582203533193,4.594014197584606,0.6074508676447619,628.9338031481474,0.0008325037031236132,32.925619834710744,0.06802814015436104,38.03642169250734,884.5578512396694,122040.48760330578,133279780.11363636,111.79790791515626,0.003919482452358373,153.8512396694215,0.3178744621269039,0.5804123345000285,473.48056737242865,0.003463234129689641,6.328755510078661,0.038014451775054976,121348.49327231746,0.5455659153460978,0.0007378993269359551,424.13755161401036,0.0018291537476287855,2.8543656352265843
10,Training,0.0,Male,50,White,R,BOT,3,3,IV,II,Never,0.0,43,72,40,Y,N,1,0.5590155925843652,0.48277335553831535,22.792231836211187,47.21103924800647,50.44799302251776,50.60632371551998,38.600518131237564,52.40229002629561,17972.791666666668,26.39170708174806,0.6121742801131531,5420.251089483753,0.30158092243045637,18033.0,81.0,113.0,170076445.0,1.32743960686186,16.0,28.33108208820507,158.0,10.159243436362651,96.02988964675872,96.0,-179.0,337.0,6.711728279726266,97.115397790434,-1.863302791215224,170076445.0,0.47010621257344837,209.66078242557518,152.54656835301515,13.430850092922547,-0.6165708212271941,1.0598385831782753,0.5068852626178125,0.3525507857549877,0.42076594032301495,1.093168074147153,0.3277829432472383,0.7993446438923603,0.796748440604769,0.9978004767354061,0.9739834024351542,-0.08958837433848602,0.4386615680834987,0.37888841382558486,12.3453763191198,0.26005417524609115,2.4498453255371553,0.399310191370632,0.42618555602838776,24.6907526382396,1.9440225040146653,0.391680961449022,5.648290507873214,761.1492818721233,0.042208688619315884,42.23332459964547,8477.425331336994,0.42579700452372804,152.76953363278434,274.1734043143127,41076.84916541896,1.8395109202004465,0.006733529358820607,0.022352889037807855,3.2196019943725958,0.0002772210965084475,3233.7428248879396,0.39583136511133216,0.634147190578318,154.60633255657143,9.634376286983782,1441.1523029623472,0.0650532642250907,0.006832266680067618,3.631233360920886,2845.4465146649254,0.3447359773581008,0.45270849596253027,4.595316612786409,0.6020015632631603,93.30917488372668,0.004225986611024584,91.32484076433121,0.2908434419246217,3.649285975090267,134.87579617834396,480289.4872611465,72195414.67834395,3210.7635461641044,0.014529452665466068,102.78343949044586,0.32733579455556006,0.5834552988929268,78.50802192678422,0.01113554944445012,4.507521354859777,0.01741252148838241,476991.289677066,10.866508509657448,0.00037481726260528523,34.5461888238712,0.0024300440675491144,0.08955344944696708
11,Training,0.0,Male,50,White,L,BOT,3,2b,IV,III,Current,30.0,44,70,33,N,Y,1,0.6707448140671506,0.5327443951660119,20.700972325253137,38.857231559991114,46.32493928760188,41.43669871020132,29.966648127543394,46.49731175025068,14062.708333333334,26.063286557870455,0.7094696991514907,3971.271559605603,0.28239734946307304,14100.0,78.0,101.0,118028833.0,0.9782472729913196,11.0,40.91173266737685,281.0,7.768942326844726,90.55893617021276,91.0,-58.0,339.0,4.778964680500648,91.49229049410752,2.5707662579632617,118028833.0,0.669512982244354,169.91829957748604,50.37509323518739,19.676546045400855,1.6563980783014274,0.7926242337560114,0.25398683215971085,0.5078874356716334,0.2134911296590128,0.7804740718805075,0.2073377690582832,0.8982195094400113,0.8970264264665316,0.9988877534390141,0.9867953200196383,-0.19171176859400624,0.5271965827473043,0.19297133016788906,7.088048196293789,0.541310341748799,1.6286916924731285,0.6407502411329554,0.7259404232189046,14.176096392587576,1.3983238534899933,0.2616527664789306,4.781607056845172,1248.5106382978724,0.08854685377999094,51.070193672350484,9440.13304964539,0.3269106181781601,50.45531914893617,445.7377304964539,22061.498439716313,9.047617837660274,0.020402820626886982,0.012710485098342304,0.7713025162580801,0.0003822476957295424,1499.1069560610524,0.38554580751385326,0.9237032829729389,52.409827630762145,33.86427547340611,1673.3452800224427,0.6893473747997378,0.020776746952344695,4.334119296072446,953.3936258798585,0.23994612605176643,0.2743753409710857,18.893815376033476,0.49601441909289296,26.826372340301972,0.010636223738099788,27.405228758169933,0.179119142210261,6.7854244094151825,63.37908496732026,860449.477124183,42359949.568627454,17499.885296308807,0.03275495096321056,30.81699346405229,0.20141825793498228,0.44958340079087317,31.94742714727952,0.019860034119912943,5.614777749357877,0.010851063829787235,851956.5897731642,6.295584924004563,0.0008394356978438037,22.57227972565317,0.0006436648593087054,0.20418203509483285
12,Training,1.0,Male,54,White,R,BOT,2,2c,IV,II,Former,60.0,44,70,33,N,Y,1,0.8397636389686612,0.7335509336881442,22.068688828613798,30.084739607183025,34.20526275297414,35.84689665786984,31.304951684997057,36.945906403822335,10345.916666666666,25.26407040995263,0.6711131900637766,3421.377544147048,0.3306983474137508,10381.0,65.0,96.0,69191179.0,1.3360818502328184,16.0,58.503693395729385,191.0,10.576010590287153,80.03554570850592,81.0,-332.0,523.0,6.602379972415461,81.64052144810012,-3.466441307480517,69191179.0,0.5072503626659083,259.48616545935465,315.4138753149708,27.402038277956855,-2.6227621287045824,1.201947273897867,0.5483775902649506,0.3729074287286273,0.414647582351603,1.1291683622577486,0.374752739680076,0.8075186374452628,0.803620357348903,0.9988900254930738,0.9821909393188899,-0.09010161975032317,0.4402292898827571,0.3512046728164506,17.755294075168663,0.30844916132101596,2.441674751358078,0.5942364822117049,0.5130275021534866,35.51058815033733,1.926827453681836,0.43758121604070443,5.533730868227944,426.4002504575667,0.041075065066714836,48.500754654836925,5265.766014834794,0.4899194833476841,315.00635776900106,289.9272709758212,92897.65003371544,0.9063587935587022,0.0032910913179318045,0.025790695184946165,7.567836095260399,0.0001880002209195634,1677.1080361465174,0.36612105934748534,0.8346415920829007,310.0943522802357,9.955557850847615,3182.493068786341,0.03144435848381269,0.0034798169606706903,3.7390835224950205,1577.5813961909776,0.3418206786518837,0.44084977732988523,4.680713444887562,0.6023750882224618,184.49492523829713,0.00221585066628909,49.270270270270274,0.2219381543705868,5.009840922003084,290.1936936936937,242735.27477477476,77674581.84234235,759.5831587313478,0.008149637848606962,72.05405405405405,0.32456781105429755,0.5898599817219825,166.1394908782283,0.006730553596044982,4.6447591721978245,0.021385223003564203,240548.65922003085,3.210349158698308,0.0007274776432026496,44.26716923087699,0.0019550349728518607,0.2880629276609398
13,Training,0.0,Male,54,Black,L,Other,4,2b,IV,,Never,0.0,45,70,34,N,Y,0,0.2817606875688972,0.23055140206614508,21.91683118952528,95.06266712373908,83.81527307120105,81.60882305241266,34.36568055487916,86.0116271209887,25965.791666666668,26.784922450917925,0.4323693412799348,9807.619584301292,0.3777130969163451,26103.0,26.0,101.0,417926430.0,2.4739570626577203,33.0,33.431113399964225,223.0,50.94562443696152,50.71984063134506,78.0,-1020.0,1243.0,14.72970751196488,126.53326278116407,-5.222757781577991,417926430.0,0.27848798355189136,13438.164356378078,1917.0006981329777,192866.76015367222,-3444.7536106966186,76.34494116420407,10.578031371524752,0.7578360390585943,1.2861921938075156,1.9623995421736327,8.875665816112173,0.6846583876348936,0.6665023968582158,0.9962279216165553,0.9775199542481212,-0.1792955065419952,0.7535512160738258,0.41116335414661176,43.595396765606104,0.1147632306608978,4.427437231707979,0.7703631981197789,0.2691160707116195,87.19079353121221,3.296245802608742,21.73074313393223,6.544783759150296,1157.9762862506225,0.04436180846073718,39.586546525352254,7269.37183465502,21.557891998197405,1918.1882542236524,169.32547982990462,338511.6727579205,0.08722389257292194,0.0008283231329781987,0.07761078109952724,110.56155986808,0.00015479142712542914,3373.617130474591,0.21489629946868669,33.13657213174223,1868.0847954227056,4.443328486205946,8745.264336539381,0.0028354668826453154,0.0010178532122717928,4.362289159376868,7485.231894131133,0.4747658625219608,0.6003730782491844,1.6194609866010596,0.7152821937763516,1302.8512267851331,0.0008514489824384044,101.51977966950426,0.05083614405082837,100.0085716958011,1341.2563845768652,87319.34852278417,175034531.50525787,43.59435484273902,0.0026259366967127996,942.0485728592889,0.4717318842560285,0.7141424003507229,910.1741824086107,0.0015508160920782775,6.417948388397565,0.07650461632762517,87148.49469346732,0.8651196179013182,0.00029528404611374025,1282.9778356685563,0.015727782082717044,2.476386481038299
15,Training,0.0,Male,59,Black,R,BOT,4,1,III,,Current,66.0,39,70,35,N,Y,0,0.693768923677021,0.575651439444327,25.451154678474147,44.21278734756922,46.22769732530488,41.677331968349414,54.91812087098393,55.47972602672079,19606.583333333332,30.673457890884112,0.5774967522694586,6088.8581705036595,0.3105517196436738,19660.0,60.0,101.0,136131386.0,1.5827198275346308,20.0,104.3531430778376,235.0,13.247085695894294,80.89023397761953,83.0,-541.0,776.0,8.775724753203102,83.21227130433128,-4.874663606352361,136131386.0,0.4193007112778889,381.0521426716024,665.427439903037,53.558259486201976,-3.1955884439930413,1.6438883409587817,0.5432336700605537,0.501737467124724,0.41526071939391485,1.0956646182087209,0.3686391588171093,0.8037815461527917,0.8009210707776907,0.9994800894209536,0.9875157832772137,-0.1658503730551234,0.6182590237726361,0.36770460876505306,25.790543741794423,0.23599773987185307,2.7709456408843667,0.555589277840185,0.4341659821984352,51.581087483588846,2.2595176774825987,0.5467805027548338,5.929544255012493,821.8787385554425,0.041804615389391786,43.45500466216629,8243.451983723297,0.6839194355932853,663.9769582909461,280.5147507629705,187693.1943540183,0.41993210766694067,0.0015641642521615838,0.023953870300771018,15.150604553028362,9.120842552698405e-05,2813.195376035277,0.32040066827748576,1.1143477777281678,659.4291585442514,9.808404775823643,6560.808284605457,0.014809537408478311,0.0016441256556768975,3.964255852074825,2981.4470533309423,0.3356778189282109,0.44627905156898034,4.60977979523354,0.5926118718905447,388.62630826793804,0.0010294848143442418,64.06887052341598,0.17649826590472723,9.345915958988837,618.6060606060606,432102.6115702479,289231425.2644628,646.1594159853881,0.004507801067050133,146.1129476584022,0.40251500732342205,0.6583600599965995,402.97578235552027,0.003952629301919834,4.894721630417961,0.018463886063072227,429169.3298423757,2.4995005678445943,0.00043836556016132663,106.20040887179785,0.0013039595702983486,0.5535168678131285
19,Training,0.0,Male,59,White,R,Pharyngeal_wall,2,2b,IV,III,Never,0.0,38,66,30,Y,N,1,0.7718228132895176,0.6785315104683705,14.301624939888134,21.07731876743077,23.600847442411894,23.323807579381203,20.248456731316587,24.351591323771842,3463.5416666666665,16.267955467678366,0.8294461366200085,1334.6771139766076,0.3853503847872311,3485.0,65.0,104.0,26332817.0,1.6406277294885943,20.0,66.81569254504493,140.0,14.578787465855923,82.39569583931133,85.0,-333.0,473.0,8.619769027152746,86.9255143799288,-6.235766822990331,26332817.0,0.42164266203384454,766.994357370901,317.9077343378961,361.99075628893144,-21.617075148653896,2.8028113515105373,1.2074506327087842,0.3979535036757464,0.5486125830100205,1.2878702887003388,0.903877296137125,0.7684837085304447,0.7625810299701619,0.9973129646676315,0.9749818315447107,-0.1117641415329494,0.5312441506310612,0.4055557575683259,17.818775747835822,0.2207101609736353,2.9154134847094366,0.5129959846493032,0.41454587699990875,35.63755149567164,2.2930001521569414,1.0025654960548305,5.817420790454044,146.2183644189383,0.04195648907286609,43.91231335771877,1469.4246771879484,1.321201048148552,318.54949784791967,231.5119081779053,74250.256241033,0.7240631759284838,0.0035691083249387635,0.042081523579672035,11.377821476551377,0.0005451199800957631,565.5322010060415,0.316911290832587,2.303458422538805,316.342637295029,6.717184265222021,2152.449075623026,0.021846034036923773,0.003994128017984247,3.7664191541466487,716.3256560117342,0.3989931848693552,0.5116653790972299,2.8202384875710793,0.6535950705192237,205.24209986016064,0.0029073114110906755,17.83969465648855,0.13618087524037062,14.751354816152904,256.5419847328244,38200.908396946565,12313637.366412213,118.73502774858744,0.014363093267128431,59.732824427480914,0.4559757589884039,0.700668919455262,172.64168624477398,0.01304125915929865,4.7386580653870265,0.0375896700143472,37493.185944875004,0.8800337583845682,0.0020413706600336517,106.06379377924253,0.004121190962160259,1.5837318016221895
20,Training,0.0,Male,54,White,R,Tonsil,1,2b,IV,II,Former,,42,66,30,N,N,1,0.79189921175239,0.4641564622295631,14.665450769010878,31.59592069141035,33.1058907144937,33.54101966249684,30.805843601498726,37.322915213043046,7102.708333333333,25.020784690118884,0.6704381253266767,2665.271214524878,0.37524717184522965,7137.0,52.0,104.0,50337609.0,1.8708053976995163,22.0,9.222091722203153,160.0,17.52384176546416,79.84433235252908,85.0,-89.0,249.0,9.969112406985035,83.98243125787194,-2.0376895800281933,50337609.0,0.37149197665050177,677.9313511620652,61.1626972323217,84.96868154628747,-10.27333047534022,3.2244549166891447,0.6905234262574009,0.6438159896892303,0.49983922350904564,1.259073506400084,0.4318788625539897,0.7756693173939152,0.7681943302341363,0.9944934196973906,0.9594888824201152,-0.205919463317902,0.7015126410599651,0.3848291574340358,7.7800354608848945,0.20010025728818948,3.211980400204012,0.6855612677379707,0.39950784753551927,15.560070921769789,2.5610441480401347,0.9787445857366364,6.1884109729605665,288.5617206109009,0.040431794957391194,44.82277990580832,2651.338237354631,1.1643271287976669,60.80678156087992,242.6670870113493,15497.623931623932,3.9099159081091255,0.01922991349477621,0.025725085889933583,1.2030546160191313,0.0012760743476521563,962.4714814015756,0.2694958338457869,1.7601230762849123,58.32372310365163,8.240244089576858,518.1494787915683,0.14000253829030238,0.02199004254966534,4.08482600255972,1391.0826807824042,0.3810082695056948,0.4974725428697686,3.6328729136992903,0.632479581398215,35.41790408251422,0.01563686732250913,19.58108108108108,0.1323046018991965,5.541773192111029,40.6554054054054,122943.69594594595,7834091.972972973,1951.0781697765422,0.06405639551608167,31.324324324324323,0.2116508400292184,0.44456821009536385,17.08925033462086,0.03851986884557801,5.449470278900002,0.02073700434356172,120618.24082359388,6.0462458226809455,0.0012703913308945848,24.229262159529558,0.008663522774135539,0.10644990549230618
21,Training,0.0,Male,47,White,L,Tonsil,4,2c,IV,III,Current,31.0,46,70,33,N,Y,1,0.8060010931584014,0.5934584145115712,19.369135112201413,32.63772934813405,33.0,35.4682957019364,38.01315561749642,40.024992192379,6705.958333333333,26.306045532804085,0.5499374459936602,3127.121334754704,0.4663198277285306,6743.0,67.0,122.0,67026206.0,2.0198724501193426,29.0,51.71130386991869,163.0,19.62648689852516,94.38439863562213,99.0,-459.0,622.0,11.850349538288965,99.70013322622495,-4.7951465398074475,67026206.0,0.31189592058370486,1031.7018595189782,547.3185358555272,347.34238142065936,-20.270031083880436,3.8206740082537394,1.5512138529238355,0.42195021197829286,0.6828952676562282,1.48332835845112,1.0792080359562308,0.7237788156041709,0.7120372188094777,0.9978724073797435,0.9756587844713762,-0.12950524414563996,0.6159229910237033,0.444197086754888,23.38270836455417,0.12888041758442845,3.6256422418946292,0.5456407713312933,0.24490053322175862,46.76541672910834,2.7528097941296483,1.3429719652943937,6.193660680737983,321.5801572000593,0.04769096206437184,32.31267763435374,2103.1141924959215,1.7376715240189875,544.4072371348065,169.285629541747,94300.05249888773,0.30510183565988064,0.0020272537190748215,0.047228793443738655,21.476678232798772,0.0002793810629167821,1069.2099317963684,0.269203713249982,2.502148825316709,537.149387265604,4.451723385414879,2458.1715159403448,0.008406035243670949,0.0021815278572896797,3.818500032501928,1767.333991006028,0.44158752951156366,0.588325214752621,1.496804882419516,0.6870097282835091,364.2809176053379,0.0016120194084364471,35.28373702422145,0.12208905544713305,13.67926629230972,431.5916955017301,46240.100346020765,25669199.093425605,83.49107786396534,0.006398086446803047,114.58477508650519,0.3964871110259695,0.6525270431532167,266.2086075064938,0.005641875061322868,5.194062502381584,0.04285926145632508,45695.70972569772,0.9896164063715763,0.0011445611745758118,185.7841668103287,0.004171285427993875,1.3150419789898007
22,Training,0.0,Male,68,White,R,BOT,2,2b,IV,II,Former,15.0,46,60,33,N,Y,1,0.6938102723245673,0.39219444723420827,13.656573022604466,34.82092395471657,38.3275357934736,39.395431207184416,43.32435804486894,45.5411901469428,5153.541666666667,24.159114731614952,0.46455839077190886,3105.853812335342,0.602663956793857,5202.0,40.0,142.0,70227387.0,2.8567994547475153,48.0,44.6941804665497,419.0,39.42446580670699,90.8763936947328,104.0,-916.0,1335.0,20.93714849340305,116.18982052858016,-5.032572564696998,70227387.0,0.19066307120808387,5241.555463503597,1719.5213743551674,11640.676515869787,-312.92401765729034,17.602954727060226,6.860913009563228,0.4424673811588635,1.2298667076358263,2.017290411478926,5.32153524163869,0.6365039646987749,0.6085377721501696,0.9978367546217404,0.9791265702108067,-0.16313700507552092,0.7540878136676685,0.4481771333429914,41.43470324087907,0.06310235443827367,4.986871231946171,0.6649966626945065,0.168159164532801,82.8694064817581,3.566383203076506,6.115966934155865,6.707244652378351,295.39523260284506,0.05678493514087756,29.2484458333167,991.8292964244521,8.443771145897957,1702.2045367166475,107.20492118415994,188972.08458285275,0.06118677228971177,0.0008243860819860991,0.0874644730408756,125.6303637531642,0.00029263720169017725,594.926992366128,0.16341756820263748,11.243746672378736,1680.9352240658711,2.9644086315988623,5131.001809581133,0.0020563397496982283,0.0009346823502029687,4.23389279916073,2098.972676865825,0.5733416770881384,0.6988732144441487,0.8808490232396645,0.7843039780771736,1304.8752962309923,0.0008104451535756,24.826923076923077,0.059680103550295856,55.927277875369825,1397.141826923077,10745.41826923077,18811582.259615384,6.149615918558857,0.0036133242744547634,189.09134615384616,0.45454650517751477,0.7002936443171587,912.5197803308477,0.003420209587674829,6.072575685165528,0.07996924259900039,10589.048053809172,0.17990149269606087,0.001888682815044117,875.1413476333149,0.009281489995760468,5.740005612015762
23,Training,0.0,Male,55,White,L,BOT,3,2c,IV,,Current,1.0,45,70,35,N,Y,0,0.9576065619005345,0.7925837730244828,27.414553570236592,34.588840326143995,41.012193308819754,42.1070065428546,43.174066289845804,43.174066289845804,20667.708333333332,33.12250046484531,0.6359407144308878,5727.024531895796,0.27710012351292596,20725.0,69.0,103.0,164175005.0,1.4331954427241256,17.0,104.35385202591488,138.0,12.264767528130598,86.13447527141133,89.0,-403.0,541.0,7.216112934921929,89.00332870803075,-7.414274715464088,164175005.0,0.49020313747288063,502.4446908283994,441.89423033338437,149.21450599581735,-8.676526459064656,1.5961271735332887,0.7322745713618063,0.3725837139193055,0.42646023530328897,1.1335917310595678,0.5484299942051436,0.8078385783110859,0.804276813557937,0.9987127740215183,0.9826374608343973,-0.10632173325093719,0.4831705517135899,0.351280296997109,21.016140540048955,0.2998492015672537,2.50952017702238,0.4886835203543576,0.5122074033407955,42.032281080097896,2.0053999316946696,0.5821004362237736,5.63043971422605,855.996091676719,0.04130258584688632,49.84540988910731,10159.460024125452,0.8775037577792943,439.8431845597105,300.7494813027744,133133.76656212303,0.6802688490359446,0.0023630673385837834,0.028783903159622,10.85040459498133,0.00015138095734986456,2922.025789807852,0.3281410079699431,1.7624704772065658,435.7882854424736,11.245394090832386,4966.516091362098,0.02569194192466847,0.002498637654051227,3.93221028839069,3098.700805116672,0.34511668110767857,0.4292326250347964,5.670671409500982,0.6057050635304999,260.9121525918471,0.00160636958141796,69.34237995824634,0.14476488509028465,13.343046796344158,351.31941544885177,426279.8141962422,188828844.15866387,962.91445626417,0.006118194205145394,210.72025052192066,0.43991701570338343,0.6897114494481303,232.18513920144247,0.005197723004997919,5.040276854792572,0.023112183353437878,424407.76157705026,3.19608228930064,0.0003944863165157766,127.32570466961347,0.001625025218205174,0.5525916546971156
24,Training,0.0,Male,59,White,L,Tonsil,2,2b,IV,III,Former,,41,72,40,N,Y,0,0.7403048427903975,0.5536758180330971,18.945638405541345,34.21792642641444,38.62641583165593,38.07886552931954,32.202484376209235,39.92492955535426,10467.541666666666,25.33169664372013,0.6249061551232962,3703.1029639045346,0.35377007150560197,10505.0,7.0,121.0,100550132.0,2.8872318550988982,34.0,40.0893673874929,289.0,37.925892636062564,69.36316039980962,79.0,-916.0,1205.0,17.11308324461754,97.83478482304122,-4.249662021140375,100550132.0,0.21261071709240242,4760.397100721059,1639.509066161588,8679.407619992668,-214.5467473422876,17.34190549654098,5.065551357022604,0.5416753407053527,1.1712728489865945,2.0415338002846566,3.6622951787739146,0.6364364934341425,0.6053535202190594,0.9980500414221966,0.9778416415783628,-0.17308976978550325,0.7679700385295368,0.4262974734837051,40.45292285058486,0.07708293576678739,5.071789273484809,0.7052679786673223,0.20606643988474518,80.90584570116972,3.617010500993455,5.601864213390896,6.87392783907894,528.5284150404569,0.05031208139366558,35.635967786695716,2233.475583055688,7.708959188763719,1631.2811042360781,130.90880533079485,218142.64464540695,0.07889369685706699,0.0007653346996063986,0.0725412425120414,103.08205060289414,0.00019666254524439066,1132.1005191984327,0.16245722151672823,10.65114098192698,1615.7412812754535,3.496315211521001,5770.278312256901,0.0023531311748768557,0.0008482496780332215,4.473298289582685,3819.4354023456553,0.5449742866705644,0.6630469007432359,1.186973721572725,0.7651967188986133,1226.4561220616063,0.0007057890517623941,40.55488721804511,0.060984792809090395,51.59569449940642,1359.7503759398496,32720.966917293234,54433528.36090226,19.688435492642917,0.0030352431720954004,266.1699248120301,0.4002555260331279,0.6574163468795701,846.2476249007747,0.0027928629946259663,6.372253260696202,0.06330318895763921,32471.42194584205,0.4042092782953028,0.0008173335301023542,977.5024033287833,0.007565219670427502,3.2292269939736604
25,Training,1.0,Male,67,White,L,Tonsil,2,2b,IV,III,Current,50.0,41,66,30,N,Y,0,0.8140248641021756,0.6511832452009125,12.84480695914211,19.72533392682584,24.020824298928627,20.615528128088304,24.041630560342615,25.019992006393608,2752.9583333333335,16.056912269154438,0.7633654163158736,1244.3753590142708,0.4520138732021991,2774.0,82.0,127.0,31369404.0,1.7538492989934409,24.0,52.79912808807668,166.0,15.369140473726315,103.56669069935111,105.0,-229.0,395.0,9.848933643581146,106.34079563436586,-4.5126040678874935,31369404.0,0.3644912668828742,582.3053937349026,217.1078039634279,101.09820542695599,-6.6778924540402755,2.0794082118057475,1.097752827454141,0.30751189850215077,0.6388200115011025,1.3797981075603094,0.6856779198037268,0.7219910270690609,0.7120969368641585,0.9964998340264913,0.9656108329905402,-0.07096252771364585,0.44099616822253035,0.469654641970286,14.726240504789851,0.15440048759644084,3.246969835836936,0.43100765847050565,0.29199661799433035,29.452481009579703,2.3996148926616403,0.7942902598149723,5.810332701873552,138.55371304974767,0.049947264978279615,29.590245502448578,1011.098774333093,1.011064348162383,215.7170151405912,161.66618601297765,35465.64780100937,0.741770342942094,0.00528665152189061,0.044749330136529035,8.272780168512089,0.0008411879935333178,519.7015436725737,0.3139739319232441,1.428986732891056,213.66383634381776,4.245782085261792,925.1224409878786,0.020653032126996786,0.005754992345489949,3.4980835818897216,746.9627601909625,0.448397421342615,0.5964450113693085,1.3838416766693977,0.6927589236830016,146.6438901944671,0.004334887503953333,20.36936936936937,0.1835078321564808,9.368070773476179,177.43243243243242,24406.0,5318999.468468469,112.51467068420172,0.020598791450369226,40.85585585585586,0.3680707734761789,0.6264193876627672,102.26828809239821,0.018640866715072323,4.6933658412124855,0.04001441961067051,23781.45036928821,1.0879908222662715,0.0025162084180421537,80.78871594607502,0.005030180395905635,1.048556008372065
26,Training,0.0,Male,51,White,R,BOT,3,2c,IV,,Current,32.0,45,70,35,N,Y,0,0.7063761360006583,0.4408373795717582,17.500437449530814,39.69817048302762,42.5440947723653,40.311288741492746,40.162171256046406,43.01162633521314,8867.208333333334,28.041840272096433,0.4757158303890132,4355.063205126805,0.49114253792316875,8914.0,63.0,116.0,81395774.0,1.9850545410574192,25.0,88.98983711825001,175.0,18.681181367147566,89.34821628898362,93.0,-577.0,752.0,10.650441201355918,95.55746362000664,-6.669929003245321,81395774.0,0.32606427061187326,1148.1250994658953,796.5096010952236,866.5542970436096,-33.89452107681844,3.756637089903756,1.7718987248119378,0.350156223668602,0.709876904130953,1.4948563233551984,1.2636570798211457,0.7140345985136053,0.7017742828673632,0.9984138813545389,0.9792536647461466,-0.09415169375318942,0.5302268041165202,0.45975479605225456,28.213697345418034,0.1394037628852338,3.5508561940264043,0.49836154464768323,0.2651903997607628,56.42739469083605,2.626265960195933,1.382133953678923,6.0652551082566255,426.3549472739511,0.04782981234843517,32.14664808174479,2906.536908234238,1.9273434321096523,791.5222122503926,157.67511779223693,126492.25252411937,0.19704483687198862,0.0014073985124172122,0.05096450338251503,35.03164189940236,0.00021173873142189917,1489.1673176090085,0.27475122035797794,2.8305532126941304,784.7063040172317,4.188141923674946,3338.3141889387257,0.005499133785866568,0.0015106862604271805,3.7154678580278904,2554.4808057802356,0.4682633857174654,0.6075404290571443,1.4254147828391863,0.708968442487613,551.2424718005175,0.0011468195927483741,55.17910447761194,0.1372614539244078,18.90292319497042,662.1940298507462,60219.383084577115,48254757.31094527,75.24107443362982,0.0045564150604913015,158.01492537313433,0.39307195366451325,0.6518745998814824,408.8686189723886,0.00406638570528643,5.342611073182781,0.04509759928202827,59727.691072003174,0.8289643050796371,0.0008569739476873952,320.59102077675135,0.002909703566870714,2.05472102995443
27,Training,0.0,Male,55,White,R,Tonsil,2,2b,IV,III,Former,18.0,38,66,30,Y,N,1,0.7635793562267396,0.7084584466547583,14.25751541749515,20.12470242230457,23.323807579381203,21.95449840010015,18.867962264113206,23.40939982143925,2516.5416666666665,15.366807319878031,0.6755099620560693,1324.5096190587337,0.5263213546601588,2538.0,69.0,113.0,21923488.0,1.7033946307379875,23.0,64.67929908215523,151.0,15.198786483279216,89.32387706855792,91.0,-306.0,457.0,9.604040976103542,92.94135860149605,-5.4668352669582525,21923488.0,0.3843548123681585,659.3411241330359,294.66382888221756,130.14943118836976,-8.41800925651516,2.0734618275471073,1.0886533954943614,0.3115921831259427,0.5952505459732087,1.3300807076895975,0.7292716332439165,0.7413363683034427,0.7333715042391122,0.9974919966841649,0.9725193067617917,-0.0832173512593411,0.4601749452809588,0.44596954552552465,17.158598461235947,0.17701288880685484,3.0884211578740017,0.46528559775682327,0.3307913538888503,34.31719692247187,2.3364560245430694,0.7905288057603672,5.727178885987763,122.73522458628841,0.04835903253990875,31.502386731919117,975.4925137903862,1.1153635737576855,293.2316784869976,174.44523246650905,51828.64775413711,0.5896581849097287,0.003965075292861825,0.04084864127212356,10.239951186249776,0.0006889521172805343,470.7002729201388,0.32020454067271065,1.6794593479754916,290.48373517401365,4.576952438030194,1351.7246945381712,0.016500183495150977,0.004398080375662696,3.529868061369755,630.1174785763294,0.4249636393964326,0.5786203552161,1.5062531014807645,0.6719461299904969,193.0354180112313,0.003287689938201177,13.206896551724139,0.15180340864050734,13.425287356321839,238.42528735632183,27271.379310344826,8085364.574712643,92.23135232501446,0.019527640695819335,32.632183908045974,0.3750825736557009,0.6346848790185082,140.69383262423705,0.018087007791787606,4.825665054420696,0.034278959810874705,26420.34958382877,0.6843225715860511,0.0029388837685946946,94.16351518486465,0.004024906367109361,1.7019012937939262
29,Training,0.0,Male,55,Hispanic,R,BOT,2,2a,IV,III,Never,0.0,43,66,30,N,N,1,0.9078984205494738,0.573145508423344,9.716978603097449,16.953772576579578,18.110770276274835,20.09975124224178,21.540659228538015,21.540659228538015,1695.625,15.39230334463158,0.7613924237957195,903.1546330890865,0.5326381912799625,1713.0,67.0,110.0,13715605.0,1.6373309172549222,22.0,5.294021850854861,141.0,13.751697894845536,87.70052539404553,89.0,-29.0,170.0,9.64867152271939,89.48058261059536,-0.5781543215916428,13715605.0,0.38887576852127326,315.39250993995637,36.28321603072841,8.355431905410795,-0.5585228380354217,1.4863527993858499,0.6299035059180186,0.4043547771679077,0.5343657316498,1.2086575728837075,0.3420235038119514,0.7475582104594504,0.7422717282109256,0.990477275010793,0.9416569218504739,-0.09302852993300043,0.4924541232706099,0.46123476650966694,6.0057452504623985,0.1774640392319218,2.996351160342011,0.42763523203674986,0.3417627828703741,12.011490500924797,2.306644340758502,0.5290640763259671,5.746964691131403,85.8488032691185,0.05011605561536398,29.37042546455473,666.144191476941,0.5927625325921859,36.81727962638646,172.29363689433742,6233.136018680677,4.918303626033017,0.029842179088019716,0.03471225770675583,1.2030845477454088,0.0020399877614853145,328.84449471021344,0.33156047278531997,0.7713844325484701,37.07076431459213,4.550189815387861,166.01491072405526,0.13204806799949534,0.030795610255599813,3.4226943693510568,429.0633809101186,0.42931151360930486,0.5786519376712022,1.4962091092487586,0.6765434618843121,25.203215449001597,0.021543020233364553,10.76,0.2152,3.4084,34.1,21910.26,809619.6,605.5877177721089,0.0662750283446712,16.36,0.3272,0.5900941521808236,18.386126581887133,0.051711719033302295,4.1403929240992365,0.02918855808523059,20736.5124,3.4917137806602114,0.004228641213698285,14.917567389265711,0.009516044278485196,0.16933291286444951
31,Training,0.0,Male,72,White,L,Tonsil,1,2b,IV,II-III,Current,25.0,40,66,30,N,N,1,0.6757016524376814,0.5368141387100357,12.550842177029171,23.38023772471575,21.400934559032695,24.041630560342615,26.92582403567252,27.80287754891569,2968.7916666666665,15.798065264976252,0.7157306138543509,1395.6858614709072,0.47011916570015544,2992.0,50.0,109.0,21404966.0,2.0953006355808803,30.0,58.6127711966069,145.0,20.27914456375647,77.83021390374331,80.0,-398.0,543.0,12.701330214346418,84.5817130145198,-5.036160981860433,21404966.0,0.2903708016385942,1096.5239801681491,389.33885905407146,387.92133990086415,-18.42903248260524,3.7416090196848866,1.5354336990712267,0.41911558011345534,0.6680880838274967,1.4706452398475827,1.0820293858993923,0.7284668994092347,0.716182171907515,0.9971823426259304,0.9721868567680253,-0.14400802964323706,0.6445696948447905,0.43254863386907555,19.717682263413607,0.12030451664964983,3.686071900313036,0.6232665005245167,0.23512345731900688,39.435364526827215,2.7825034736426058,1.3192606796890283,6.343608166631989,133.52874331550802,0.044628590680316854,37.442477176213224,868.7894385026738,1.821436486602419,387.04077540106954,179.12566844919786,70242.66778074867,0.459858084062403,0.0031288383773672612,0.04761732197192089,15.275308908918534,0.0006133506430768751,433.03838331751564,0.24904262938844485,2.6656355134305025,383.11578492019686,4.6868643233373355,1829.3796562761515,0.013004543437043731,0.0035383225509892074,3.9007296673057748,777.8278056772972,0.44379401629646104,0.5806509666803785,1.649679480303783,0.6893047990391269,261.11232488975133,0.002736975917542701,17.40625,0.135986328125,14.263427734375,304.859375,19402.34375,7591156.59375,49.798560436392066,0.01452756692453786,46.890625,0.3663330078125,0.6224721174942608,174.01512730742635,0.012788554138052945,4.887296513474627,0.0427807486631016,18855.953125,0.6239648948285758,0.002754777235195616,137.37701253991898,0.006673144989768762,2.0363006531516024
32,Training,0.0,Male,74,White,L,BOT,2,2c,IV,II,Former,19.0,45,66,30,Y,N,0,0.8852857094963767,0.7524249022997311,18.36449331220442,24.407078043369783,28.178005607210743,27.018512172212592,27.202941017470888,30.757112998459398,6207.375,21.60723740235806,0.7276791657485983,2244.6545115203226,0.36161090823743086,6234.0,58.0,124.0,59481578.0,2.2338856362541613,30.0,14.34894014726283,302.0,21.474929878879408,92.43824189926211,96.0,-219.0,521.0,13.01442639208974,97.68049275768105,-1.735127939833864,59481578.0,0.27710659532226684,996.6500999568841,176.3228783687959,262.65562443911165,-16.617976693757694,4.649599787546062,1.5776263384617228,0.4928481773953929,0.7955121922690658,1.6256579471873365,0.9363283196697835,0.6829454290897415,0.6643816292633041,0.9968631838714692,0.966683461243705,-0.12017309680066092,0.6218360876076829,0.4693249800741369,13.249709754825309,0.10276953134217814,4.079179283050539,0.5686509899793367,0.19647653838289353,26.499419509650615,2.960502474478494,1.5568065315019468,6.306521725597803,321.17260186076356,0.05151950623368039,28.709900965335557,1727.482515239012,1.6885516817180952,176.4167468719923,142.96727622714147,25679.114854026306,0.8075012290008835,0.006368363547732008,0.047511694204242505,7.40873104696063,0.0005671777479348043,922.778651343084,0.23571991031340375,2.243384619248993,174.61826225225482,3.8005009007892934,676.7394020501944,0.022679259744370843,0.006765113633074662,3.8902394687479562,1901.103976422296,0.4829433202385266,0.6273413785444585,1.215533186611971,0.720139783277876,124.44242321087201,0.005152246805555379,28.51417004048583,0.11544198396957826,10.578308118474324,150.81376518218624,40727.72469635627,7331442.2105263155,227.85495233342616,0.015551017674459308,88.57894736842105,0.358619220115065,0.6216799610212294,91.28385955950573,0.009396194555424694,5.392599629778767,0.0396214308630093,40090.72431936272,1.7362061278443601,0.0013189420100051604,118.18818273182679,0.005173436681158533,0.4837163553139721
34,Training,0.0,Male,52,White,R,Tonsil,2,2a,IV,III,Former,1.0,38,66,30,N,Y,1,0.747852524974274,0.5609466749585176,15.346581116424833,27.358360075063686,29.154759474226502,30.479501308256342,26.40075756488817,32.526911934581186,5776.458333333333,20.46001866129175,0.6502920428421123,2394.143153051778,0.41446557992745464,5810.0,-1.0,117.10000000000036,44492052.0,2.9321161407283154,40.0,6.457603091681112,385.0,36.36906645021196,68.6605851979346,74.0,-222.0,607.0,19.889875638802174,87.50908681609735,0.012070992594308239,44492052.0,0.19275034734462806,2943.5643156644287,153.3839250489468,923.4307536701997,0.099906431560633,12.207922406115747,6.82577620857333,0.2912087964087553,1.5602104040067468,2.332389108035556,4.1278784897888166,0.5819740173686885,0.5408347176544316,0.9900516007983573,0.9462186959127619,-0.14015638575788741,0.6737267282494036,0.4061713931020089,12.330379608067208,0.05636532763216208,5.466849227000809,0.5511428483375614,0.15707728704101992,24.660759216134423,3.622968062129065,4.758424653672269,6.739239397402233,350.72667814113595,0.060366037545806536,27.227116402665004,1119.879518072289,4.7671473007841545,155.3382099827883,96.49191049913941,15383.043201376937,0.6294566334192004,0.007917219876597454,0.08141890908316456,12.479167485509848,0.0012553473271965624,659.8328331060833,0.1582206061085796,5.840478291539281,154.46612081925977,2.7655898323264663,433.4326920814987,0.02022779910245261,0.008379422079854886,4.246207172114303,2529.3657153833547,0.5977164650134273,0.7183635641466968,0.7628966257676169,0.7974603208015346,122.70550027308204,0.0069868270630932035,30.42452830188679,0.0717559629761481,18.607862006051977,158.3938679245283,8927.61320754717,1415722.7240566039,57.23255796161885,0.016598549342725446,131.41981132075472,0.30995238519045926,0.5769291413085827,87.84949890596471,0.012751182830549726,6.197173486854033,0.0729776247848537,8739.845652367392,1.6279189816588817,0.0012911808624495535,326.54155369301844,0.01872719526290335,0.4184130723935173
35,Training,0.0,Male,66,White,L,BOT,3,2b,IV,III,Never,0.0,38,70,35,N,Y,0,0.8011782580398991,0.7051111042225677,20.79391058840366,29.490261128890236,31.400636936215164,35.12833614050059,33.37663853655727,35.566838487557476,9287.75,23.626956040386027,0.689431605365152,3099.3213909132774,0.33369991557839923,9325.0,71.0,109.0,80353245.0,1.5263517387435352,19.0,18.640517876317038,221.0,12.038459248611003,91.34380697050938,92.0,-158.0,379.0,8.093598706478858,92.82763582678571,-0.9399187885382839,80353245.0,0.42220494648851065,273.2789013246699,125.35679463042393,11.59095410640004,0.03050013082622146,1.430602801202013,0.5167936422175398,0.4685290073981331,0.44332345993821876,1.1129430436057908,0.3184798837887147,0.7876550024689164,0.7847191237771184,0.9980134057651449,0.9741427274624269,-0.1373183078293979,0.5710650589999218,0.40004466458945337,11.186077666644412,0.21319731766144448,2.7806073913023224,0.5331844365411138,0.3873557181080809,22.372155333288823,2.235083486948321,0.48684911085488813,5.90703922200517,416.2707774798928,0.04464029785307161,36.70463140251134,3937.061126005362,0.5314417094926291,125.22069705093834,248.1021983914209,30860.624450402145,2.0131799813917706,0.008259831776135613,0.020823718193859673,2.42322028905592,0.00033265255525800116,1587.2088767180403,0.3549813157490013,0.7421881081392333,125.5103905553922,7.6148108878455485,947.0159364101886,0.062176376958462946,0.008447204638508008,3.7462185203236236,1558.2516179709928,0.3452229949006063,0.47924932975871315,3.1307853741111193,0.6006662217894396,75.26632058810985,0.0052296094532422914,42.829787234042556,0.3037573562698053,4.21135757758664,109.09219858156028,252458.914893617,31554895.269503545,2029.9381707563632,0.019362216423462284,40.5886524822695,0.2878627835621951,0.5519204847027822,58.388488812517274,0.015039030896513343,4.482916296884209,0.015120643431635388,248085.10950153408,5.136236708373629,0.0008097966022739842,39.92691243428842,0.002627796805948872,0.19681646870849698
37,Training,0.0,Female,54,White,L,Tonsil,3,0,III,III,Former,26.0,41,70,35,N,Y,1,0.8644155297661378,0.6051682339452051,21.003940830680953,34.70760633576605,36.40054944640259,36.68787265568828,42.80186911806539,44.01136216933077,14078.625,30.001793917645774,0.6223433860965933,4530.653754786116,0.3218108128305226,14122.0,50.0,106.0,108207182.0,2.0997080958158603,27.0,91.08970418501457,177.0,21.560234913264487,75.25180569324458,80.0,-761.0,938.0,11.684134018501547,87.53463797381048,-7.433805846184288,108207182.0,0.30965461698500013,1999.4785851122235,1199.5171379297217,2655.910602464668,-86.80512037605111,6.2060530632493816,2.5392395039400695,0.41683678380511857,0.7977698694890688,1.592940576885002,1.895560153799641,0.6993741263711919,0.6845907200940056,0.9984717442520832,0.9809144007999293,-0.10826222268464819,0.5780575196310442,0.4620012869912479,34.62080763377124,0.12008382419021726,3.8207539294816675,0.5926890698117971,0.24439820828461345,69.24161526754249,2.8168611522965388,2.186323141797363,6.222163544007916,677.7590992777227,0.04799313831452505,31.657610884380375,4372.942501062173,3.260758789997641,1195.3534910069395,162.10111882169664,196069.05806542982,0.1343346563935244,0.0009513640854090367,0.049543879715702344,50.087181720128214,0.00015857744725753805,2210.692924923439,0.2610548274248904,5.007445169834515,1185.857750387144,4.317662832069059,5196.399082365508,0.003784071105544378,0.0010346476371934502,3.891734577305596,3921.930819357981,0.4602455468262635,0.5991851230485985,1.480334798337927,0.702739010909165,826.2235966116602,0.000788258446627852,55.41,0.09235,35.91104166666667,958.5516666666666,97254.52333333333,117510307.55333333,80.56800425883394,0.0036221869910307825,254.47666666666666,0.42412777777777777,0.6770742978364359,604.9768829842624,0.0033076992190399714,5.72829771455072,0.0424868998725393,96700.54865555555,0.9236343720835783,0.0005088990058570031,524.0587436322487,0.003759658882891553,2.09234424525925
38,Training,0.0,Male,47,White,L,BOT,4,2b,IV,III,Never,0.0,38,70,35,N,Y,1,0.8162362089165517,0.6735446082659389,27.227331566363457,40.42394702922655,49.25444142409901,43.41658669218482,51.73973328110612,52.009614495783374,20492.125,32.995489272579384,0.5694576107101965,6359.369414499333,0.3103323552095907,20566.0,67.0,114.0,180097483.0,1.729554982915907,23.0,45.18869914674024,406.0,14.740247769225919,91.28430419138384,93.0,-430.0,836.0,9.858066169960193,93.57910902036427,-2.1485042029088346,180097483.0,0.364689914342705,424.22545334012347,493.2131096883714,57.29928676659744,-2.5079574261550426,2.085205030997405,0.6553536746801115,0.5217665635553611,0.4841877171936412,1.2033381979049833,0.4177542241516928,0.776165283004417,0.7708285603312295,0.9994731762042324,0.9866670435823693,-0.15992122085995936,0.6356798602998666,0.40249985813838973,22.200351751524128,0.1736506660834796,3.1098808672768445,0.6472479752460686,0.3173336675104601,44.400703503048256,2.465096069241511,0.6851396764193791,6.143143108723457,901.0775065642322,0.04381394080347332,37.81495495052969,7500.212778372071,0.7623832243984588,492.22337839152,241.47447243022464,119614.2729748128,0.48914252395622904,0.0020941331858480064,0.025015866897052975,11.585620510446764,0.00010644078212676876,3138.6494499840574,0.3115536131134334,1.068378879566672,489.5957521972648,7.292954782395265,3602.674446561886,0.0149243369846626,0.002163111141740797,3.906887173414474,3593.3955929944123,0.3532010504919425,0.48957951510708486,2.993794190133476,0.6078644204125454,295.86275170236075,0.0013656657075555591,70.5,0.18170103092783504,8.126600860877883,452.0541237113402,384181.76288659795,190407365.9742268,776.707955396335,0.004990128123386346,159.86082474226805,0.4120124349027527,0.6671702124717918,294.4269115901152,0.004269923338814305,4.867192854946194,0.01886608966254984,381372.21646827506,2.698725457682342,0.0004089834472174599,125.08043550645961,0.001203999286587309,0.42636778772224404
39,Training,1.0,Male,45,White,R,BOT,4,2c,IV,II,Current,50.0,41,70,35,N,Y,0,0.9003746495593699,0.6791092233501104,32.163687199809004,47.361582045878386,54.589376255824725,62.76941930590086,58.412327466040935,64.50581369148055,40919.833333333336,42.643167837135096,0.6316399590384916,9091.532562675528,0.22217912005202514,40992.0,66.0,115.0,843387610.0,2.095773166100381,21.0,42.75124578020394,213.0,44.942301416669864,72.11407103825137,94.0,-1011.0,1224.0,9.571935930311113,143.43794490252935,-6.125437295842563,843387610.0,0.3496990304480881,15374.004796151085,1990.3344943506756,395024.078400055,-5854.155582837352,99.58562626790821,6.029145028040157,0.8863637671554889,0.8922791207203122,1.5927261731006992,5.207533839642047,0.7395120675806398,0.7294379138310728,0.9978281704696681,0.9840315882805825,-0.2224006036481912,0.7658541447237366,0.39758463877845723,44.350253768352815,0.16555110403108875,3.700494803048697,0.8992230032950149,0.3073412013826628,88.7005075367056,2.879771637801904,26.403692823987054,6.348117721499863,1738.2152615144419,0.0424037680892477,41.37249279680855,14334.862656128025,24.682319211025582,1996.2788836846214,229.09431108508977,469792.2696623731,0.12723564215251357,0.0009886637673075657,0.04061583767760497,57.688935071248146,0.00014772429907750117,5671.349481025454,0.269033806286201,43.41354331949047,1945.6759883298596,7.099622890031919,14442.699143970422,0.004809972023890456,0.0013509725488015311,4.422118533432852,8322.44785648946,0.38914917228036294,0.511493799915931,2.984142928223277,0.6412410656468862,1213.1122420017246,0.0010894311085841107,60.35382685069009,0.03786312851360733,147.32346361591226,1279.219573400251,355193.2710163112,728938204.0163112,173.40483751148204,0.004449976660016384,576.9585947302384,0.3619564584254946,0.623017118714762,727.3383254860952,0.002900155242266527,7.084483056595152,0.0388856362217018,354531.9359029862,1.2965140776942228,0.00018596368055333705,964.6028484677366,0.011527251451276692,2.5168414819992235
41,Training,0.0,Male,53,White,L,BOT,1,2a,IV,III,Current,27.0,39,66,30,N,N,1,0.7591150122555904,0.5679068577094879,10.435632210518074,18.375605205064115,22.090722034374522,16.76305461424021,21.37755832643195,22.22611077089287,1658.0416666666667,13.949197770446139,0.6634288685072224,1021.1433633003145,0.6158731615914242,1681.0,46.0,87.0,8469060.0,1.584315348860268,19.0,5.240652974175473,113.0,12.8449624720562,68.84711481261154,71.0,-17.0,130.0,8.344417504611174,70.97963277509659,-1.1298427854709552,8469060.0,0.3885109179438742,298.1830508666515,19.041880146053575,8.515958735985578,-1.2956430199018654,1.343269786806149,0.6140489687586922,0.3715888038361429,0.5257981908762482,1.1977477356683173,0.333628880538852,0.7511654279599802,0.7458910618004126,0.9838148932550794,0.9264298917876762,-0.0826239270796295,0.44875029777617564,0.4544174828910228,4.342739815339089,0.18428801308103748,2.8486509058940115,0.46239057436708336,0.26105215365803347,8.685479630678177,2.17188528018218,0.4893296888912102,5.703259471961878,83.88518738845924,0.04990195561478837,29.528400314110073,653.0868530636526,0.5775237183894887,18.8720999405116,167.9161213563355,3363.9345627602615,8.977490746248925,0.0647658470487144,0.03856003117088458,0.5838736010851928,0.004900654573520571,343.18345485097205,0.34807619606218243,0.7174664829974753,18.254264789693732,4.375483453355419,85.3839525064882,0.2553464716320253,0.07137956760901218,3.335685403014871,429.6042296051324,0.4312256643426765,0.5860064979636663,1.382389045028817,0.6766536647943266,11.942278758694922,0.052851734172254076,15.25925925925926,0.2825788751714678,2.2043895747599453,13.814814814814815,19805.425925925927,390734.0740740741,1059.3807458847737,0.16670267489711932,20.925925925925927,0.38751714677640603,0.6436527127123339,9.210718990399343,0.09890110629301173,3.6685686994764675,0.032123735871505056,18836.37208504801,8.217892814706824,0.0038744157432908798,7.356579435108194,0.017377985719540724,0.06481740513176
42,Training,0.0,Male,51,White,R,BOT,2,2b,IV,,Current,1.0,47,70,33,N,Y,1,0.8923371350151879,0.7218423790213016,15.539453813625876,21.527488916201893,23.345235059857504,24.08318915758459,26.832815729997478,27.748873851023216,4184.666666666667,19.20977778355481,0.7529693257154015,1667.8132502270219,0.3985534292401677,4210.0,46.0,103.0,29183209.0,1.975301088137618,25.0,74.72511028769618,148.0,19.55167382264826,76.66769596199525,83.0,-615.0,763.0,11.008817570198469,83.25790426336583,-5.470825681154273,29183209.0,0.3442395382558212,1053.9430182068484,823.9471159233836,454.46661104475766,-23.155200064318443,3.647989234987355,1.6799564821126154,0.36559629554189654,0.7136015865702897,1.5490278642303927,1.1662298408336882,0.7183333749147262,0.7039585341367538,0.9983611635501023,0.9784745830681282,-0.0944422868329004,0.5280293933957637,0.43223901150327454,28.695901084261443,0.16514427164852621,3.5368118624124345,0.5232530510565977,0.35340642055407184,57.39180216852289,2.599611642989413,1.3319864292749928,5.9742305395628765,181.78147268408551,0.04317849707460463,43.49245400330623,1449.2484560570072,1.765646831150806,818.9242280285035,185.19857482185273,155171.68052256532,0.2215386824338613,0.0014704649988346553,0.049335855273205664,35.935288321146174,0.00031038285965361793,620.8341987278345,0.25387080551373703,2.634292379546643,807.8310782283954,5.035844219208811,4184.179978116798,0.0064977387940263285,0.0016666242031799694,3.797090553284127,1155.867216230508,0.47069122410152914,0.5806139228942079,2.0331218701403313,0.7121709016735832,568.8327608739638,0.001318861689051021,20.977900552486187,0.11590000305240988,14.985378956686304,699.3425414364641,32319.71270718232,27014741.58563536,38.706757677958215,0.007072973397782599,63.81767955801105,0.352583864961387,0.6102789785237527,410.6934267770455,0.006531038904989845,5.174343712196694,0.04299287410926366,31778.70052806691,0.5780856263555613,0.0018781451712549901,152.8827351452124,0.005880524180535367,1.7136829267582736
43,Training,1.0,Male,54,White,R,Tonsil,2,2b,IV,III,Never,0.0,39,72,30,N,Y,1,0.7133177167144144,0.44343846257405856,18.11725599506496,40.85630256315261,41.78516483155236,43.382023926967726,33.015148038438355,44.01136216933077,13990.583333333334,29.143524457741293,0.6420981021143362,4372.937665296924,0.3125629261560638,14040.0,43.0,99.0,91272994.0,2.1125175042230184,27.0,127.95493559723212,202.0,20.99086918937346,68.14729344729345,71.0,-844.0,1046.0,11.633028539088212,80.6283169771979,-8.481059912813512,91272994.0,0.30510901900146914,1856.871894383974,1395.0836182235723,5666.6503003882635,-127.82021337082611,6.299850172473642,2.086639602902484,0.48558703738754205,0.8257954524701981,1.6027640781560435,1.381060620197733,0.676019464709771,0.6572607782933683,0.9989367398090168,0.9817693212860887,-0.0952504427509479,0.510257508839257,0.4816855820418042,37.33670823447601,0.11450238109020722,3.856323103878589,0.8005382201740714,0.21221321724200637,74.673416468952,2.7568905564594575,2.096622443844031,6.116022634441977,738.0462962962963,0.05256740002110372,26.92559335963182,4283.730626780627,3.0473131508672817,1390.312678062678,137.63376068376067,192498.25142450142,0.09865287495958971,0.0008360203459793371,0.04684231908374668,58.32025521553236,0.0001495090974602698,2327.196656479239,0.260851331286877,4.523519455183657,1384.3024991670218,4.1434157293875575,5781.667513773077,0.003161811741579579,0.0009108657340480056,3.7695898537792027,4500.91633378656,0.49477686132414433,0.6337771203155818,1.3916167564548836,0.7234213140105902,996.818799229919,0.0007128966439176752,68.50255536626916,0.116699412889726,37.33861142470739,1208.563884156729,96172.3339011925,134624119.32197616,68.76009310961658,0.0035206348100930564,169.54173764906304,0.2888274917360529,0.5498917598731535,612.8816887254454,0.0031465065247965,6.021373585953222,0.04180911680911681,95600.25225716765,0.7920176736037741,0.0004883618584304117,702.8826430172365,0.002848323395074737,2.938437590207354
44,Training,0.0,Male,57,White,R,BOT,2,1,III,II,Never,0.0,43,70,30,N,Y,1,0.8973476244979489,0.672654131065873,19.376275268063473,28.805703218324478,35.6931365951495,31.78049716414141,34.23448553724738,36.27671429443411,9665.208333333334,25.84872935495639,0.6933609652030921,3164.6975887225753,0.32743190623301704,9710.0,51.0,95.0,75492474.0,1.9217845469941803,19.0,118.80012947517007,281.0,20.874905355197747,68.01462409886715,75.0,-911.0,1192.0,8.355946105247424,88.17433928964712,-9.241440840356908,75492474.0,0.35810867367880705,3148.7250178556087,1629.9145890799466,21156.559086163245,-413.8664321920251,11.926835873012127,3.8648004058728094,0.5124868369085517,0.7343308020175492,1.5012472309446427,3.317376964880858,0.7528420496864214,0.7432031185317319,0.9985722051597883,0.9862664285539827,-0.13399197486567993,0.606254310633705,0.38997150106053213,40.34722567133019,0.17330381057343838,3.32597288262908,0.7016941308810151,0.27541628664948026,80.69445134266039,2.5686150157905723,3.947909069721235,6.221088132097141,398.7501544799176,0.0410659273408772,45.263462619890305,3477.235221421215,5.117744868965181,1624.9605561277035,232.03748712667354,382117.76282183314,0.14132463070914258,0.0008116805928089046,0.05276004552990901,71.6959055281989,0.0002116596597893596,1439.1762943287165,0.2885280891780404,9.359072070170793,1604.0979765967604,6.656653892230874,10916.671844703726,0.004451943030970302,0.0010055602815858418,4.12830136057253,1988.6380136689747,0.3965553600984125,0.5128257941852176,2.771240423408508,0.6518865734770916,1030.8638160877333,0.0007920211193609605,44.67835051546392,0.09212031034116272,52.64784780529281,1316.1938144329897,67722.4206185567,111400867.37525773,41.200601041473014,0.004304698501397996,229.19381443298968,0.47256456584121587,0.7146216299949217,898.2840629228166,0.003934764173776782,5.628223573143429,0.049948506694129764,67321.59545116378,0.4488623545488509,0.000692269066393957,720.5148608182553,0.0035715661940304236,5.104408053145548
45,Training,0.0,Male,52,White,L,Other,2,2b,IV,III,Never,0.0,42,66,30,N,Y,1,0.7827127718621011,0.5881252833686809,11.737302957537104,19.957147379054753,25.317977802344327,19.1049731745428,23.345235059857504,26.720778431774775,2291.75,15.620714143520411,0.698953267005336,1202.6727714937956,0.5247835808852604,2319.0,41.0,105.0,16481477.0,2.1546535640669626,26.5,38.06788326830735,146.0,23.330722581386567,73.84864165588615,82.0,-414.0,560.0,11.953990402850215,84.30390465335303,-4.494172441337567,16481477.0,0.3127790543313472,1653.5264653821546,426.61770392902844,526.1428913649875,-32.54632740983531,4.852183541786809,2.5961915818433705,0.3059754100959571,0.883714131408047,1.748804331832687,1.8054526955083834,0.6855507876887875,0.6661240521831691,0.9955595185114601,0.9655232682558026,-0.08209707622003987,0.510175603793576,0.44159867091533334,20.641064473620027,0.1341433682389221,3.846568508790737,0.44134702355637806,0.300991973978725,41.282128947240054,2.770934404964741,1.862093780907545,6.005192747176746,109.37861147046141,0.04716628351464485,36.540359082525235,725.3346269943942,2.7387825528133365,422.379042690815,146.08063820612333,64222.65933592065,0.33408381618283156,0.0033670786060144404,0.07638813191204218,24.769000149170328,0.0011982916013188363,358.2987318472773,0.24273478893698966,3.902089532804978,413.52484266373165,3.8248492099779225,1652.5787775817112,0.010450711090941135,0.003989535664231559,3.784495504987584,757.1257847627847,0.510077999038515,0.6359173383752944,1.313087401866994,0.7407745092304798,300.4383018425781,0.003391767759176999,17.879518072289155,0.10770794019451299,14.230984177674554,307.54819277108436,9803.259036144578,4284352.668674699,22.493379522578266,0.016673341807124074,78.95180722891567,0.4756132965597329,0.7161763614889449,205.71672217971692,0.015831751802057877,4.884083233862641,0.07158257869771453,9608.101502395122,0.48611988457405153,0.0031715151619085757,169.4141029635188,0.011522975827596944,2.09398669284106
46,Training,0.0,Male,46,White,L,Tonsil,2,2b,IV,II,Never,0.0,43,72,40,Y,Y,0,0.5557341262897096,0.2529409857086468,9.278933800758258,36.684184553017886,24.351591323771842,42.0,43.41658669218482,43.41658669218482,4343.0,20.386653251221855,0.6171429162515545,2085.890929914557,0.4802880335976415,4373.0,51.0,96.0,25647494.0,1.742105736572861,23.0,13.818233632180212,144.0,14.642011670788811,73.9345986736794,75.0,-192.0,336.0,9.597318627763936,76.58306255255864,-1.3697571328433449,25647494.0,0.3604979603494805,398.64058889107537,132.8300721441574,19.13061475382575,-1.3765300791570358,1.7892036179208033,0.7657351189461369,0.3993840775657215,0.5606609955594044,1.2974071295958873,0.44682414620172456,0.7457606205703716,0.7379372653525602,0.9962117787323244,0.9634073183191691,-0.09887427593257238,0.5094047915061185,0.44215791896828294,11.514084741187633,0.16080371188833315,3.178663153375353,0.4250357962904699,0.2664314365193455,23.028169482375265,2.4095414754320785,0.638734684216735,5.9948865043613235,206.64052138120283,0.047253720873817254,32.99591421466644,1576.457580608278,0.7261035576343183,132.48479304825062,182.45254973702265,24585.445689458036,1.3684821375761853,0.007953709225852834,0.03431928670675499,4.0135215240130755,0.0005571521185901221,785.6440146843717,0.31591090703670105,0.9559765611289482,131.1432775864741,4.892692108187467,655.5176349159933,0.03749073621303,0.00827014480814246,3.5930192210739085,1057.7447214092933,0.4208235541968198,0.5682597758975532,1.7010969683322748,0.6683859027790464,86.80520051086873,0.005752194593035612,24.700787401574804,0.19449438898877797,4.510881021762043,113.03149606299213,50358.87401574803,6771624.472440945,377.40741295775246,0.018036235541274797,42.30708661417323,0.3331266662533325,0.5976514047816273,63.436484901727816,0.014407809008329728,4.697424846148783,0.02904184770180654,49173.2376464753,3.0882731024424777,0.001682199725266033,33.48513108977334,0.006069200841629859,0.23820331723268795
47,Training,0.0,Female,58,White,L,Tonsil,2,2b,IV,,Never,0.0,41,66,30,Y,N,1,0.7558630123586111,0.5567457794712358,17.52347422018132,31.474821842069606,34.40930106817051,33.54101966249684,30.4138126514911,35.38361202590826,8444.166666666666,23.790653650997342,0.6858134712516144,2924.0355200752465,0.3462787549679558,8485.0,62.0,194.0,136668320.0,2.8298230398877893,36.0,8.964612617149804,448.0,40.36046573922089,109.950972304066,96.0,-385.0,833.0,18.222215955009958,126.91355360398384,1.4521689931442323,136668320.0,0.21955035212404717,4017.83377778179,445.9852280763597,3712.6353543593823,196.9063958384166,22.459889196305973,2.8109991253249484,0.7769710236567442,1.0131808848822303,1.908710878535541,1.7391453063873088,0.6566209566731975,0.6289713298788845,0.9976465391124996,0.9723450928107156,-0.24343265016007848,0.8497606892460681,0.4230830705884564,21.001731782503047,0.0837146979570938,4.883709761987318,0.8599575664086967,0.21288277425154745,42.003463565006086,3.6354860981778208,6.31772208040773,6.801722817625749,409.78609310548023,0.048295355698936976,36.242889247168826,1862.8847377725397,6.52911064587964,444.16959340011783,144.72916912197996,59837.40164997054,0.35361650343036655,0.0025478088888603637,0.05728888283831833,27.108690956598473,0.000324396592731867,887.0210495483685,0.16398484324861878,8.74140390164584,457.36904680620034,3.8406587122464733,1645.1874978412698,0.009518534282520948,0.0026228751480376505,4.5181697271539605,2832.1479480714324,0.5177953051118569,0.6378586646117583,1.3227678461212666,0.7450223176598029,348.8265616585308,0.0020089596679188034,26.05679012345679,0.06433775339125133,28.179765279682975,471.4641975308642,33466.6987654321,13777870.47654321,81.64169744751415,0.006384644080550313,128.79753086419754,0.31801859472641364,0.5858652606279549,257.8607975336234,0.005453834423884628,6.354586595739945,0.047731290512669416,33027.77040085353,0.7751788755148671,0.0012323338888511057,315.0066796395282,0.009194572155268007,1.1753451904606422
48,Training,1.0,Male,50,White,L,BOT,4,2b,IV,II,Current,,43,70,33,N,Y,0,0.7755909218070087,0.51831507600393,28.285543338650996,54.57210227555975,64.07027391856539,56.859475903318,61.29437168288782,66.94027188471824,39322.875,42.32562710884775,0.4891328477611004,11432.84030931305,0.29074273712980164,39408.0,13.0,65.0,93505369.0,1.9205319678531256,27.0,74.38010117332983,581.0,17.751744837500816,40.418975842468534,44.0,-675.0,1256.0,11.435258494553475,48.71089137857832,-3.3657434364315137,93505369.0,0.32480798929104043,739.0573307416007,851.1787410665875,383.89101665372976,-12.83396931853609,3.2637706223883707,0.8119598967305264,0.5988184743560182,0.4886579399673057,1.2186432704919925,0.5698134392477535,0.7807852422474758,0.7755205133595628,0.9996935999190083,0.9907073702021557,-0.22029208400892303,0.7387057786075775,0.39149725451427764,29.164459704512215,0.1551165155527895,3.29209386169363,0.7130466775471271,0.2524699462673009,58.32891940902443,2.663439215787479,1.0189326297797243,6.365315206789235,1667.164382866423,0.04230522693022795,40.891683208687105,12800.033241981324,1.2690892189535041,850.473584043849,253.49720868859114,217994.6101045473,0.29553946461198344,0.0012169140293019807,0.02609748334852478,21.47651177998942,6.790335792187083e-05,5278.161959259252,0.2801412169844778,1.9729132260007747,843.5674572277599,8.029719786617834,6891.2207178924355,0.009460358049234294,0.0012685962833440486,4.180143159820239,6755.830151337144,0.35429651165322024,0.4776538930010306,3.470039959614839,0.6108741870746301,512.0169458175097,0.0008102703033406721,88.7481662591687,0.10849409078137984,20.2616316258272,818.9804400977995,583076.337408313,502338542.4193154,677.8401896472312,0.0029689888229922135,290.81907090464546,0.3555245365582463,0.6192275407292034,500.2761532132677,0.0025002163215040525,5.880848695110504,0.02075720665854649,580755.40666304,2.0152755964001487,0.00022990376649171677,354.68188246588545,0.0006587408801701541,0.9263330450770387
49,Training,0.0,Male,58,White,L,BOT,3,2c,IV,II,Current,39.0,44,70,33,Y,Y,1,0.9335118300430871,0.7089714904689843,33.13458640852025,46.73613375708766,60.53924347066124,57.4543296888929,60.728905802755904,61.38403701289123,41082.083333333336,43.6287337527174,0.5935441301747018,9700.618298043173,0.2361277109374891,41166.0,75.0,125.0,483253068.0,1.9971772184891319,24.0,117.88294517541367,1105.0,18.721387889047953,101.11485206238157,101.0,-703.0,1808.0,10.368791196109738,108.3472705261283,3.3223954253046752,483253068.0,0.33333194306718983,1514.91772286472,1130.4600869521814,4915.617832507518,85.3530384281546,7.024826784123823,2.078315845877729,0.544195167594115,0.6607314526301475,1.4448689856813925,1.6359116436936252,0.7418552035549785,0.731928133214538,0.9996331879091851,0.9914060709329432,-0.14990454300775055,0.6511517621645732,0.4215124010197589,33.60392008880638,0.14879756526826748,3.553810800219814,0.7041153049227902,0.26515080266499114,67.20784017761275,2.736594830761649,2.2757856575003883,6.30694017660373,1784.664626147792,0.04335287922430627,39.040828602020426,13721.94276830394,2.506028460131141,1129.0699363552446,218.93013652042947,247212.5694748093,0.1942020520813814,0.0009218195890395419,0.037188827649220144,42.63490160542394,6.46101380461702e-05,5847.380828690401,0.2715228185691838,4.302059958418931,1129.573829936558,6.2718741308461325,7082.464266268064,0.005629497054993228,0.0009532203300768638,4.13833179987815,8564.333383615001,0.39544522588407194,0.5226045392201929,2.537994544174402,0.6497741790026763,734.6241135008102,0.000641813306234259,129.17463933181472,0.09808249000137793,43.65290180566149,1155.4221716021261,412188.1837509491,465431928.12984055,365.37447778502775,0.0018850623853038126,524.4092634776006,0.3981847103094917,0.6556985901919038,756.0558020085211,0.001563099019301247,6.128863213649265,0.0319924209298936,411211.1584968253,1.4728986268289046,0.00018489410890445466,887.2000384305621,0.0007926549591775699,1.7553761258842147
51,Training,0.0,Male,65,White,L,BOT,3,2b,IV,III,Never,0.0,44,70,33,N,Y,1,0.6979135253502887,0.5311592380937713,24.08943941533102,45.35257543817444,54.78138369920935,52.49761899362675,40.496913462633174,55.937465083787984,22468.416666666668,31.652175807771236,0.6390473821520734,6025.587218324758,0.2681803220813553,22530.0,54.0,96.0,140554433.0,1.7295701243756352,21.0,76.36396997540952,406.0,15.430982884388111,74.06280514869063,77.0,-585.0,991.0,9.06291279764753,78.98446447277773,-5.606751721539955,140554433.0,0.38260345086070574,753.2465215585709,755.6279945458646,671.3912120508277,-31.8561841700278,3.7381097974262354,1.5421016903021978,0.4168415720981558,0.6483695438182632,1.4291043927136682,1.1172096600601413,0.7368622616074008,0.7273482628943077,0.9991177597470036,0.9849909599922069,-0.09482567807832637,0.514776096516974,0.43600822827231317,27.478700485552714,0.16959448107468975,3.280561440789076,0.5312551402598248,0.30013427030719525,54.95740097110544,2.465963896087047,1.3200528719321087,5.935265150495631,1047.2055037727475,0.046480492843885814,34.332703870304414,8620.0557478917,1.2864051344274603,756.5138925876608,203.40656901908565,155487.96449178873,0.26659011161276613,0.0013793117025692784,0.037135155219298666,25.80712178842573,0.00010468178478897996,3898.5105900083518,0.3211691599901971,2.0350245918119256,751.126871036166,5.67048571130252,4322.122973609818,0.007555607274288285,0.0014360420127769078,3.759043021047678,4906.78936643328,0.4020502567936727,0.5383522824268495,2.1593190093515378,0.654860092604333,488.6492355416,0.0009809504018340827,112.47142857142858,0.1606734693877551,16.741020408163266,674.2971428571428,270002.91714285716,206516483.18,353.44095170969496,0.0031454591840909684,288.1257142857143,0.41160816326530614,0.6671384997992182,439.32023614992926,0.0026406033780673977,5.313153389533333,0.031069684864624945,268966.9969387755,2.1244757583903544,0.00030131019907128203,264.6671092600623,0.001381459992403715,0.6471647933392418
52,Training,0.0,Male,46,White,R,BOT,2,2b,IV,IV,Current,1.0,44,70,33,Y,N,1,0.6171224424973281,0.46820749116405425,13.4012547940224,28.622469838541654,30.479501308256342,26.248809496813376,25.317977802344327,32.17141588429082,4270.625,17.66356849706693,0.6773405041277831,1879.3371690396693,0.44006138891606483,4300.0,63.0,96.0,28172112.0,1.4165484589382862,16.0,39.51904193333439,149.0,11.41915976203353,78.92651162790698,81.0,-221.0,370.0,6.9698880301228705,80.94228779499856,-3.6718868109498155,28172112.0,0.4737917793401839,322.2597157382369,162.0210778437499,40.21741802976712,-3.718687223629629,1.3393648504418711,0.6897977145909082,0.3209269666401263,0.46477863949848125,1.1964706492581538,0.4710570920118085,0.7899493758697608,0.7850866135887772,0.9970842232724247,0.9716616790801027,-0.07817677510769212,0.4178058862877646,0.37647443596541563,12.722367318668093,0.26622993079609103,2.5910966023602104,0.3981077567940555,0.45837190706883774,25.444734637336186,2.0121266653604715,0.5072906412581948,5.627169234199099,180.5888372093023,0.041997404002163334,43.06421546782043,2037.3046511627906,0.5961931314223905,161.72674418604652,247.06232558139536,40846.52162790698,1.5006055597187637,0.006530102394388544,0.03357121509569968,4.560813168322136,0.0005284426604290058,770.0537465339411,0.365611438370857,0.9698018659734214,158.81126784963834,7.2023884344038205,1185.0720075583101,0.04461467979475486,0.006973888366670036,3.6200263628022693,768.3362553424661,0.361146111671184,0.48912343470483005,2.8884897539225776,0.6177996228926073,96.44451093138115,0.0046144153421544,23.88888888888889,0.18959435626102292,6.113945578231292,132.94444444444446,68298.23809523809,11280894.547619049,414.91865030893575,0.017172841342494444,45.57142857142857,0.36167800453514737,0.62217125141837,74.90073617519961,0.014525174669725707,4.571061945700079,0.02930232558139535,67133.58704963468,2.308177788064422,0.0017080393304726728,36.354964367326914,0.003658755471730951,0.38321876294409846
54,Training,0.0,Male,40,White,R,Other,2,1,III,III,Never,0.0,44,70,33,N,Y,1,0.7680912014541529,0.5294642401603757,19.781102514064926,37.360601554645484,40.36087214122113,39.395431207184416,34.66987164671943,42.731721238442994,12795.416666666666,28.69634933515754,0.6326116228139816,4181.992466351521,0.326835192264276,12831.0,55.0,106.0,95357862.0,1.9415697804513892,24.0,116.84126901710489,214.0,18.474555218086923,78.75660509703063,82.0,-682.0,896.0,10.690803847069436,86.20808544325435,-7.673830396964991,95357862.0,0.3412814822034846,1229.231149381812,1006.1325772924465,3390.913431813532,-94.4016611032843,5.503122018317573,2.1754148201592503,0.4349493535153167,0.7567280946492438,1.56569726067418,1.59522390021169,0.7077968072747718,0.6935143983581007,0.9985468491227475,0.9808608579471467,-0.08851367947002996,0.517264717731182,0.4520098728164156,31.7064763050228,0.13953223129172176,3.6328770507931583,0.5735402210376848,0.2920960335465323,63.41295261004561,2.6569785946430904,1.919634209619205,6.045076846044967,611.7363416725119,0.047676435326358964,32.22559569372557,4378.982698152911,2.038744003453807,1005.3398020419297,169.78809134128284,172554.25383836022,0.1674687570130278,0.0011104705658642963,0.047252534604923256,42.76662292366738,0.0001465563117337014,2106.2576740465306,0.27929810275179673,3.1072099793259844,998.409929997091,4.511037582360464,4566.189785345962,0.004661853688939232,0.0011969853539599196,3.7760756798729673,3374.3033437910317,0.4446286545511339,0.5873575415310275,1.5585236404337748,0.6900790860132144,684.1847978458512,0.0008894692577965131,58.70703125,0.11466217041015625,21.36892318725586,872.025390625,106156.755859375,107821511.04492188,104.62063899738317,0.003653999604035779,225.8671875,0.4411468505859375,0.6900391171016677,586.3794095671642,0.003090289677725567,5.259645623442568,0.03990335905229522,105528.72484970093,0.935995839583195,0.0005790485521555962,408.3755301261954,0.002365811556575795,1.9437695000511528
55,Training,0.0,Male,50,White,R,BOT,2,2c,IV,II,Current,35.0,49,70,33,Y,Y,1,0.7198430562118407,0.6423252300574998,18.28550458928113,28.467672969414956,32.69556544854363,30.528675044947494,25.079872407968907,35.73513677041127,6441.875,20.492256713542872,0.6966159378518747,2403.4342566458868,0.3730954507260521,6470.0,77.0,125.0,68938490.0,1.828641783051368,24.0,76.78714943935286,170.0,16.12377182525937,99.88469860896446,101.0,-443.0,613.0,10.23951219727407,103.22353858536076,-5.345541590681915,68938490.0,0.3457488491647337,678.1459018797973,508.7855607315642,393.61796019455346,-18.760037507416538,3.040062757377738,1.2154936580550681,0.4289848026175458,0.609115114122958,1.3815094172702607,0.8407757705508025,0.7413278643342489,0.7320934346942536,0.9982017027125346,0.9772771745024218,-0.11695511098995882,0.5724296896187606,0.43441835976613213,22.546160816789936,0.14897135739567177,3.3523962915343697,0.4849518550924905,0.2490655650094076,45.09232163357987,2.5584987736590596,1.0638891038582017,6.083352370162261,295.19752704791347,0.045625583778657414,34.95226562257381,2236.995054095827,1.1688970853469467,507.89891808346215,196.0578052550232,100170.31653786708,0.3850502527196664,0.002155106580907226,0.035876147639140626,16.05240146292097,0.0002532892819782482,1062.1593249129958,0.29813512344059495,1.7422174767909782,504.82585894053557,5.286008524015132,2691.2720206904823,0.010743951606731547,0.00231520291173077,3.7703047797567404,1466.8067157657938,0.4092567281522296,0.5502793960290095,1.9212381178453855,0.6607745444066343,330.8630774803226,0.0016507507902406085,29.983957219251337,0.1603420172152478,12.372329777803198,424.6577540106952,74353.33689839572,37949982.919786096,145.99494711171366,0.00834724110320187,76.18716577540107,0.4074179987989362,0.6623995195590265,270.4562774271454,0.007564498203860169,4.930263269038682,0.028902627511591963,73156.25090794705,1.2475057874385538,0.0011670598650275958,121.97175828995377,0.0037187735894053733,1.080994632509868
56,Training,0.0,Male,59,White,R,GPS,1,1,III,III,Never,0.0,41,66,30,N,Y,1,0.636318442499993,0.49300805038543827,11.380344950225425,23.08348705731715,19.697715603592208,27.018512172212592,20.09975124224178,27.184554438136374,1967.5,14.688448531780796,0.5961112209059193,1273.7963154463232,0.647418711789745,1998.0,61.0,95.0,14790191.0,1.591865044089906,14.0,66.22769749598363,309.0,16.862163965767568,75.05855855855856,81.0,-486.0,795.0,6.373809513002879,86.03777076376397,-6.513811529866852,14790191.0,0.48290632975317654,1768.7107851094338,560.1636930313723,1930.9627103893201,-78.32998063688362,5.310361222745087,1.9012478470133405,0.4659358230770709,0.4840464025564064,1.2198177015625205,1.6600018096011566,0.8344646830474141,0.828014633755938,0.9984047999509671,0.9867293319395677,-0.20972317099288734,0.646446172905528,0.2588672293119263,23.649754748467753,0.35481794501541136,2.4782677719173716,0.710075709503884,0.5676312719168505,47.29950949693551,2.035211607812997,1.8029022674396071,5.7588146470775285,78.42942942942943,0.039253968683398116,60.99396693991289,964.8468468468468,2.9284672560448337,557.3918918918919,294.72572572572574,168119.3148148148,0.5178607274175382,0.0024972744232631353,0.04936076874904446,21.58687073962107,0.0008030825497185764,289.3551054129588,0.31867933586944514,6.146884721488927,543.0632965970436,9.723699763830206,5519.207137450862,0.01874715579915178,0.0034374610981656537,4.088065338192474,328.5557764949342,0.358415401553577,0.4504504504504505,4.3743511296807736,0.6164142519998494,325.9544138040247,0.0027580839683915897,7.326923076923077,0.07045118343195267,34.848280325443795,438.3173076923077,17595.25,10066510.567307692,30.785859583374368,0.015558985051237366,40.48076923076923,0.38923816568047337,0.6476305508869107,254.56451151414055,0.014850656560950061,5.5558670023751375,0.05205205205205205,17226.16678994083,0.18763326390369806,0.004412442070360463,182.42033533657116,0.0034423346902502307,7.477505810197888
57,Training,0.0,Male,56,White,L,Tonsil,4,2b,IV,II,Current,50.0,44,72,30,Y,Y,0,0.4287079784567213,0.2962471760876899,33.54838614440893,113.24457700308517,111.6288493177279,116.46887996370532,61.814237842102365,117.04272724095249,98403.70833333333,48.54885367817916,0.35143119252004595,29330.409624913547,0.2980620356862928,98566.0,-228.0,112.0,7262578353.0,3.3615180551575223,56.0,9.612840420802915,1646.0,159.15207931688673,-12.628969421504372,75.0,-1022.0,2668.0,32.092190034827,271.4450017740043,-2.688208187293861,7262578353.0,0.16793748823646582,73522.89811943991,1774.3511959677126,2011474.2593683777,-26975.095224284214,474.1646777057996,28.457775311732917,0.8871515312168092,2.16308649767745,2.4352103242797183,23.63286181604784,0.6179847774964926,0.5908056547341063,0.9976322228628084,0.9818534669375227,-0.2464473292001892,0.8950514233665514,0.4088081739230813,40.7789141523291,0.05260494007476145,5.919286692418594,0.9014336134095879,0.137873898247461,81.55782830465834,4.3591705365764835,125.65561325438306,7.365992202871253,4867.875169936895,0.04938696071603692,34.87294422846211,16552.92646551549,117.73606008302434,1800.0024957896233,132.05318263904388,249833.66619321064,1.174911421123797,0.007642915521316343,0.10234559529942959,134.45746204641026,0.0005907548952376394,9071.190265640089,0.13937987210403516,125.2254239835848,1753.4789597355887,3.5118173209032526,6521.739170317464,0.02799776017302261,0.007263572339450504,4.98665462264855,35054.09669546546,0.5368373444479342,0.6593075471491964,1.1812818662374371,0.7604243345087347,1302.5331940684487,0.005287236478360412,278.7027081649151,0.028163167761208075,204.40191879949208,1239.3607518189167,140701.09316895716,282624622.8387227,159.25923942474034,0.005912494094763451,5188.114591754244,0.5242638027237514,0.751878586426492,888.1417801539545,0.0039451889053584745,7.025361617798424,0.10039973215916238,140601.8878651231,1.5480673798890532,8.557376746024072e-05,7108.096734844621,0.0311575864988708,1.6752887792595184
58,Training,0.0,Male,58,White,L,GPS,2,2b,IV,II,Current,44.0,49,70,33,N,Y,0,0.5213970562023337,0.3797185097466025,16.58990110002833,43.68999844410869,45.69463863518345,42.7551166528639,28.442925306655784,46.62617290749907,8668.0,22.779836574242808,0.4917239298199148,4149.942211136603,0.4787658296188974,8717.0,60.0,108.0,73045400.0,1.916664146448732,24.0,114.64841600412909,159.0,19.400311680734088,81.92474475163473,87.0,-753.0,912.0,10.166486045097228,91.54042255637006,-8.342237532779118,73045400.0,0.3522563320767833,1667.9851591782808,1220.0671167688079,1780.8897427859508,-60.5329258375758,4.6883577886719445,1.843364060745437,0.44086067445993493,0.6439029857540663,1.4371376566703686,1.4209798575439037,0.7464166336245175,0.7365249210814978,0.9988315874055017,0.9841093133290607,-0.13479306198342086,0.6047433107461495,0.4127338111733229,34.919269136550284,0.16536858634522492,3.3585717356793023,0.5919630766476341,0.3330868885814776,69.83853827310055,2.6033242478030285,1.6329304623543455,6.12641128370109,383.15854078237925,0.04395532187477105,38.34589886577792,3070.618446713319,2.7736230246038853,1213.8806928989331,196.87702191120798,243039.0017207755,0.15981678653467865,0.0009636380229146411,0.04891945914393594,50.26549090670417,0.00017711162171452348,1370.2892942153426,0.2832159066742011,4.538793977399933,1198.6835973606771,5.322023855016484,6528.738290373065,0.004597821445644944,0.0010869796403224043,3.898297444470238,2021.2591350004254,0.41425665086268054,0.5541956036392196,1.969536797137366,0.6645040984213946,785.8720298641284,0.0008132631120953243,40.6926952141058,0.1025004917231884,27.15846176297039,989.095717884131,64578.5919395466,79541743.97481108,52.46895150456465,0.0039001532582839116,167.12594458438286,0.4209721526054984,0.6740443331779843,634.437886791995,0.003518996220451841,5.359751514877038,0.04554319146495354,64096.474236877344,0.6808830440249557,0.0008731619362729713,304.64348421402235,0.0043571506220497725,2.539120853993921
59,Training,0.0,Male,63,White,R,Tonsil,1,2b,IV,III,Former,7.0,42,66,30,N,N,1,0.2655975156706194,0.25544551587591935,15.748806743614638,61.6523123908133,58.18934610390462,55.90169943749474,22.47220505424423,61.61980201201558,8068.333333333333,16.37470100634896,0.5179236056361031,3756.1331048945676,0.4655401493362406,8124.0,42.0,130.0,111511787.0,2.9029987085182976,35.0,16.706761911091426,613.0,39.86986667873951,88.86521418020679,85.0,-770.0,1383.0,15.436452249994689,117.15893910122466,0.8102465451832507,111511787.0,0.22107866595587206,5829.190720030443,1240.8443677523633,13887.18842787175,240.97524270551372,31.30410648643224,6.151098785464759,0.6742584465965051,1.2804964478313166,2.1103657921822827,4.390392063280246,0.6433900827566934,0.6150421408552215,0.9981076451939818,0.9788318667647271,-0.23646856481639553,0.8503164454104103,0.4103835545895712,35.136246957459186,0.07966016843700943,5.114223717303667,0.8248344530684353,0.19862981886938116,70.27249391491839,3.6954658809115823,9.363801317974252,6.920482341946144,399.6935007385524,0.049199101518777995,34.74238677650528,1796.0430822255046,9.426145529012274,1239.523756770064,131.96528803545053,161050.8711225997,0.10952966869100486,0.0010772258899474673,0.07569546722285397,98.42959042311834,0.00012709237322572643,934.6079393309412,0.17456343623384982,13.08559710555832,1248.2877910744305,3.4814704449641267,4276.57712665888,0.0032880211395561183,0.0011952538603970104,4.538817678660823,2892.5249857410995,0.5351392748243713,0.659224330568496,1.1284662746242615,0.7576304162194905,950.9060738621137,0.0009839672985706989,40.0,0.06329113924050633,43.85899695561609,1315.8196202531647,12452.781645569621,15236562.878164558,10.196259953430957,0.002453907926924072,195.72151898734177,0.3096859477647813,0.5767137654986056,755.7410829340896,0.0009052124896882778,6.62541210283595,0.07779419005416051,12287.545265181861,0.3470807135243579,0.001157920174922757,714.8614971820195,0.009693970800133163,2.038533515192238
60,Training,0.0,Male,58,White,L,BOT,1,2b,IV,III,Current,1.0,41,66,30,Y,N,1,0.48843352961196473,0.3721248524818199,9.689403404341293,26.03804432764852,23.53720459187964,20.248456731316587,30.083217912982647,31.0322412983658,1620.375,12.717853895146163,0.48783492912413534,1367.5868655781858,0.8439940542023826,1650.0,30.0,117.0,13187098.0,2.6405648870178315,38.0,28.308800345702505,302.0,30.149134986225892,73.9830303030303,79.0,-445.0,747.0,16.9174371612408,89.39899667256118,-3.3902042086641773,13187098.0,0.21943948576675845,2518.6918332415057,469.92119953764234,795.876326873457,-32.63530189232818,6.244546530172671,2.5952031928265638,0.38678855874659646,0.9852055650029963,1.814640689601076,1.6134578667682693,0.64039694818747,0.6131030134029944,0.997463122585001,0.9705196916161599,-0.11152635728055582,0.6065887906464037,0.4734246338046567,21.65658326874723,0.07775488543329584,4.4396804557497855,0.5392384612923662,0.16564032547395702,43.31316653749445,3.117453764411038,2.2099374307498083,6.3200341000170095,102.32121212121213,0.06201285583103765,22.998764370982553,362.0751515151515,4.15850321395776,465.3666666666667,86.43757575757576,41138.16060606061,0.18361868459661027,0.0031567842226258975,0.10225561625859764,41.388773220793915,0.0012242880145050938,231.0220241560114,0.19091193202109671,5.329244755626931,461.63634173236454,2.568978660542268,1207.9524364901201,0.00687255575263734,0.003549759886925267,3.885369879392287,737.5127752048213,0.6028056436706846,0.7321212121212123,0.6440931669588831,0.8017901945735422,367.5630096870942,0.003128033226228966,14.647058823529411,0.08615916955017301,22.284982698961937,403.22352941176473,2946.752941176471,1387407.9470588234,6.289475239720184,0.011944345653600549,66.75294117647059,0.3926643598615917,0.6512151509757814,243.3588875133598,0.011117083772308443,5.533650983583247,0.10303030303030303,2852.5487889273354,0.19400622883227758,0.005576349895215878,274.0330445920247,0.009973404933783413,3.8412957121731894
61,Training,0.0,Female,55,White,R,BOT,2,2a,IV,III,Never,0.0,44,70,33,N,N,1,0.5607333869132871,0.4485252281162187,14.567671572710974,32.47904612611067,33.24154027718932,34.438350715445125,21.95449840010015,36.15245496505044,5341.375,18.21208553800691,0.7049493342327879,2096.1785184311116,0.3924417436392524,5372.0,35.0,96.0,26759860.0,2.0485807948347117,34.0,15.879903360578991,144.0,19.63323601210657,65.82204020848846,67.0,-266.0,410.0,13.920288540324005,70.57874253618844,-1.503238105228126,26759860.0,0.28278374839006926,648.8179207817044,201.58637463994626,47.93605702359665,-3.2385659873194688,3.3065241607380496,0.7797059876155417,0.6182434262842258,0.5575555532439123,1.2759819214582582,0.4646378033823654,0.745897318859498,0.73890951023474,0.9974070169768526,0.9695946895484755,-0.21025818981669087,0.7488404279079766,0.44861849473324644,14.175846871903461,0.114853824166774,3.6111000856821587,0.6943460246991895,0.20100893997151378,28.351693743806923,2.853813727647226,1.0215575370883978,6.31195324404594,270.2509307520477,0.05030732143560083,28.87314175319034,1519.114296351452,1.122672011017665,201.45160089352197,188.04058078927773,38268.0722263589,0.9378091649750671,0.005451879767884457,0.027517095746951988,4.968931192742309,0.0005440693519041197,763.6605922568214,0.256746770444481,1.3984941735160694,200.32250524093527,5.0950448061547755,1034.0990462042048,0.02622566258649104,0.005817237804601791,3.9253137405887277,1191.179483164501,0.39611813271164553,0.5532246978635661,1.7140572822962998,0.6456996799691708,128.75433739684115,0.004031565749136655,17.59504132231405,0.14541356464722355,7.837442797623114,174.9090909090909,64329.669421487604,13126760.809917355,318.1419226154591,0.023138064234835328,37.13223140495868,0.30687794549552627,0.5727354875504523,90.59823833552365,0.020799265061079715,5.010141552728216,0.02252419955323902,62358.6029642784,2.2650311320038843,0.0017740538703530438,42.32591479408358,0.00747098308159421,0.34648303543754333
62,Training,0.0,Male,50,White,L,Tonsil,2,2b,IV,III,Never,0.0,45,70,33,Y,N,1,0.7443216034698604,0.6119688847718193,15.784282150544241,25.792622048798474,29.068883707497267,25.942243542145693,26.0,31.416556144810016,4789.333333333333,19.198005801053757,0.6406382794062306,2144.805670437527,0.4478296917673011,4821.0,12.0,104.0,46689306.0,2.5437295687437342,32.0,47.35804075271164,198.0,38.51696415129807,61.2702758763742,78.0,-855.0,1053.0,15.19395734873032,98.41020659295307,-5.686192575935474,46689306.0,0.2592119599135033,5930.5220557007015,1454.4760614038628,13050.336168267746,-352.28863674104883,17.062867084667356,8.382883573851364,0.3371391157013383,1.3459150357738543,2.0996011557571497,6.503484649366113,0.6428598943321885,0.6167739502948686,0.996028974741275,0.9721908398714193,-0.13089742694849674,0.6612809374439828,0.4241962601349987,38.109127043726154,0.0963866543236091,4.535611161295714,0.7072841208457419,0.23126777330687473,76.21825408745231,3.2047580903237685,6.36143766462968,6.493575408940723,238.82119892138562,0.0495376890523513,33.1700573972828,1249.6608587429994,9.566685817308386,1451.3762704833023,129.49159925326697,194131.45592200788,0.08688386458533474,0.0009735677594057505,0.08529207532726493,104.2512217990285,0.0003394800425928911,653.563723596232,0.20514511784794556,13.47088474732365,1430.1053969426732,3.439832560322397,5080.016421078908,0.002768028514844752,0.0011293768130157635,4.124211637841598,1732.5107955444316,0.5398971442118902,0.6609863896733841,1.1150437734752467,0.7614094917429516,1075.0683772811497,0.0009676768776472819,25.270408163265305,0.06446532694710537,59.97792586422324,1184.9642857142858,13559.288265306122,20415366.012755103,9.016515066802606,0.0041869328602770674,179.12755102040816,0.45695803831736775,0.7024528168914234,792.6893033585778,0.003912468956394878,5.954511033687037,0.08131093134204521,13408.035916024572,0.30035200516615945,0.0012233074545810261,1190.4340682010202,0.014366559865547723,5.155897520133171
63,Training,0.0,Male,52,White,R,GPS,1,2b,IV,III,Current,,39,70,33,Y,Y,1,0.8660993914272679,0.5637114236792379,13.702573137895573,24.307779765152652,28.653097563788805,27.65863337187866,27.459060435491963,29.748949561287034,4665.958333333333,21.05295326154677,0.7411365711968252,1821.9919397416536,0.39048611444415393,4698.0,57.0,97.0,29094833.0,1.543604172444975,21.0,15.110443792013672,130.0,12.81741277005097,76.693699446573,78.0,-93.0,223.0,8.775553505641575,78.6957770781103,-1.8159477778231816,29094833.0,0.41031273146675634,311.1017951263556,58.250532561704524,18.552396331050534,-1.9539093321354197,1.4363724270411913,0.7966399541375829,0.2870841910809672,0.5751096163487647,1.3047754429179699,0.46155296297606885,0.7398324294786064,0.7320097491226784,0.9924618718075671,0.949217313640844,-0.05410200889939539,0.3617316908149321,0.4534404505478205,7.621717115583126,0.18516683284469437,2.974932344234421,0.3360921944081081,0.32398941771581785,15.243434231166251,2.210512683541963,0.5582530952946936,5.636499592423016,228.03575989782885,0.04853890163853317,31.128454251974656,1927.6492124308215,0.5753029150561972,58.17752234993614,185.05108556832695,11113.73392933163,3.14164252894881,0.019014220340943716,0.031945404443668064,1.740748538679703,0.0009713838683661808,937.0374630030402,0.35511669863524803,0.7761745429507568,57.227508970727065,5.041725871985944,299.41204318229575,0.08941828641583599,0.02032576276831532,3.4113053327775824,1109.847099786427,0.41661032233921885,0.5612863084127452,1.7769612380977367,0.6653478315789344,37.59407041978343,0.014376950964911652,34.02290076335878,0.25971679972029604,3.9610745294563254,51.68702290076336,67974.83969465649,4024107.9694656488,1166.8009717209616,0.04273017844400978,37.38167938931298,0.2853563312161296,0.5434838217383903,28.781231951073607,0.01939030565579879,4.593510064672302,0.027884206045125585,66688.71394440884,6.092215161231418,0.0013905182986163633,25.203892522333085,0.0059505139969313475,0.12065632297018462
64,Training,0.0,Male,60,White,R,BOT,4,2b,IV,,Never,0.0,41,70,35,N,Y,1,0.5380667398544211,0.4018783959777651,26.703450146436357,66.44659283430053,68.4470598345904,79.61155694998057,44.654227123532216,79.71198153351854,35345.5,35.75270158078622,0.535266704742403,9730.533402247367,0.2752976588886101,35442.0,56.0,109.0,278000153.0,1.988459656235188,25.0,48.022308062385626,604.0,18.231809794027896,83.67391795045427,87.0,-488.0,1092.0,10.908540441793047,88.5652610045421,-0.4677791104912475,278000153.0,0.33312549904454386,842.4809116233113,572.0277272377002,310.3453836292605,-2.7201283859956003,3.6288385480074874,1.109878105604787,0.5303455946070954,0.6094982082257456,1.396565580449837,0.7350696052304405,0.7393924152539497,0.7293830222648102,0.9994626836784334,0.986959157725174,-0.15104799844437025,0.6551280991613211,0.43283597944678875,23.903931288883545,0.15065067160260665,3.5541774392252234,0.603752766359841,0.32090922232370883,47.80786257776711,2.7218944593617675,1.1846791634030696,6.287503918869894,1530.5574177529484,0.04318484898574992,39.043953469970134,11806.63393713673,1.4338185354998092,571.0187348343773,209.06224253710286,120470.65566277299,0.3638783114887361,0.0018013848045108209,0.03537514332696736,19.670064295081502,0.00010153152104529933,5010.346202240847,0.26318975060348626,2.176245011944944,567.6206396080595,6.0924600552228485,3500.27853509603,0.010717783447680335,0.0018492511937316463,4.023714678767332,7939.876076195816,0.4146181450640267,0.5369574559518694,2.56670712227444,0.6658935202780254,376.0748386404818,0.0012631796148911373,104.85743801652893,0.1083237996038522,18.033843316713337,549.698347107438,402073.05165289255,232429283.411157,696.5485553305168,0.003216085561474464,409.0702479338843,0.4225932313366573,0.6760173312693067,373.39885856573187,0.002589435219184824,5.6478164721756885,0.027312228429546864,400732.49328512396,2.468829197619963,0.00023595569369891576,374.8760425291402,0.0009471449635429082,0.633591197627825
65,Training,0.0,Female,62,White,L,BOT,2,0,II,,Former,3.0,44,70,33,N,Y,1,0.7572898798787199,0.6238481788478234,19.302343247820232,30.94077037055629,32.202484376209235,36.124783736376884,33.83784863137726,40.69397989875161,8283.166666666666,23.431132277273626,0.6480761359033597,3054.8439351456796,0.36880145698855266,8315.0,65.0,110.0,67373843.0,1.7055592945814404,23.0,43.10320448982082,162.0,14.80789117899427,87.23211064341551,89.0,-308.0,470.0,9.639577416338689,90.01492693746647,-3.759393630681386,67373843.0,0.3772649317373748,493.24594425234005,291.7913002080604,124.90531648046365,-8.29230426852713,2.1232445186437796,0.983288187380638,0.3673463934326668,0.5888207026227845,1.3340810962347072,0.6321293262201871,0.741227734752877,0.7330501357473391,0.9976790200714611,0.9726814030094059,-0.08475157518679904,0.472384169100084,0.445502401509394,17.0735529935409,0.17065795577103293,3.144553862653262,0.42073549729603504,0.3272333548280227,34.1471059870818,2.375249140736495,0.7766331765061044,5.887025664155037,389.97654840649426,0.04690036661533305,33.40400850602534,3136.957907396272,0.874922679564314,290.25123271196634,192.09128081779915,56568.856404089,0.6550279453465154,0.003626873834943556,0.03759077873703009,9.708778591986531,0.00029861160722354895,1452.02669014092,0.31504470499532106,1.2723559241419562,287.3511936751542,5.232285419930488,1531.2155934203051,0.018256292701338217,0.003795547975893022,3.627072632531347,1916.535937431629,0.41249672158931083,0.553957167306536,1.8958262850412704,0.6627279658236623,188.44517551126316,0.0026382890688562053,42.21072796934866,0.16172692708562705,8.671158673536794,248.38697318007664,95933.99616858238,28098562.03448276,328.48055772582427,0.008903187710950274,102.78544061302682,0.393813948708915,0.6516830994057732,156.79343808119677,0.0075150114501364145,4.877740404206006,0.031389055923030665,94919.04886892441,2.3227302331879542,0.0008717952488184513,93.04796401867088,0.0030995414682126153,0.4916757583721154
66,Training,0.0,Male,60,White,L,Tonsil,1,2b,IV,II,Never,0.0,38,66,30,Y,N,1,0.8777782655093596,0.5309842083243828,6.670664800795211,12.562830864303306,13.152946437965905,13.601470508735444,13.892443989449804,15.684387141358123,615.75,11.027379885955604,0.7498416366101127,466.78567488575834,0.7580766136999729,628.0,55.0,128.30000000000007,6658977.0,2.450013081740452,36.0,35.23127502286127,182.0,28.298835652561966,89.13216560509554,96.0,-387.0,569.0,15.05155152583505,102.97313513975165,-4.549722509103981,6658977.0,0.24219035254979915,2658.923615055378,410.79739074056243,1522.1325599526388,-70.14180032119313,7.512415337239092,4.096163853123719,0.2889950424092682,1.2120603488021873,1.9682132709369602,2.5928983128864873,0.5962418811135154,0.5604797417212571,0.9937599869968274,0.9550481349678707,-0.09818901191011639,0.5844735979113054,0.47821787349004075,20.24703199052531,0.07204887297001031,4.485804040307418,0.5761017770308731,0.13716839661512711,40.49406398105062,3.0455086928857606,2.9021447975907018,5.7167197396546605,48.89171974522293,0.07785305691914479,13.357113878859181,152.0955414012739,4.292506795407522,407.61146496815286,63.703821656050955,26661.13694267516,0.1554006625011348,0.0046057060811701975,0.09255451306147482,31.666774244938345,0.0023695126374071026,105.81991521193669,0.21954014215311654,5.333225275984665,404.6533001947355,2.2263852416104557,916.9414854867092,0.008269430733706111,0.005306591153884687,3.5327729320662753,307.37827741048795,0.6301542412124695,0.7655560999510043,0.45766863554492004,0.817210321280569,328.64085401843715,0.004862195616948917,5.862068965517241,0.10107015457788347,25.620986920332935,339.1551724137931,1471.103448275862,614907.5172413794,3.5560415518342507,0.025742045077756005,20.344827586206897,0.3507728894173603,0.6076897564946012,181.51499213926348,0.02463589722283298,4.857306856898116,0.09235668789808917,1353.8668252080856,0.19750308294457158,0.010448119819340794,170.55910948748794,0.033859109964544575,4.697549883007333
67,Training,0.0,Male,71,White,R,Tonsil,4,0,IV,,Former,34.0,49,70,33,Y,Y,0,0.7421818352227447,0.34076716107382576,11.95045760292941,35.069275939826824,36.68787265568828,38.118237105091836,40.36087214122113,41.80908992073375,4483.541666666667,26.027779576953517,0.5116686212110892,2569.860093902913,0.573176360333348,4522.0,63.0,119.0,41304379.0,2.048135850358591,28.75,72.30713031698896,226.0,19.806204313239068,89.59951348960637,92.0,-579.0,805.0,11.918746341743251,95.5724610534276,-5.494390547312053,41304379.0,0.3076212397945979,1106.0224942347804,797.6559014641559,408.9853793186568,-19.995949465793753,3.557011907689509,1.6711117193671403,0.36018773672296434,0.7224471877841064,1.5245465216181213,1.1445875626655808,0.708947528870085,0.6949401306930707,0.998640441903057,0.9799926378316655,-0.09993931135789699,0.5531259811532097,0.4562127021977887,28.234450667428995,0.12402326237868197,3.6702192603344157,0.48585330866560317,0.23915891633672687,56.46890133485799,2.712813183224029,1.3070309067641621,6.1414460881793005,224.0751879699248,0.049552230864645025,31.26540177746184,1391.063246351172,1.83990030752402,792.1932773109244,147.04909332153915,118587.84166298098,0.18297068523029808,0.0014993260194775635,0.059025475013836204,41.56685345783858,0.00031400420857130633,749.4740821519239,0.2650313506036626,2.5719462947212497,784.8075353041838,3.804768126829086,3043.252114047437,0.005145233842681172,0.0016534471191793844,3.692010550349411,1360.784036143146,0.47850857119901846,0.6246044976695131,1.1958204306182052,0.716691899721621,557.358640434598,0.0012994045015105034,39.77911646586345,0.15975548781471266,13.861647392783985,685.8995983935743,23358.232931726907,18749997.78313253,29.139884757482868,0.005638319771379276,101.10441767068274,0.40604183803487043,0.6623785023215494,439.4913671008085,0.0051633668112033015,4.959296766582853,0.055064130915524104,23028.4239931614,0.5760135660467507,0.0017235699574585078,180.12010224745796,0.005124825674414834,1.8037552875802467
68,Training,0.0,Female,55,White,R,Tonsil,1,1,III,III,Never,0.0,37,60,30,N,Y,1,0.797614120909149,0.628840448638523,14.083586725860622,22.396120918036406,22.67156809750927,28.231188426986208,26.92582403567252,31.400636936215164,3080.6666666666665,17.86346229781461,0.4739924503029373,2160.1098625031473,0.7011825998170788,3125.0,64.0,109.0,24471409.0,1.762141066971866,22.0,30.215437311791696,145.0,15.0260948992,85.66368,87.0,-258.0,403.0,9.402970171021584,88.49209501418757,-2.6731919312573984,24471409.0,0.37737523199999995,492.5848088576,225.13745188791293,28.341714125215205,-2.300068375328074,1.8147884772609935,0.850642026625906,0.3615770390297366,0.5599870228302893,1.3282463765262367,0.5331685700378409,0.752529655036875,0.7441161058371806,0.9971690925817491,0.9696479271903191,-0.09634704664629962,0.5040029920588718,0.421841633385807,14.996544517622949,0.1852272417791447,3.132699669379648,0.4312688495412887,0.36741742531567684,29.993089035245898,2.3783455231310016,0.666357625971725,6.021093678882349,137.4512,0.043984384,39.222736486399995,1179.2976,0.8717060096,224.568,174.02784,39401.7872,0.7725378944447348,0.00484965978954524,0.055459740862171064,11.064729113022645,0.0006253718018325215,569.8623327034925,0.30763119701492364,1.2242483345162605,223.07849133320263,4.626849500827453,1045.0088435629448,0.02122387993399655,0.0051388696471996375,3.5302960115877413,880.464936133096,0.47025735624437204,0.5919015384615385,1.6863970727961488,0.7098050501528381,157.30459513034657,0.0038476921950108644,25.361290322580643,0.16362122788761707,5.107346514047867,194.65806451612903,19042.496774193547,4298449.70967742,84.62699929792328,0.012144558566470462,64.27741935483871,0.4146930280957336,0.6683933010617793,124.07960666634979,0.01051177522887904,4.645126955718574,0.0496,18636.019146722163,1.3814339652576557,0.002566830005081505,47.53390750191384,0.006271751879291704,0.6027493046185065
69,Training,0.0,Male,56,White,L,BOT,2,2c,IV,,Former,5.0,44,70,33,Y,Y,1,0.9328424742986319,0.45506667766257236,13.76320003671265,30.24435915063404,35.608987629529715,32.31098884280702,32.2490309931942,39.81205847478876,7083.833333333333,28.213222823653922,0.6433755864916353,2772.458817368982,0.3913783239821635,7117.0,39.0,91.0,39638294.0,2.0134902190851434,24.0,103.88505093376851,326.0,18.594130237197025,66.7267106927076,71.0,-672.0,998.0,10.298951299736592,74.62923577696752,-6.1674572818755555,39638294.0,0.32546075610627706,1117.068912785909,917.0962889242675,611.0926108797765,-20.12419839138877,3.827896787441512,1.602346771991089,0.41058151456800257,0.6520317077188975,1.4714773742697607,1.1683671336476098,0.7396429828420936,0.7277326710341605,0.999103239472324,0.9849191836367941,-0.14836203077088134,0.6422017297071517,0.41146294977105324,30.274409004085143,0.14559926712105542,3.575161592996636,0.6752142397548415,0.24289551405468496,60.54881800817029,2.707582576451931,1.3575608898581504,6.308374528756522,299.1391035548686,0.04203162899464221,41.77895058938706,2316.3042012083743,1.877415578382786,913.6764085991289,204.64704229310104,189969.96613741745,0.22101052055824535,0.0012677294531635102,0.041677255353766283,33.59423114373611,0.0002197077545067138,1051.2473793261163,0.26935777855790444,2.9443052285266917,904.1910126820198,5.650663488125101,5219.262698547018,0.006445323299693799,0.0014231624429104346,4.004707229264993,1644.9859088683247,0.4177773724921884,0.5476162168588753,2.2116219502283485,0.6686237187282913,598.893630082781,0.0010623978292932928,25.444444444444443,0.1009700176366843,21.84963151927437,781.3769841269841,62617.98809523809,57884384.797619045,67.82555846915778,0.0060265027821459006,103.07142857142857,0.40901360544217685,0.6646138858768567,488.45032489451694,0.005626420353860133,5.487620861638417,0.03540817760292258,61820.37394494835,0.5396675724436856,0.0011857229410489755,254.3266570833344,0.0023769635599479545,2.3086844824133204
70,Training,0.0,Male,52,White,L,Tonsil,3,2b,IV,III,Current,45.0,53,70,33,N,Y,0,0.9246222814880309,0.6115363548771892,30.761839222021397,50.302551887040465,60.14149981501958,61.220911460055866,57.723478758647246,65.03076195155643,46265.583333333336,46.51086029046541,0.6931861704694863,8990.964088365727,0.1943337453153419,46318.0,42.0,114.0,407582351.0,2.2686010167496966,31.0,80.45277915334049,179.0,25.605769273311907,80.93969946888899,90.0,-869.0,1048.0,13.609798020878985,93.80646834860221,-6.633754312202231,407582351.0,0.27865399812101405,2248.4185539232394,1510.7705421869764,5330.76656625252,-147.55623362063278,8.986616934928636,2.1288905970136858,0.6144359836784747,0.7126002268467612,1.5000477072340064,1.6142955383902478,0.722310461570183,0.7104360784158656,0.9989315972825369,0.9843895993877081,-0.20050072808708386,0.7555535732283629,0.4438462051251237,38.84656795729906,0.115607795386508,3.933917791260536,0.7256510640666866,0.24374362480791095,77.69313591459813,3.0272674045981236,2.778876882985579,6.5127462109093335,2165.1814413402994,0.04674600460599118,33.491211095910764,12906.695884969127,3.6767145720210634,1505.7236495530894,196.5834880607971,300300.4172028153,0.12907296895590897,0.0007325715331537745,0.036313442688371236,45.8645887633537,8.845653271626048e-05,5864.245206949605,0.23113655570353397,5.777765047190483,1489.680938932253,5.520568528613412,8390.501472040145,0.0037649424589222286,0.0007950515841700934,4.266759534350569,10451.801203198473,0.4087170965592105,0.5472785127562967,2.102534010124629,0.6592952927293906,971.1491550616786,0.0005700411820664212,97.00428265524626,0.06923931667041132,42.81161768309676,1179.3340471092076,412368.5010706638,633333495.4089936,268.76225460268347,0.002867041263315116,599.0485367594575,0.42758639311881336,0.6795400379671331,759.5639389224236,0.0025320182409666746,6.052925925758734,0.030247420009499548,411275.4931070445,1.6621072526945533,0.00019664036195008185,734.3801698385145,0.002217726958757897,1.4946223356934807
72,Training,0.0,Male,64,White,R,Tonsil,4,2b,IV,II,Former,78.0,44,70,33,Y,Y,1,0.5650675200584039,0.5308041348546897,30.734603264697203,57.90196655704454,67.08203932499369,70.22819946431775,42.5440947723653,71.14773362518304,37228.208333333336,32.718520648893794,0.635039588010533,8490.463808318933,0.22806533508938046,37299.0,69.0,109.0,310306611.0,1.610615763738744,20.0,17.470613834617193,282.0,13.041372446681246,89.37690018499156,91.0,-199.0,481.0,8.652691493138668,91.21093756951069,-1.4970625816387153,310306611.0,0.40934004079502,331.2048456312338,147.02456965393228,27.748481200750238,-1.6257755700453158,1.7822515904038891,0.46391840739518997,0.5855037671093585,0.38365086623997136,1.0527580638995824,0.3121384956576506,0.8175838052681623,0.8151093584770188,0.998854275144073,0.9818913826161642,-0.21877266291135156,0.6886316053422562,0.3433612483792335,12.111769657236216,0.2293814703382044,2.792282740339353,0.6272108676325082,0.42013393809169186,24.223539314472433,2.3210139161708767,0.5615424994497696,6.049595673206754,1608.6925922946996,0.04312964401980481,42.29029794646444,15267.974181613448,0.6215979577126606,146.80726024826401,313.10316630472664,46188.46768009866,2.1414560332218007,0.007013169646840804,0.01535866602144129,2.049598531158398,0.00016727293459196772,4901.174859447585,0.3229898671261987,0.9770135581405952,145.74926940849716,13.456788482531598,1978.7868746964828,0.09260002815077749,0.007258111715472673,4.21645628678636,4578.065803732088,0.29316812196300074,0.4055233487389846,6.228086439102414,0.5432419776491171,78.35387269649827,0.004111481369562461,60.85204081632653,0.15523479800083298,6.2881026134943765,122.125,1417756.2423469387,208016243.05612245,9707.61480819086,0.014523961887667062,87.63265306122449,0.22355268638067471,0.4742979072640016,54.52081402689189,0.007950579589909173,5.744978012250956,0.010509665138475562,1408702.6227548416,10.347114223952875,0.00023972299677982938,63.02851510700046,0.0012313979383116993,0.10758523291259539
73,Training,0.0,Male,64,White,L,BOT,1,1,III,,Former,15.0,41,66,30,N,N,1,0.5073556406103248,0.4590855292133087,16.133693974181266,35.14311157188519,40.496913462633174,34.92849839314596,23.345235059857504,40.607881008493905,6482.75,17.83005588459393,0.6692243734559254,2512.3794008286072,0.3875484016549469,6517.0,46.0,97.0,42714349.0,1.9564533571736025,23.0,43.812076644866345,177.0,20.279732927342984,71.00613779346325,78.0,-428.0,605.0,10.105630936425618,80.95860857240223,-5.261842499747228,42714349.0,0.35002994611253735,1512.4246976351485,461.57698389540394,818.7791673996094,-43.96773159850613,4.741196307103515,2.3132923143927044,0.3395094228238547,0.7475221041172413,1.5621706332650913,1.7468265450260132,0.7235515433772173,0.7107630754801973,0.9969234925017343,0.9739692160169261,-0.09627236855412363,0.5257978151962209,0.42707965391540426,21.470209377808906,0.1630000058748387,3.496269793559836,0.5127423312159459,0.32541674141273397,42.9404187556178,2.600629963572672,1.763622155374055,6.0511529916699764,283.78226177689123,0.04354492278301231,39.44435150061021,2281.145158815406,2.5099846157247545,458.9030228632806,188.22295534755256,89273.10986650299,0.39822333663548826,0.0024684873882175632,0.05619865420953309,20.431438039394976,0.0004080525543586148,1028.4287818337289,0.276760233899562,3.935741593264105,449.3390755465847,5.090527634430739,2387.9606332344893,0.011389112684213802,0.0027280324019681446,3.8719593573384623,1644.6645147629367,0.4395874396900755,0.569327557512305,1.9266281357686772,0.6866755885478997,302.7036510835021,0.002054157353419408,38.57183098591549,0.10865304503074787,19.43971434239238,350.0647887323944,40082.3014084507,18938392.470422536,84.99411045284054,0.0075703276066524045,148.2619718309859,0.41763935727038287,0.6707767484619039,216.69695219838664,0.0066088908049133826,5.350015679891545,0.05447291698634341,39745.294552668114,1.0899251593343815,0.0010648511580988985,203.00228537309675,0.006196719431028275,1.1979646782465057
74,Training,0.0,Male,69,White,R,GPS,2,2b,IV,II-III,Former,30.0,39,66,30,Y,N,1,0.8985345177630069,0.4428666306905659,11.017038612773451,24.87665100347363,23.769728648009426,28.42534080710379,31.064449134018133,31.921779399024736,3206.7083333333335,22.352529612964798,0.4965108832969584,2118.011557442769,0.6604939823888263,3252.0,49.0,118.0,23905350.0,2.2342708564998666,28.0,7.585287504993076,241.0,22.32213386709513,79.18019680196802,74.0,-144.0,385.0,12.424614509832983,85.73779000351215,1.0527131769194138,23905350.0,0.28984112719355976,1081.4650690879605,94.49868118297802,189.8492460544562,18.178537556531683,5.106880613869744,1.2548926058208183,0.6029884855586735,0.7448005511698679,1.5657064479893963,0.6945097758714395,0.6918710589787774,0.6745330467488955,0.9952430391529009,0.9577436683764092,-0.15104352952680863,0.6795301401920928,0.46612300866862305,9.671355093658958,0.11960541209949462,3.9344102684797306,0.7067606426982177,0.2325576480762293,19.342710187317913,2.885175434980164,1.5904433049226407,6.210098463486773,167.97355473554737,0.051652384605026865,29.643530180689254,942.5633456334564,1.8145891675706427,95.52675276752767,127.51476014760148,11465.64360393604,1.452066803124073,0.011844708066845238,0.05961313635030851,5.690276804424869,0.001360525063141285,517.0876050604285,0.24138469506153706,2.2898812202619636,97.4702255300907,3.37448085815793,312.9815709399026,0.03907146018794517,0.0121490322314316,3.7746153386538825,1124.8117985834303,0.5217981559712617,0.657961964235027,1.0233092674651827,0.748726342429005,74.00638066731405,0.009339854630364023,30.636363636363637,0.1740702479338843,6.5593685433884295,94.13068181818181,16269.568181818182,1442061.2102272727,185.9649813360333,0.024751881850731742,51.95454545454545,0.29519628099173556,0.5572631249032298,50.11580089501489,0.018933547941242912,5.088258133439449,0.05412054120541206,15928.158574380166,2.0645775617821895,0.002451084806726069,52.1197031642615,0.011416697071152651,0.3051548294369612
75,Training,0.0,Male,56,White,R,BOT,2,2b,IV,III,Former,15.0,39,66,30,N,Y,1,0.6217501222676918,0.507230669456427,13.978547713616914,27.558561726161003,27.65863337187866,29.832867780352597,22.825424421026653,32.87856444554719,4111.708333333333,17.134539122762334,0.6667076776036179,1861.6449998496234,0.45276679397645914,4150.0,68.0,113.0,34625693.0,1.7461528959819035,21.0,24.1936415124784,169.0,15.266731426912468,88.08602409638554,89.0,-206.0,375.0,9.322178568575165,91.34298266384621,-2.8454476826183335,34625693.0,0.39921556103933814,584.3928408186964,171.302319766516,60.230460554754515,-4.379858295660537,2.0449587895175396,0.962525525968808,0.3586337854786456,0.5515487336365387,1.3521863910289869,0.6533819270398303,0.7657324758300921,0.756599297630333,0.996444465327872,0.9687241034353294,-0.1075416874313131,0.5185157245968292,0.38671789141700974,13.077906936963682,0.21766175285217715,3.0761383674894103,0.4598660627419482,0.4205316791563102,26.155813873927364,2.3368939418387678,0.7518710788715869,5.924574487964628,162.77397590361446,0.03922264479605168,50.374597183916386,1656.744578313253,0.9910060095804907,171.29036144578313,230.904578313253,39684.22722891566,1.3493586558664064,0.006285644845612075,0.046585845164044064,6.5474551299757495,0.0006837023701738986,624.3209183028509,0.2878923933433354,1.6365831429362947,169.9622563144517,6.819681106584837,1169.068030147803,0.04076671453233939,0.006714373445584155,3.818276973078132,925.8213179110501,0.42233634357464894,0.5216867469879518,3.0004977191187883,0.673110990982479,113.05382131830696,0.00481672274815366,22.84795321637427,0.13361376149926474,7.216647857460416,131.58479532163742,38868.116959064326,6678139.65497076,226.9925123070724,0.01614849287952866,72.78947368421052,0.42566943674976915,0.6778152027614455,83.52375463851237,0.013725718124764455,4.844636240976454,0.04120481927710844,38279.13231421633,1.4864132056304389,0.002058788348298485,61.017442696925634,0.004369020951885387,0.5871572145073526
77,Training,0.0,Male,50,White,R,BOT,2,2b,IV,II,Former,10.0,44,70,33,Y,Y,1,0.727068452043753,0.42225383836447206,12.251253790580025,29.013954824029923,33.61547262794322,30.23243291566195,23.40939982143925,33.67491648096547,4249.708333333333,21.095131221574817,0.6147186888892804,2064.0194742855374,0.48568497232999225,4280.0,58.0,100.0,28604049.0,1.709452350731289,21.0,59.567470589382765,131.0,14.77936588348327,77.97359813084113,80.0,-399.0,530.0,8.883324224108367,81.75077381096517,-4.894626938436745,28604049.0,0.3909873133024719,603.3070132216786,388.1465503138006,108.85709385951691,-7.621471461078404,2.103184320090506,1.102566949002728,0.31353783612672065,0.6058742151498261,1.372347936336741,0.7326860083380787,0.7404144655847266,0.7317302458643522,0.9978459951543226,0.974423496203118,-0.07707639287392024,0.4575995958483838,0.4403249793584327,19.695084844419835,0.1803418673933326,3.1269928810971783,0.42518273710774324,0.34077777489191174,39.39016968883968,2.360543735354549,0.8014378172733084,5.8086394285443985,204.3336448598131,0.04774150580836754,32.72563084112149,1673.4257009345795,1.0617297908114247,386.9179906542056,180.3481308411215,70861.03901869159,0.46048663131063167,0.002852275130990813,0.04767966156645603,16.407903966507707,0.00038576479145074904,787.3870586719893,0.3218316145048868,1.5865666615682363,383.21504512444767,4.727062128454469,1846.579175576257,0.012594322594901482,0.0030732836158747726,3.588818907391918,1039.0947964794314,0.4225039787516056,0.5711538461538462,1.6097387302789572,0.6716231551490572,254.91983173436853,0.0022289804607974616,30.86021505376344,0.1659151346976529,8.913516013411954,332.13978494623655,36956.69892473118,14505190.650537634,94.348493612245,0.008727241939650486,77.70967741935483,0.4177939646201873,0.670610973763403,217.05736899455556,0.007704756372254534,4.706606436931041,0.043457943925233646,36427.20418545497,1.2205142641260953,0.0016603057733070477,77.4511157626137,0.005123765288192622,0.7666410262049986
78,Training,0.0,Male,60,White,L,BOT,2,2b,IV,II,Never,0.0,44,70,33,Y,Y,0,0.8672762911774659,0.6656432819670747,21.569784061336417,32.40441937248207,41.19465984809196,36.89173349139343,41.48493702538308,43.289721643826724,11183.416666666666,28.10358465112547,0.5288873603365157,4572.677861057503,0.4088802194669938,11220.0,37.0,104.0,102236687.0,2.253578457811168,29.0,42.67934685454445,163.0,31.286322123404542,68.84465240641711,83.0,-782.0,945.0,12.847498558462329,95.45681845184401,-5.595501524218321,102236687.0,0.31290921165095426,4372.418023987915,1263.5209740841797,6710.153079909809,-227.0865142483246,12.20341471066909,5.45834877188391,0.37809089523277983,0.9466330039299125,1.711139169182877,4.544553642793237,0.7115899978492569,0.6971222328281612,0.9968559883821013,0.9784520924112576,-0.13282104472764308,0.6329311236141256,0.4187320328712078,35.5223038337575,0.14935132825271075,3.8557859457630306,0.5450759406504133,0.33166265341593415,71.044607667515,2.8967161190571997,4.415440870638251,6.288458562553113,473.325311942959,0.042185856679408114,43.561949917546016,3510.841354723708,7.06516161139549,1250.7086452762924,184.98110516934045,239204.1610516934,0.14334943436625103,0.0009362106850319542,0.06691676884431476,62.366535670724595,0.00019760436919157056,1480.8729940173243,0.22680066993052353,11.29120647113336,1223.248531044755,5.116529354468436,6539.413757610912,0.004244345635926976,0.0010518221148609127,4.174150807722125,3079.781150236474,0.46924305739646816,0.581077745783628,2.1003298305208498,0.7107863371944982,852.0971249052592,0.0008256219305420276,40.241279069767444,0.05849023120605733,49.00351330110871,880.0014534883721,55218.84011627907,71217255.9752907,42.84550628462774,0.003181302626901713,365.9593023255814,0.5319175905895078,0.7563415752977202,611.3951954415654,0.002934821647056249,5.779662067288655,0.061319073083778965,54952.88470118983,0.7152286962409132,0.0006291825421054839,619.6245602383999,0.009748637729364724,2.22206737315282
79,Training,1.0,Male,63,White,L,Soft_palate,3,2c,IV,II,Former,10.0,44,70,33,N,Y,0,0.6796051609726791,0.5016120535025848,22.041635399055266,43.94159838294573,48.16637831516918,35.608987629529715,50.59644256269407,51.45872132107443,17912.875,29.862937042438645,0.6941675464967457,4769.395623861865,0.2662551725427585,17954.0,58.0,110.0,159242602.0,2.013794194279341,26.0,127.05969197072604,768.0,20.066655780645423,83.35735769187924,87.0,-903.0,1671.0,10.978058192987586,94.17790433612471,-5.869556641210092,159242602.0,0.3310440942306871,1921.0285837723575,1675.6157560865245,4189.313051631962,-42.62241253445799,6.215162602808291,2.6499861715841613,0.3989265204984773,0.7348042747226788,1.4909176671882065,2.104837382773042,0.7209697104893938,0.710125490322734,0.999452541455462,0.9896873272290657,-0.12459931529378496,0.6078841657297164,0.45274457229602455,40.92339659149184,0.13947014796269747,3.627563408555401,0.6769172155146869,0.2954457454753874,81.84679318298366,2.7304210782556164,2.2162871935981148,6.162876774812752,856.4898072852847,0.04770467902892306,32.33772743829183,5943.565667817757,3.1554220091797225,1671.9602874011362,185.56555642196724,311699.34315472876,0.11076771237013003,0.0007018258479430601,0.04465527043144735,67.88370538461729,0.00011046045045009148,2734.7847849619425,0.270721504248347,5.17848939683572,1665.5153638938702,5.05674403164656,8479.747263099787,0.003207041266929521,0.0007830981515149842,3.9652515589679513,4286.229383461605,0.4217806904553847,0.5623645041602042,1.843164113487414,0.6708394702835041,1112.3461201242135,0.000585332260945288,55.493975903614455,0.08357526491508202,48.953794092030776,1477.2018072289156,153884.44277108434,258979401.875,91.49445895486839,0.0030591114155114744,357.5120481927711,0.5384217593264625,0.7607325738504597,1092.9695633730312,0.002620367514790525,5.543392356683979,0.03698340202740336,153153.3267800116,0.583230963723566,0.0004301754232894224,836.4792277417484,0.0014238802430346317,2.7558571675032226
80,Training,0.0,Female,50,White,R,BOT,1,0,I,II,Current,15.0,39,66,30,N,N,0,0.33253992309047226,0.22896031640083395,13.100738894435526,57.218382208646396,40.80441152620633,35.11409973215888,25.0,44.294469180700204,1928.5,19.027396419024516,0.49717841525932543,1507.0174724411247,0.7814454096142726,1964.0,-28.0,149.0,52083395.0,3.6991869733087572,101.0,19.903031573889148,452.0,85.84908651034299,44.89460285132383,78.5,-951.0,1403.0,41.602495337506696,162.84667704326233,-3.7552622587790605,52083395.0,0.1036627730928609,24503.51485885449,1740.338551912581,366629.05048321956,-5917.682770936797,138.64932311519198,20.31216589371849,0.7453562775599707,2.088737424387459,2.5166914401739784,15.812176380952499,0.5636767840907821,0.5248470060476794,0.9946039012382167,0.9686332550293949,-0.2981436762255477,0.9398651825439218,0.43067102312567673,41.361112088733314,0.02480164927567468,6.248303272228958,0.844600942139263,0.07181648207713362,82.7222241774666,4.596557117399067,39.740372252227615,7.135947883251953,142.71384928716904,0.07266489271240786,18.332430801265968,203.59368635437883,39.27852153425613,1745.6751527494907,64.17718940936864,121816.77596741344,0.04110307912305858,0.0020174739610594517,0.139896153775523,197.7940330286915,0.0008364893226882707,148.26233992918736,0.09690839787416672,46.594002925289814,1711.0160356061144,2.121373721839263,3814.225858402819,0.003199093625621141,0.00237328857871474,4.723760692652944,1006.2883221142006,0.6546302681886716,0.7780432398558671,0.44589828243475726,0.8353473696671411,1406.2231574570144,0.002227924065561789,11.685512367491166,0.041291563136011185,117.72250870906117,1363.8374558303888,846.3957597173145,1592671.3851590105,0.4741142185243216,0.007111996178996008,123.07773851590106,0.4349036696674949,0.6851677427518563,895.286574666977,0.005089835130092678,6.3978350079128985,0.14409368635437883,798.233140631048,0.04822274840025973,0.005689133704410243,1940.6522134815384,0.03797974566864875,19.12455228414331
82,Training,0.0,Female,75,White,L,BOT,3,2b,IV,III,Former,6.0,44,70,33,N,Y,1,0.8424826947161415,0.6722422377956201,25.625711015211476,38.11975739465866,40.52159917870962,41.182520563948,42.5205832509386,45.32107677449864,21634.916666666668,32.11523593177759,0.7603477307503292,4938.275952973788,0.22825490983204408,21680.0,73.0,119.0,220923745.0,1.7626547817054636,21.0,65.56166693173535,227.0,15.31756864353699,98.1034594095941,102.0,-523.0,750.0,9.03121213836968,100.94656824390516,-4.208797239476018,220923745.0,0.37831977369589187,565.9208920915258,650.9670178991469,94.72143785680315,-7.214891238908766,2.362258667045011,0.8262627897772693,0.4806186639981371,0.5322198677239973,1.3024304822563892,0.5392182417301824,0.7641941791262936,0.7562600791078841,0.9991613578330374,0.9836187381948818,-0.13184364467302276,0.5849074511986966,0.40307200078062794,25.50652812628996,0.1923150921485702,3.145409245284188,0.5814549250283744,0.3593097377545149,51.01305625257992,2.42075995669057,0.7971303642055699,6.017731527634031,894.3821033210332,0.04125378705355319,42.69268780381531,8201.972693726937,0.9929489658365218,648.8738929889299,246.28662361623617,162975.83044280444,0.37295212731767274,0.0016015468449837793,0.026980799366701048,16.161283421675318,9.820140578320369e-05,3170.890788118284,0.2983825606480038,1.5232686318457458,639.6525141508658,7.638260252168412,5036.332742255252,0.011725521998638936,0.0016829300248545312,3.9714115115394675,3990.476806249093,0.37216557333492406,0.4896678966789668,3.3434009994588787,0.6283941951831391,397.61841415477244,0.0011102974132415225,66.54310344827586,0.14341186087990487,12.102835166468491,582.5301724137931,376203.6724137931,248463721.61637932,570.4367265140125,0.004205708308093207,155.96120689655172,0.336123290725327,0.6008627275454499,340.2874204351393,0.0035240323354849123,5.470805503907247,0.021402214022140223,374020.5273483948,2.5572882357447884,0.0003583712971076555,169.18312195147806,0.0015798750891560158,0.5924936190568727
83,Training,0.0,Male,43,White,L,BOT,1,2b,IV,II,Current,0.0,41,66,30,N,N,1,0.8027197124092105,0.6184270984918422,11.550212713536045,18.676757117699953,19.697715603592208,19.4164878389476,21.633307652783937,23.53720459187964,1928.9583333333333,14.992201102256782,0.6941659910474474,1079.5332491773306,0.5596457064533089,1953.0,16.0,68.0,5490861.0,1.9890397150357908,24.0,24.064958872029205,101.0,19.877847805403427,40.549411162314385,46.0,-290.0,391.0,10.492127315409942,53.023586902897804,-3.69537397736762,5490861.0,0.3323533136228245,1167.2460224387282,204.50823435335582,345.8558210101903,-23.998161667350285,4.025633121211815,1.607400504188611,0.4280311259051795,0.6554161360163253,1.5082166534254162,1.15877749110681,0.7536050858839606,0.7409930649978627,0.9949030882606179,0.965926655125297,-0.15769042509256673,0.6411473240796572,0.3704360840836429,14.279416457149535,0.1592266155212238,3.442762021341002,0.5487997041020446,0.2612247004057039,28.55883291429907,2.634007127865594,1.4082584063501062,6.1998555073674,83.20071684587813,0.04260149352067493,42.27926681521647,649.0860215053764,1.9530083432764171,201.59703020993342,204.3753200204813,42988.94982078853,0.9795062362676549,0.005937930515409643,0.055006455045095756,7.472735329387916,0.0012336531445365393,294.5941950234673,0.27367711614118745,3.050130019060578,194.98098589149336,5.544363091718345,1148.4434253839381,0.02873651782739745,0.006892614078118166,3.9488704357544737,444.5093958722791,0.4060185321432946,0.5487809681358068,2.0198672321306885,0.65545962545723,123.15364559944823,0.005219314540177871,12.927272727272728,0.1175206611570248,10.275123966942148,129.48181818181817,10628.5,2203205.1363636362,51.552126750754205,0.022423406600904246,41.527272727272724,0.3775206611570248,0.6377164167330285,69.92403164848999,0.019891993053391125,4.979581553444543,0.05632360471070148,10313.276115702478,0.5736851630065869,0.004714961974124108,73.9969711410648,0.008337682452744032,1.5245892342049627
84,Training,0.0,Male,70,Black,R,BOT,3,2b,IV,II,Current,14.0,49,70,33,N,Y,0,0.7500872929094441,0.6325821113167125,21.473199427959525,33.94531562592452,41.617304093369626,35.17101079013795,33.421549934136806,42.37924020083418,12265.5,25.461949904806378,0.7315491987289983,3515.8533891663587,0.2866457453154261,12301.0,67.0,110.0,105640458.0,1.7363715436988674,23.0,68.54307017147168,175.0,15.452728927329359,88.97683115193887,93.0,-392.0,567.0,9.449812577679355,92.67123023933603,-5.5740246103018105,105640458.0,0.3713403242559519,671.0804322313879,405.74648563298365,297.26405374005606,-16.42819658844274,2.696185001344316,1.0347307369764582,0.44553016981979526,0.5509726471824505,1.294991043135997,0.7277708990437461,0.7605569057371098,0.7540281544647811,0.998324062256931,0.9785709655432774,-0.12836494961332706,0.5781948418789516,0.4188929534397916,20.132836421066184,0.17340852888885167,3.107523716090593,0.5303809474126885,0.3086936534406682,40.26567284213237,2.4226169371157216,0.9327289345801938,6.0670914291267435,542.3550117876596,0.04409031881860495,37.70830050961176,4567.857328672466,1.1608654342616944,404.3767986342574,227.64872774571174,93552.9760995041,0.5561555172595055,0.0026950418412458334,0.03285160020367102,11.138877628105865,0.000284297686600105,1975.4197061842347,0.31553148966324324,1.847549704793394,399.01339407793415,6.670749434210086,2727.0262477255287,0.01680282217631656,0.002934349317149363,3.8699817544884323,2387.2818959628253,0.37794177916376853,0.5083889364842133,2.6884275981729524,0.6327285510345386,248.95854433135054,0.002029512818855664,34.56825396825397,0.10974048878810784,13.980912068531115,316.96190476190475,172684.59365079366,70678073.77460317,422.92851304957884,0.010663293171806214,150.96190476190475,0.47924414210128496,0.7189907127257198,216.52750758421075,0.00950621561595808,5.014752389747375,0.02560767417283148,171159.6291660368,2.3878130414456455,0.0005971350286056374,122.8907337719258,0.002864332354587191,0.5627386350746042
85,Training,0.0,Male,59,White,L,GPS,3,2c,IV,III,Never,0.0,44,70,33,Y,Y,1,0.643472721431203,0.5059995240645482,23.422006449933466,46.28859383461717,51.86520991955976,49.040799340956916,36.05551275463989,53.85164807134504,21275.75,29.785447445984712,0.7063204411525218,5257.011597315783,0.2470893668761751,21323.0,65.0,105.0,161259304.0,1.5427865927744044,21.0,10.092886819158009,153.0,12.637454022208694,85.35534399474746,86.0,-158.0,311.0,8.836091855639383,86.96374563258098,-0.910295820123905,161259304.0,0.420397212680223,277.1583059865778,119.94141239581953,10.036073160421749,-0.6747698326830032,1.429212772279988,0.5377308592729324,0.45297313218711605,0.4571226127814586,1.1450255926457797,0.3267429967766956,0.7827835982402788,0.7789551226289968,0.9972983917680305,0.9698437609831061,-0.12085906773788947,0.5424235962132158,0.4025682179267769,10.941596604190037,0.2124794637748055,2.8362568474635435,0.4670817302173178,0.4017902427370333,21.88319320838007,2.249390531780681,0.4917359078882301,5.9114873358471165,919.8256811893261,0.043137723640638094,40.3517294879385,8964.129765980397,0.5274348350978495,119.97758289171317,258.6075599118323,30976.059747690288,2.1782367880925184,0.008550513320658136,0.02373063984282083,2.650717750509536,0.00029542231174285537,3359.9594911154522,0.3349968711088629,0.7603869027811471,119.92914549110961,8.47356990027001,1015.5690479186995,0.07156902028464752,0.008695250358790698,3.796596743355112,3596.857164209027,0.3552597849526743,0.4702506141797049,3.8281645032564615,0.6120993384598183,73.21113628645786,0.005426624495548593,84.0979381443299,0.2167472632585822,3.5152513550855566,106.42268041237114,476004.5902061856,57376243.39690722,3969.482131651883,0.013991061140658753,127.96907216494846,0.32981719630141354,0.5927683321454115,61.61149927723082,0.009961722428852715,4.716861128476858,0.018196313839516014,472984.40787410986,11.459318605879158,0.0003738605628922411,39.70275212132765,0.002633360938464496,0.08095579375644447
86,Training,0.0,Male,55,White,L,BOT,1,2b,IV,II,Former,13.0,43,66,30,N,Y,1,0.8093523894748582,0.636556788645236,13.895745406776692,21.82954554039173,25.632011235952593,27.784887978899608,21.400934559032695,27.85677655436824,3462.2916666666665,17.667794844266282,0.6918652320526062,1599.6994101855717,0.46203484980388376,3491.0,-44.0,92.0,137694348.0,2.556170055187126,28.0,16.5483763571785,123.0,101.65686188513885,13.675737610999713,69.0,-985.0,1108.0,13.984594280890576,198.60177815098277,-3.760112715210788,137694348.0,0.29002457602439824,39255.64048552726,1721.8025081823414,848465.0965250271,-12939.374191127436,240.54833736414656,36.657903294858485,0.7381186191974981,2.372875725987417,2.3680301614080226,30.664594515645895,0.6380153618274699,0.6172050816455348,0.9859302958119874,0.9593581997356171,-0.20311049423066685,0.796120197767851,0.40316422043393657,40.875713585960185,0.11101991626909243,4.630859243821616,0.7708850176850709,0.1939190017493348,81.75142717192037,3.4763304987230734,69.3015601647512,6.355473102221483,172.69407046691492,0.04946836736376824,36.06893857520107,1012.4757949011745,62.88031531094279,1749.404755084503,137.5236321970782,258843.68261243196,0.17072108964121113,0.0039479525804618385,0.11262233295953683,137.18045512744848,0.0007807784927270073,516.6385142004011,0.22679269155528056,84.69124242054103,1685.2345201438513,3.5524757055776885,6473.8587779616255,0.00902208135364129,0.005045843026428862,4.2850133939307815,1192.646383222284,0.5212589625832258,0.6510587664984685,1.1450008009920423,0.7490367519210239,1219.8268134688246,0.0044268509363229605,19.842364532019705,0.04887281904438351,147.23645320197045,1171.2364532019703,8341.820197044335,15736309.69950739,4.8865872992252655,0.007237691592445216,212.92610837438423,0.5244485427940498,0.7514216387515106,831.7072582823017,0.005006758228788514,6.082123190149768,0.11629905471211688,8267.885613579556,0.21719070511329744,0.001373565145675262,1807.95234716521,0.0913598358713475,10.000725793502818
87,Training,0.0,Female,52,White,L,Tonsil,2,2c,IV,II,Never,0.0,41,66,30,Y,Y,1,0.7473151851794921,0.6535500712676806,11.095123288597694,16.976699684351132,19.72308292331602,18.601075237738275,17.26267650163207,19.87460691435179,1434.375,12.686945468347494,0.7351583073282975,836.6523979830536,0.5832870748465733,1453.0,63.20000000000002,117.0,12661093.0,1.8922774634981991,29.0,83.0542443167836,157.0,17.616807241727372,89.52167928423951,91.0,-389.0,546.0,12.036802810018415,93.34752169873205,-5.126047915819995,12661093.0,0.3226705645911892,699.6287454250148,405.9660948299987,221.16371442949438,-10.643229854504002,2.645087889363307,1.245816342101031,0.3562893491754525,0.6780448104361247,1.4209572441146603,0.7772220172958888,0.7092330442888447,0.697006172473108,0.9978391369487578,0.9725161579243659,-0.096675038423662,0.5199786435691799,0.47616404878209617,20.13991284022628,0.12543204421742937,3.5047618675568026,0.5060457735530871,0.2380109469772098,40.27982568045256,2.5844576457507547,0.9727260578660845,5.914370904354175,79.12112869924295,0.054453632965755644,25.02385505177365,468.84033035099793,1.1786166125665434,405.180316586373,137.45973847212665,56237.50240880936,0.33810171907811126,0.003178959467868167,0.041895401339879845,16.020299277544602,0.0008026119200004739,265.476562236651,0.28963380567165153,1.5698013540284874,403.4417520307216,3.6197531492611694,1473.3216307944256,0.010054276841561297,0.0036092671023540256,3.4809763886016727,433.4826846487265,0.4678618413550636,0.630631584520091,1.0284475212380533,0.7057716960321737,283.5272050441497,0.002883171254830038,10.892857142857142,0.19451530612244897,12.086734693877549,378.5357142857143,11300.375,4628085.875,27.68920346949637,0.020638330321356452,14.464285714285714,0.2582908163265306,0.5204561976814637,189.5858569570899,0.01938265393103641,4.637251574998121,0.038540949759119064,10627.157844387755,0.518305992598645,0.005242734067564834,56.11523223791086,0.00931871229330577,1.5885826488463568
89,Training,0.0,Male,49,White,L,Tonsil,2,2b,IV,II,Never,0.0,41,66,30,Y,N,1,0.7169442980564148,0.6068447424589817,15.537368496421127,25.60353152844748,30.083217912982647,30.364452901377952,24.515301344262525,30.773365106858236,4846.708333333333,18.35630593942806,0.7611319193354401,1819.6538454412241,0.37544116961330615,4873.0,74.0,120.0,49023150.0,1.7618902458458965,24.0,60.49288186579076,205.0,15.711005107400874,97.09993843628155,100.0,-362.0,567.0,9.857108164931828,100.30033904999533,-4.86941588092828,49023150.0,0.36401356195782486,631.7599692143507,379.20576115234576,213.46026784900502,-12.076595749202173,2.537221454200417,0.9822401850476546,0.4372211817258011,0.5641533450091304,1.294388270516425,0.658901343836199,0.7510664097267192,0.7440876122092225,0.9983966267086988,0.977965594688206,-0.129132801264599,0.5791887582646439,0.43571485965260937,19.463218995959878,0.16533325402549656,3.1850872467283344,0.5916042254634037,0.28358451567345955,38.92643799191977,2.468599324933152,0.8798654098120178,6.026004069929685,220.35358095628976,0.04521928605710851,35.53586633004479,1773.8380874204802,1.0851326546739468,377.53909296121486,203.50235994254052,78326.44531089677,0.5309945258951637,0.002903494773195298,0.031153062945550713,10.293510230438986,0.0003296367114741554,836.8337143261324,0.31771760842984975,1.6170738746369482,373.209406900276,5.695176050798888,2181.2369717000192,0.015386325872003078,0.003145157437913368,3.740797910227442,1066.9643534015577,0.40057330608970637,0.5399927386383369,2.1388345104532562,0.6514925078620707,240.88844286693163,0.002222047124774732,18.907692307692308,0.14544378698224852,14.5505325443787,317.84615384615387,64894.346153846156,24823532.246153846,170.13238559749652,0.011972477738791072,40.47692307692308,0.31136094674556214,0.5750021436100831,165.4333359788733,0.010729904543307562,5.215444379931321,0.026677611327724195,63489.2497633136,0.982225797637538,0.0015119854334418724,112.95127206958416,0.0026418824514270836,1.2033033603781935
90,Training,0.0,Male,70,White,L,GPS,1,1,III,II,Never,0.0,39,66,30,N,Y,1,0.4551104789838566,0.4149035350218043,9.885844984926042,23.826851666632617,20.248456731316587,24.698178070456937,16.55294535724685,27.676705006196094,1730.0833333333333,10.843849874678472,0.7595258283205434,917.5989876414613,0.5303784910022415,1749.0,64.0,107.0,13746512.0,1.6130887923672534,22.0,53.186431180509956,131.0,13.620991951293904,86.41738136077758,89.0,-235.0,366.0,9.304309222552572,88.65461599758173,-3.9802180349804686,13746512.0,0.397649755590142,391.6771364246041,196.37580288574404,49.414326928319575,-3.6664428289428224,1.534010596830046,0.8954415366348787,0.2605255664471234,0.6042203179106453,1.318670460537015,0.5259401125152313,0.7282376411226886,0.7193789261455196,0.9967094599270256,0.9652610322366898,-0.054401374583410426,0.3631151882761384,0.4686657182652546,14.007716054239161,0.1827058673281024,3.013027247218967,0.40360407120562297,0.3525907605055757,28.015432108478322,2.217362447189538,0.6073630333662311,5.461548704092791,90.1835334476844,0.05156291220565145,28.657776182485723,695.4894225271584,0.726455466997232,195.92681532304175,158.07604345340195,31219.459119496856,0.804042506038169,0.005753293361594687,0.038242983848331656,6.753226050505096,0.000813119254152029,343.4759923493675,0.3267231973726336,1.017752006766179,194.86725987671298,4.172838539146416,820.8920118608337,0.02235682780669734,0.006200569939063474,3.3091162947792325,477.39474124461464,0.44963128672556735,0.6009148084619783,1.3304152853344786,0.6919006452010823,133.97451971189278,0.004629650749687576,10.785714285714286,0.19260204081632654,6.489795918367347,168.14285714285714,20860.01785714286,4124113.964285714,105.91112658930467,0.02454927510271441,17.285714285714285,0.3086734693877551,0.5730331982635031,92.5536941136299,0.022052991855095485,4.557068985789674,0.03201829616923957,19884.571109693876,1.066693435657043,0.004390749457873007,36.27644769943569,0.0076402178137470736,0.788333858968965
91,Training,0.0,Male,68,White,R,BOT,2,3,IV,III,Never,0.0,44,70,33,Y,Y,0,0.7241139505649727,0.6381887120947781,22.548503698324062,35.33203153078545,43.9089968002003,34.48187929913333,35.22782990761707,44.31703961232068,11704.25,25.584416933243237,0.6074793644595037,4103.757168130328,0.3506211135382727,11750.0,78.0,117.0,114302338.0,1.5524546637406071,21.0,64.1200446429714,156.0,12.87507657763694,96.71778723404255,97.0,-276.0,432.0,8.579057053419913,98.6299069917005,-4.404724728370304,114302338.0,0.40284868085106385,373.52818574196465,268.68661637190485,102.28515611419691,-6.018170011660353,1.617413054721587,0.8698788850513496,0.2990835395704997,0.5713003763075187,1.285731135222743,0.5415266449069136,0.7418801993139715,0.7348491749350639,0.997719013585312,0.9720298040763388,-0.05291081359068044,0.3697855000237322,0.4556599112297288,16.38596112322154,0.18002223758720445,2.944928915032189,0.4374690510805234,0.28248304684712616,32.77192224644308,2.1967514700526993,0.6218229849432343,5.739661503551144,558.4735319148937,0.04752966229062924,32.77495667541874,4733.472,0.6818129760072431,269.0447659574468,191.72374468085107,51524.379914893616,0.7163996406095722,0.003869493409778137,0.036677747414173435,9.246240834706873,0.0002674271260908365,2293.6120381732126,0.35251573564529787,0.9811389897436253,268.70774770750717,5.276900831800737,1416.6573120573032,0.01998631477072394,0.003984011847710808,3.460688335704838,2732.112382316104,0.4177969821953557,0.5535581014729952,1.9641575682791215,0.6685019703369002,179.05751248522668,0.002751307848134341,100.05681818181819,0.2842523243801653,7.158283832644627,246.5284090909091,154566.67613636365,41648458.26136363,575.6923189321252,0.008197148818107588,134.3068181818182,0.38155346074380164,0.6411248601684743,153.85381602684515,0.006654891305646507,4.393691639916379,0.02995744680851064,153452.40621771695,3.894488875077941,0.0005366586115942177,96.05119789740617,0.00239862663579027,0.35407383037570334
93,Training,0.0,Male,62,White,L,BOT,2,2b,IV,III,Current,30.0,44,70,33,N,Y,1,0.65513847130633,0.3684463260567006,9.011478554717012,24.458049700650907,24.041630560342615,23.08679276123039,25.553864678361276,27.459060435491963,2304.625,16.023409292018677,0.6906629655145987,1221.66313255997,0.5300919379768814,2325.0,-18.0,88.0,14677696.0,2.851196888716212,56.0,27.190019492800214,139.0,41.633919112036075,35.12774193548387,50.0,-596.0,735.0,23.151709228173523,79.45431093956904,-4.126094251185908,14677696.0,0.1802450225459591,5079.029273395769,679.1043981151063,13503.821233617475,-430.96776714534593,24.375301983024958,6.726378268477756,0.5666633063064714,1.2853312887063368,2.06162632367538,5.041510334279928,0.6265502359650412,0.5964990571027774,0.9936160724971417,0.9627171830747959,-0.19671650731928245,0.8096152420984514,0.4453284982665245,25.97476722177339,0.05187624511533689,5.091745523439817,0.6971647867909848,0.11981654853280764,51.94953444354678,3.7116233433305577,7.7754200628756776,6.697464394440158,140.23956989247313,0.06031809457740779,25.597496311712337,419.06967741935483,8.200855590241646,680.6270967741935,102.98451612903226,74830.7664516129,0.14447704302624467,0.002656906876337372,0.07541778900901377,40.249280801666664,0.001246620027962264,268.8554329534607,0.16499956796677312,10.476750418316195,666.3010866163968,2.8450061942541875,1994.3666245965965,0.005799968653989994,0.0031959183609630015,4.178596778341684,919.546193779001,0.5598433147819043,0.7001157981803143,0.759459211342791,0.7748213383200319,507.32909359461854,0.0028697045369841423,9.64102564102564,0.06180144641683103,47.04980276134122,489.6666666666667,5294.660256410257,3773984.987179487,7.4908284734930755,0.018703890465988075,68.24358974358974,0.43745890861275477,0.6865928761713221,317.5892167123654,0.017746880465988393,5.652631583045244,0.06709677419354838,5072.535626232741,0.20512776224740345,0.003918807911006066,430.3279172970984,0.017172911087229615,5.285432565235567
94,Training,0.0,Male,43,White,R,Tonsil,1,2b,IV,II,Current,2.0,43,66,30,N,N,1,0.5168159429991661,0.37434660312844353,14.088222329059843,37.634166334951296,39.824615503479755,32.89376840679705,28.442925306655784,42.21374183841087,5387.958333333333,19.449937163385325,0.6199675615065863,2397.349265883587,0.4449457693560957,5424.0,55.0,103.0,36938602.0,1.8252450112075578,25.0,71.44336689470055,237.0,16.500052209778893,78.29793510324484,80.0,-435.0,672.0,10.722123609459638,82.52402215742,-4.8572746976533345,36938602.0,0.3448146580041942,679.6475916064079,470.7471113390965,186.59313589644665,-9.947396438303238,2.8275399823207943,1.001906649768837,0.47729433698309776,0.5368013449903306,1.2627464040700798,0.7077442660674814,0.7648731568925538,0.7589020925293717,0.9987969269785313,0.9819311311537094,-0.17597741013057847,0.6692045897721928,0.41540617839836147,21.686185945944455,0.1574226412286787,3.25685928599751,0.5943056660476517,0.2911745212666161,43.37237189188891,2.5965250570264646,0.9573616580224077,6.135209707019511,246.24041297935102,0.04539830622775646,35.93134686001687,1870.2747050147493,1.1627340738420309,470.12794985250736,210.51806784660766,99115.64675516225,0.44884817080318795,0.0023545340230069164,0.035493326748295924,15.2818061835007,0.00029632948945112515,853.9006848198126,0.2965563991665382,1.7897944557686924,468.96169610688673,6.014405854267547,2830.8387955348426,0.01324378155827722,0.0025600966964670112,3.851601201266995,1135.4984191617693,0.38905658064997084,0.530264352167007,2.275495342036602,0.640960626162051,299.51765645710907,0.0017955599497208774,20.4390243902439,0.12462819750148721,14.626859012492565,418.0487804878049,56771.09756097561,26823841.268292684,120.44327435680418,0.009480696087659935,63.792682926829265,0.3889797739440809,0.6472769713502577,259.47141098032785,0.008649077168080225,5.155221772502298,0.03023598820058997,55677.262938726955,0.7895686692764118,0.0015171480376275663,125.29785680748843,0.0022284902057135058,1.4081315638811536
95,Training,0.0,Male,54,White,L,BOT,4,2b,IV,II-III,Current,37.0,44,70,33,N,Y,0,0.7457355454311687,0.5885198486077429,15.980885882349435,27.1543702734161,31.622776601683793,26.627053911388696,25.96150997149434,32.4037034920393,4846.25,20.24997912668587,0.6429160263672169,2154.106057553984,0.44448925613700985,4872.0,58.0,103.0,35004217.0,1.7080349862898456,22.0,89.17200721966645,183.0,15.536256744076939,80.30357142857143,84.0,-444.0,627.0,9.48863933138495,84.76304385915654,-6.609499576482291,35004217.0,0.39224289596932715,736.1100200856205,475.57267509166854,407.55889776756317,-20.63634719564869,2.728850499329819,1.3070866068243718,0.3505218199781405,0.6130744726394572,1.3705935507543219,0.9274962360263819,0.7418292224751293,0.7331906832276658,0.9982155888583774,0.9780379375332608,-0.08584688220840345,0.4771330450504757,0.4371390811857153,21.799475202819224,0.1885787186615924,3.1267523959987735,0.5247042833133893,0.37384314946043834,43.59895040563844,2.364125278956161,1.008984276538548,5.793294549476467,217.9679802955665,0.044738912211733685,36.6321165009801,1911.0073891625616,1.261064490699173,473.4222085385878,189.53407224958949,91418.09790640394,0.3939060973692134,0.0023733951793052585,0.03949989280705664,16.052172493830653,0.00034599983968511977,847.0998369673796,0.3087354679786046,1.9526336554727797,467.8006544624358,5.133344721576173,2458.59644961951,0.011198143456089642,0.0025991755355455567,3.5927573557917962,1181.6106101645282,0.4278500982508187,0.562871037008968,1.9186570699943528,0.6763848026697269,312.84273632808294,0.001920770964057356,23.178343949044585,0.14763276400665343,15.851190717676175,385.12738853503186,56791.388535031845,27247404.757961784,118.53381923726549,0.01029846508788309,62.65605095541401,0.39908312710454785,0.6557188737859576,236.0543863773162,0.009479245497817892,4.989995976704433,0.03222495894909688,55828.412998498934,0.8540037274641334,0.0015363247656342619,139.14545769643235,0.003313169221145509,1.5204499469915738
97,Training,0.0,Male,59,White,L,BOT,4,2c,IV,II,Former,,44,70,33,Y,Y,1,0.7007824742719441,0.6646889758380181,35.89167533515364,53.99769913424935,63.89053137985315,57.07889277132134,49.040799340956916,64.5600495662759,46149.291666666664,37.84064120429127,0.6607772015539524,9416.129741012912,0.20403627880195876,46227.0,49.0,85.0,221424202.0,1.4699432209059362,18.0,41.39837637575336,283.0,11.700846392731766,67.30568715252991,68.0,-437.0,720.0,7.825839971191555,69.20933704289767,-2.195784733241118,221424202.0,0.4299760261976532,259.87681084317825,450.96593711668504,20.173425593733807,-1.4085407885307741,1.2852606928021935,0.5563470474975284,0.3955074813196218,0.4656475758893418,1.1388958705598329,0.3371911301282221,0.7781410935553755,0.7747371084530875,0.9993869019514812,0.9850643457493466,-0.09516392089910382,0.4746896656942577,0.41509789338708597,21.231667265471337,0.21341411549581396,2.7219332210822844,0.4722172101759041,0.3706370708644916,42.46333453094268,2.142920905175124,0.46040193507493044,5.795721884671106,2106.0801912302336,0.04555952562853383,36.862480376683365,19876.501763038916,0.5076131896724151,450.3343933199213,253.90631016505506,114544.4303545547,0.5641202812905366,0.002252725223306849,0.023670510102176114,10.208884863074148,7.854102968369416e-05,7840.676404763174,0.3593023670767997,0.7393693809152423,449.18507894823057,8.190770098070926,3687.3440881523775,0.018291335864205442,0.002288203344444517,3.722828999643655,7712.842979145062,0.34998852258309027,0.4718304820193327,3.570202179975391,0.6064252678631156,271.3132591567928,0.0014144195040819883,183.14914425427872,0.22389870935730896,4.767088013581937,419.1234718826406,1095335.8398533007,493530529.6161369,2434.888789481779,0.0037253341744182735,312.1442542787286,0.3815944428835313,0.6416046602628539,269.0217927302294,0.0028475064687934213,4.736364913268305,0.017695286304540637,1092142.2082857585,8.289305501045177,0.00015107250165864757,106.29404017418575,0.0009768255409862683,0.140500900887874
98,Training,0.0,Male,58,White,L,BOT,1,1,III,II,Former,25.0,42,66,30,N,Y,1,0.7046431681897765,0.5640037512028306,12.223646640755783,21.672988193228946,24.758836806279895,21.93171219946131,18.439088914585774,25.079872407968907,2750.6666666666665,15.271723064616463,0.7664854970200661,1238.622103228235,0.45029887417410386,2769.0,69.0,124.0,29426334.0,1.9342278662406238,26.0,106.08085434975418,154.0,18.974134386003218,97.534127843987,103.0,-557.0,711.0,11.366899172127122,103.08764113678352,-7.252735130172024,29426334.0,0.3339267578505825,1114.1556608590622,756.8725956269338,1931.0916898158785,-66.72138807312791,4.8709688032173935,1.552178251300796,0.5162053892469227,0.5947839739762606,1.3689912163042186,1.1898127951633648,0.7581512766026527,0.7491843938198632,0.9984566103636161,0.9815656388707257,-0.17239558290987667,0.663840873536434,0.4006550955928718,27.49622839643883,0.16921585466859404,3.322734662544083,0.648896521178964,0.33663969995540255,54.99245679287766,2.609707451839505,1.605786763629547,6.060155400462133,118.32177681473456,0.042730869199976367,40.7505468961224,924.6431924882629,1.8376479208426473,754.2094618996027,213.0339472733839,164097.3658360419,0.2774102272172153,0.00170959771192472,0.038919562479817545,25.156187995833754,0.00043731212285469856,391.2240520089736,0.2643691642843407,2.9718623445560004,743.2124570503872,5.910748600023334,4523.616152906402,0.008460999455830684,0.0020697781604649456,3.9286414832693475,597.1548581755758,0.398933974755863,0.5336278023168598,2.268836580788564,0.6509690517635505,477.3013166067515,0.001610192226256575,11.21505376344086,0.120591975950977,23.882067291016302,621.763440860215,26787.860215053763,20570685.720430106,34.945567173902695,0.012826584839805482,40.54838709677419,0.43600416233090533,0.6837641029783554,405.4877467543461,0.01235599036341458,4.910156532358461,0.03358613217768147,25901.357613596952,0.3310369156028255,0.003411042250103704,128.66915387278883,0.004774654889722318,3.8371681984929897
99,Training,0.0,Male,56,White,L,Tonsil,2,0,II,II,Former,40.0,39,66,30,N,Y,1,0.5008856027732255,0.3896118483117843,20.40380399137064,52.36956750617766,57.28001396647874,56.089214649520635,34.438350715445125,58.146367040426526,17701.833333333332,26.23116238730492,0.5896151725518832,5570.929195554154,0.31470916546614686,17754.0,43.0,94.0,106015923.0,1.9528625900186793,23.0,142.5335824788822,1041.0,18.217194451617566,68.77362847808945,72.0,-474.0,1515.0,10.10259789485413,77.27472026931082,1.624040824238666,106015923.0,0.3356668912700478,1241.5704186579608,499.76022357782495,3524.3742195928844,48.23479761313222,5.062580020418399,2.005928900373139,0.4327480361226614,0.6868891976011773,1.4706686080761526,1.5276285908843878,0.728373449188958,0.7175556993751303,0.9994883620780199,0.9892064335205315,-0.1235826408435232,0.5958688620330993,0.441251656602945,22.33821860130574,0.1440006663177122,3.537048398651658,0.631954382273162,0.2246404814619359,44.676437202611474,2.669123706315995,1.7671272301978844,6.18135350531842,833.6550636476287,0.04695590084756273,33.479238247969775,5959.429987608426,2.0796692424292553,498.12645037737974,189.7897938492734,95725.44818069167,0.37777012909989344,0.002196515371297294,0.04252496273491144,19.622484476386852,0.0002604455580778994,2814.8040595101893,0.28395208480263634,3.3012876636802124,494.11437388124887,5.184814118919254,2605.0821033394195,0.010686224147869969,0.0023578222866764242,3.920164001006518,4150.166640201162,0.4154145611463812,0.5575991542534294,1.8821245642509952,0.6651187021620112,326.16331065789785,0.0016861456898800782,80.03417533432392,0.11892150866912916,29.51550905329533,450.64933135215455,150749.21545319466,76085384.97028232,299.3132010885868,0.006723186866764879,280.57206537890045,0.4168975711424969,0.6714992984297666,300.6569139469748,0.005885946226151466,5.610793954052882,0.037906950546355754,150053.29067028165,1.5271888874224282,0.0004090669216803871,533.5496419284323,0.0015387524719483092,2.134543186692372
100,Training,0.0,Male,65,White,L,BOT,2,2b,IV,III,Former,2.0,39,72,40,N,Y,1,0.4524861313735777,0.37560893249864513,17.73194610864776,47.20853146566668,46.95742752749558,49.92995093127971,28.231188426986208,50.96076922496363,8083.25,21.36120577072733,0.49410084048041064,3942.0839841484,0.4876855205701172,8127.0,48.0,118.0,77382700.0,2.320655104775165,31.0,36.98277726288497,175.0,28.319174703646794,81.08010335917312,91.0,-621.0,796.0,13.319473177611634,97.5791003085684,-4.890457581080165,77382700.0,0.2788735317543969,2947.6976562954565,837.8980116000668,2479.2003177400215,-109.73262121427356,9.301722904738257,3.9572723658138327,0.39996484159554174,0.9190461725705318,1.7357793534328012,3.092254652504468,0.698749245645096,0.6820006837975481,0.9967537497463718,0.9749917699255535,-0.14610658940915258,0.6690003522133581,0.43020571488414855,28.92337413805384,0.11046579647716383,4.103752010244713,0.5712710153850833,0.22450885497342982,57.846748276107675,3.0471560004244407,3.314748817638022,6.478713607008118,381.3770148886428,0.046927158224270064,35.486901468473086,2266.4051925679832,4.802435690494731,832.3823058939338,158.7332348960256,136075.27390180877,0.18587445619469317,0.0013990976475996614,0.06730170795842799,42.951894125689485,0.00028481369605402754,1152.787757302628,0.2317062410491705,7.173676868601618,817.759767645822,4.253035656362955,3600.559390298579,0.00536069339869059,0.0015449055720019268,4.084877151853385,2402.3786070358483,0.4786685904874333,0.6114755184522627,1.5022526059081653,0.7165919304691226,575.8850457793479,0.001210954416636337,33.689795918367345,0.06875468554768846,30.268304872969598,597.4857142857143,35215.77346938776,30271635.422448978,41.030015556225294,0.004642074187126809,266.40408163265306,0.5436817992503123,0.7633890921882067,430.0755208188419,0.00425970843541124,5.530168950984147,0.06029285099052541,34940.68755102041,0.6784627802989663,0.0009699458127650219,407.2998825008533,0.008159000257159165,1.9505223527536706
101,Training,0.0,Male,71,White,R,BOT,2,2b,IV,III,Never,0.0,43,70,35,N,Y,0,0.7863786326863058,0.7461916071795011,24.005867090193803,32.17118345907507,37.20215047547655,34.785054261852174,32.38826948140329,37.8549864614954,13082.958333333334,25.298731260447752,0.7236119285197908,3710.6419137507255,0.2836240718046613,13127.0,72.0,111.0,114677591.0,1.543469154012399,21.0,48.492710044995626,207.0,12.810809163323727,91.63837891368934,93.0,-303.0,510.0,8.508871936212543,93.46662005917027,-3.312264155799187,114677591.0,0.41072174710067794,338.4165753563864,296.246963442869,27.98818473904485,-2.1712815102191447,1.4888698104572813,0.6487371535211618,0.39295905221897687,0.4883466457318772,1.1848954287849414,0.40843319613807183,0.7722852373488339,0.767961618375301,0.9986926907929173,0.9790238521571252,-0.10087927414485438,0.5016825382389837,0.4181478979573576,17.205723494673354,0.19714115654023734,2.8491511948676895,0.464775515086496,0.3495860560637999,34.41144698934669,2.230812984208037,0.5344017409946107,5.884186005170982,594.520987278129,0.04528993580240185,36.450791187501814,5391.544374190599,0.6282433463515612,295.84383332063686,236.75942713491278,70401.14755846729,0.7994273863259079,0.00350607987815321,0.028262829021101263,7.775344553740252,0.00020686423512214876,2265.8131923840474,0.3491463090792412,0.9289240461208575,294.38000111823726,6.958264853315409,2063.414979409325,0.023782545643529142,0.0036374875064788337,3.7089268868992513,2352.6737802374296,0.3600784804949534,0.49411371747015836,2.7769457728270837,0.6162101517006278,180.27385555612074,0.002339513551480884,53.95774647887324,0.18999206506645508,7.401160484030947,267.2464788732394,244434.20070422534,72529613.36619718,826.1158824751445,0.008561679121063863,120.65492957746478,0.42484130132910136,0.6774586855994027,176.93427328772702,0.007353062039365255,4.65655044770819,0.021634798506894187,242297.7430445348,3.398734753944497,0.000544389229844144,83.65552337572255,0.0017345626911072236,0.34578399544419436
102,Training,0.0,Male,55,White,L,Tonsil,1,0,I,II,Current,,39,66,30,N,N,1,0.7821430200058592,0.5553244551463227,12.495288382642359,22.500879020985973,21.540659228538015,24.515301344262525,26.076809620810597,26.153393661244042,3194.3333333333335,17.59890547026045,0.7465343889179135,1405.0371107257195,0.4398530034620847,3216.0,54.0,107.5,23363424.0,1.9483912253601838,24.0,7.760320389756537,154.0,17.189930323506843,81.60199004975124,84.0,-79.0,233.0,10.277427656739736,85.23348091364517,-1.3544364207084292,23363424.0,0.3447530305561744,605.8614885770154,62.786494928394355,48.55378783869651,-4.428394354789344,2.608563921359543,0.9080357578091606,0.47789913435601555,0.6009108345036845,1.404233534713448,0.5353085528044587,0.741164167356772,0.7289569114464877,0.9927911703180858,0.9517723174807445,-0.1300235176127313,0.5788688007457055,0.4134762034459279,7.896838063759006,0.17049430223234296,3.431434638370879,0.5389131720090113,0.3607054778601614,15.793676127518012,2.5843907525688823,0.8791499197921759,6.06794216388595,137.40174129353233,0.04272442204400881,43.63917817628276,1108.7257462686566,1.0712261918021833,61.742537313432834,199.60945273631842,12834.333333333334,3.161572638314466,0.018353571689290114,0.03170061003839543,1.4895658497560325,0.0014156078588610564,464.21606708422246,0.25817623873682893,1.5326833407347573,59.91231037856008,5.57702991847474,352.51568957630724,0.09338615636926907,0.020150224056007908,3.845943141308057,802.1588153077296,0.439364463098161,0.5581228473019517,2.2191650357590293,0.6843468620563733,39.70847488579436,0.01496740605220603,12.241379310344827,0.14070550931430836,5.320121548421192,42.71264367816092,39798.45977011494,2529077.7011494255,634.5269189589371,0.055495498961470234,17.022988505747126,0.19566653454881755,0.4077065298021451,15.262922761256693,0.03314574856565879,5.1565510020453384,0.027052238805970148,38432.010305192234,2.577715938953186,0.0030415715140583396,26.240642299376844,0.008730643880496443,0.21780884176598464
103,Training,0.0,Male,64,White,R,BOT,4,2b,IV,II,Former,25.0,48,70,33,Y,Y,1,0.721086059130692,0.591966490037303,29.35133483066969,49.582764100076176,60.41522986797286,50.039984012787215,48.76474136094644,60.81940479813988,32028.541666666668,35.753439965730685,0.6033891690147482,8083.1019671641725,0.2523718391954313,32103.0,40.0,85.0,137761646.0,1.7252852514990484,22.0,41.85331032476021,196.0,14.495940172804278,62.02859545836838,63.0,-453.0,649.0,9.456651705505953,65.50754927434203,-2.674513560512106,137761646.0,0.38389122591479874,443.69235739243123,484.5935161916171,42.2324138085766,-1.9222729669711605,1.9360251924277456,0.7377093403936343,0.4479660409333003,0.5185051683180986,1.2501064911921607,0.4659153634683723,0.7638049159674013,0.7575653906039203,0.9990109766069916,0.9817242720262269,-0.1258226498093003,0.5736638057534934,0.4188203373025772,22.006679199852616,0.18545305680481788,3.1310178705121703,0.5115347936981379,0.3699580105328407,44.013358399705226,2.434379466891216,0.6684336332053449,5.99967784671356,1417.1697660654768,0.04414446519220873,37.79013560017099,12324.060025542783,0.7901680287712138,484.6709341806062,234.38105473008753,113516.03448275862,0.4851347211449677,0.002110947732649048,0.028269859764029567,12.863545152071074,9.939394491048581e-05,4830.567014428311,0.3013207012304604,1.2066862351008418,484.333766239892,7.099564738575702,3439.2419279083615,0.014774269441248232,0.0021543675542844668,3.8962215587080427,5997.726458714459,0.37076778365271934,0.4991889087767978,2.983042703612299,0.6258095512732841,302.52084143282576,0.0013809383515402556,104.79358437935844,0.1461556267494539,8.466448416519318,444.3849372384937,533865.8758716875,258925860.0906555,1102.3855296559027,0.003925187424734138,264.3723849372385,0.36872020214398676,0.6309439999583933,270.0947164806336,0.0031118808482984194,5.302386466844858,0.02233436127464723,531861.1595501947,4.685304665758693,0.0002631677811107379,121.7274507804975,0.0015939891008720276,0.2586737509493926
104,Training,0.0,Male,56,White,L,Tonsil,1,2b,IV,III,Former,1.0,41,66,30,Y,Y,1,0.7477847089379983,0.5721399124568511,10.794427023401063,18.866761063824825,22.80350850198276,18.027756377319946,19.4164878389476,23.15167380558045,1943.7916666666667,14.108275430715008,0.7970148886646069,945.0413995050226,0.48618451025959875,1960.0,70.0,108.0,15894714.0,1.5056332003656148,20.0,5.973296298530273,175.0,12.268127863390253,88.58163265306122,89.0,-14.0,189.0,8.399595868544006,90.05302859528753,-0.5171101196878107,15894714.0,0.4341899208663057,262.8423157017908,25.920204702067,7.349442937303676,-0.41898015240310627,1.3200901592069259,0.5061144892823392,0.44483834285440066,0.431788320118607,1.1214666575994925,0.31771636791780966,0.79479740260981,0.791306109346525,0.9939321045206135,0.9574621472164286,-0.12792222024882632,0.547309564208773,0.38114411694732614,5.071161114875949,0.2331022696204423,2.727735735574888,0.466892883700261,0.4293256784531652,10.142322229751896,2.1801543899800087,0.4565511621223163,5.843239975126486,84.4969387755102,0.0431106830487297,40.927838400666396,851.0122448979591,0.49865654935443565,26.275,240.60204081632654,6283.736224489796,9.55573634763807,0.04217678912078815,0.027902549872886775,0.702934165259406,0.0019934636393525774,338.1992838673771,0.348319315288357,0.7052192739970605,26.292163055657536,6.820819287322488,178.1464083132056,0.2759201081408089,0.044399700476166405,3.640153183137165,350.6090476477658,0.35728691504792753,0.4949764521193093,2.604570214307418,0.6123212862799279,16.035063945879525,0.02867158546883873,11.08695652173913,0.24102079395085066,2.661625708884688,24.304347826086957,34495.69565217391,900917.1521739131,1344.7435679505297,0.08544560014021711,15.08695652173913,0.3279773156899811,0.5749286943189975,14.23147928450848,0.05488893776309047,4.077272281861769,0.02346938775510204,32680.194706994323,3.988909626950639,0.004222414264288502,11.631833045580187,0.006546342734686643,0.15406489046766503
105,Training,0.0,Male,59,White,L,BOT,2,2c,IV,III,Current,15.0,44,70,33,Y,Y,1,0.7560661663535595,0.6058573399573933,18.048140527652993,29.789422917484536,32.55764119219941,32.802438933713454,28.792360097775937,35.749125863438955,7177.041666666667,22.522774783107405,0.5509332570736785,3265.9944835322335,0.4550613797744753,7228.0,61.0,102.0,56794306.0,1.7087198270987347,19.0,82.33180037331526,143.0,17.811471498804536,78.96596568898727,85.0,-573.0,716.0,8.248917548753521,88.64277157136898,-7.534521061687421,56794306.0,0.4334193196292227,1621.9172146595863,718.4817396109507,1657.7814343664852,-67.96726473268643,4.698891934550328,2.1716685460746934,0.3597478894777807,0.6469311918080958,1.4266240359880458,1.7484312556776123,0.7549257450172445,0.746078377491432,0.9977504303624911,0.9796886669176696,-0.08373357492719563,0.46456328756401627,0.4010044707994677,26.792718463743483,0.23847293923242366,3.008449385425606,0.5193868270291255,0.4460551058466517,53.58543692748697,2.2748220193635182,1.7176401201562557,5.725736050605947,300.4936358605423,0.04157355227733015,48.09998410534694,3132.7548422800223,2.6528301516974664,714.1870503597122,217.80575539568346,158690.4429994466,0.2993823787738561,0.0016366796278010087,0.05799691646966092,34.06585253122315,0.00032676429872190084,1167.9674304357636,0.3003447689538907,4.6242474352086935,702.7097812978765,6.194641936097627,4485.036219786325,0.009003509654817839,0.0018632555848831951,3.7670450614698914,1709.9495595809558,0.43733222387696036,0.537418585841386,2.670130586410061,0.6862787003588834,474.97585188602085,0.0014301095359248782,45.98979591836735,0.11732090795501875,26.918569085797586,569.7372448979592,54604.87244897959,39731152.20918367,75.0826642469676,0.005954773706286458,172.7091836734694,0.4405846522282382,0.6903028178502625,364.73123625293755,0.005470597206656592,5.310707991818795,0.054233536247924735,54264.88400666388,0.7397057925898046,0.001032527110956813,287.3257301605965,0.004181869539037943,2.572931862668391
106,Training,0.0,Male,62,White,L,Soft_palate,3,2b,IV,III,Former,40.0,44,70,33,N,Y,0,0.8410289177879763,0.5349068332097188,22.937358152508004,42.88103409498798,47.53945729601885,50.93132631298737,44.64302857109943,51.41011573610781,21169.5,36.06418969853706,0.6012905013573238,6154.699424246565,0.29073428395789064,21220.0,38.0,138.0,273304300.0,2.879602431577758,34.0,44.51381732089665,397.0,37.832247404108124,83.22940622054665,88.0,-902.0,1299.0,15.70479606591119,113.48815680154915,-4.537882000681093,273304300.0,0.22377430553396446,5952.427674388236,1677.7256567416866,34616.43306100934,-646.722970985737,28.559023887408873,6.518524786014278,0.6266605280232836,1.327008432014697,2.182224560722822,4.698769465097776,0.6239130160068816,0.5901965036067902,0.9978263171764834,0.9769018641551278,-0.15960475046851746,0.7478980657254275,0.40992993394112076,40.89272942548626,0.08007011575791365,5.238119292674308,0.6820874396854648,0.22692695594055284,81.78545885097249,3.6831726715109245,8.76938716835579,6.801952711179761,1054.4144203581527,0.04968965223176968,37.19016340638578,4748.490763430726,9.616333751879905,1678.123232799246,133.1525918944392,224755.99486333647,0.07921158457812287,0.0007347123688176071,0.07445424968464749,113.45384864796615,0.00017481444927660086,2293.499106187005,0.16311383785769795,13.659449841897393,1671.7327631808016,3.6010007961158483,6064.11316083843,0.002354236713397733,0.0008075936761413774,4.502375507675785,7709.199803673966,0.544814671984351,0.6616907126803451,1.2628144337437708,0.7652073895223619,1274.3661442019875,0.0006675623213093214,77.06629834254143,0.05322258172827447,70.9155073868319,1491.1850828729282,62122.599447513814,104740557.4827348,36.869566145870785,0.0025492376789720277,513.4129834254144,0.3545669775037392,0.6186117891594121,871.6497767695929,0.002256513879488328,6.858880700077108,0.06823751178133836,61907.839328775066,0.6331604041133975,0.00040781328845017746,1419.3731565532241,0.006132836153765276,2.474649433302612
107,Training,0.0,Male,52,White,R,Other,2,2a,IV,III,Former,20.0,44,70,33,N,Y,1,0.4934231473900682,0.3959225039295057,18.03371532497356,45.54859889496071,43.382023926967726,47.43416490252569,28.160255680657446,47.968739820845826,11492.333333333334,22.4747330259593,0.5945419525404925,4142.289317583599,0.3604393640035617,11545.0,70.0,107.0,92766260.0,1.5021166821022685,19.0,42.55892130670884,310.0,12.22404056208772,87.91598094413166,88.0,-337.0,647.0,7.8443768504036955,89.63921719548684,-1.65576391151376,92766260.0,0.452971810271855,305.9695540507413,326.5673937537729,20.988753282995983,-0.6354380047780446,1.2742461796414626,0.6046919981510177,0.3556728654339636,0.4586498090542024,1.1878219928940497,0.39236182270438785,0.7880241598733544,0.7828532506736104,0.9991827595779708,0.9837856888842411,-0.08889852254552899,0.4579753788495857,0.38015936485726787,18.06654347256158,0.25509770166810525,2.72435117369296,0.4743419891900733,0.4628359970847014,36.13308694512316,2.110626765008286,0.46973454444812,5.755978543781485,460.84772628843655,0.039917516352398145,47.831756211829315,5229.559549588566,0.5535758338067791,326.089562581204,260.0064963187527,84896.3042009528,0.7978596568365923,0.0031734355257639424,0.03331495886718618,10.430744717484307,0.0001973611740858081,1806.8965673482146,0.32715395201322395,0.9056347569727587,325.104862035411,8.454637469927471,2756.1955184270055,0.026189970701818596,0.0032912159012310326,3.7354367978125493,2102.4955973018177,0.37755311813774356,0.4782223406736183,3.981628757452646,0.6344322685893288,205.20681825787608,0.002171499963980894,57.75974025974026,0.1875316242199359,5.0103200371057515,305.0422077922078,187478.58766233767,61211160.415584415,574.8601744194772,0.006688791477243142,125.28571428571429,0.4067717996289425,0.6622673008714992,204.623307739574,0.005524850416318802,4.647614016851168,0.02667821567778259,186073.55493127005,2.6763371205019686,0.0007500691338738078,59.395188950403664,0.0017816447301704922,0.2973096015258552
108,Training,0.0,Male,62,White,L,Tonsil,3,2b,IV,II,Current,8.0,37,70,33,Y,Y,1,0.9313226044133787,0.5972446619303681,17.36596486590829,29.076802142993387,33.54101966249684,34.539832078341085,32.55764119219941,35.832945734337834,8722.75,27.079883099825114,0.7193225596975135,2848.8050274869975,0.3265948270312685,8757.0,53.0,95.0,51533443.0,1.604514104383477,22.0,9.128754962850074,152.0,13.410896301311617,74.63138060979787,76.0,-133.0,285.0,9.196772386431263,76.71263572628101,-0.9600239859429399,51533443.0,0.39045870597279014,314.98550834857,90.92448671671933,13.974949775747705,-1.299561794359924,1.582064839782824,0.584990925448009,0.45986677908366985,0.4946760392331004,1.1787462903238923,0.3383511163533847,0.7656503976097491,0.761239412496969,0.996595125801593,0.9650766938828365,-0.11550143000359968,0.542278407348276,0.4320052097001544,9.522352908305642,0.1823032833176268,2.9510241571927622,0.5245925024489734,0.29857983985645303,19.04470581661128,2.316445388161152,0.5417639413077083,5.892552793327584,411.7075482471166,0.047014679484654175,33.48309845899687,3419.246888203723,0.5806159424896502,91.01187621331506,219.25716569601462,20247.238894598606,2.4083303859393035,0.011431496218816499,0.02709997399567212,2.3609891960582448,0.0004948674506942028,1531.1912251124786,0.3398808602133014,0.7768087837754175,90.22287633740385,6.196642555416617,570.4467922406191,0.06884408961926486,0.011773672214774334,3.675580866549457,1687.362389905016,0.37173259510156853,0.5142347660333273,2.3256967648970837,0.6264060609947458,56.14815075191557,0.007594006049452934,39.8235294117647,0.2342560553633218,4.017612456747405,85.12352941176471,172701.60588235295,15923091.005882353,1894.3814454124172,0.021337223250906385,73.02352941176471,0.4295501730103806,0.6783263072209116,57.10611046189912,0.017002822448704685,4.412715793260595,0.01941304099577481,170048.14397923875,6.639944063302923,0.0008246572535371609,33.08091453518887,0.003633863867443157,0.12631920591318252
109,Training,0.0,Male,75,White,R,Tonsil,3,2b,IV,II,Never,0.0,45,70,33,Y,Y,0,0.7455633577558539,0.7203710750222059,25.33340300143521,35.16715742737768,36.22154055254967,43.41658669218482,43.41658669218482,43.70354676682432,12772.583333333334,26.21934397428442,0.610735084715442,4326.636584869095,0.3387440482441501,12817.0,44.0,90.0,65625743.0,1.7787987396394052,23.0,97.1040666309901,146.0,15.533532589271429,67.14621206210502,70.0,-584.0,730.0,9.7092316019924,71.55564891596154,-5.456348034689876,65625743.0,0.36397391579214833,611.5970974951716,743.3489673499807,160.05261946740197,-8.09751688119028,2.2573154715257067,0.966133700849572,0.4018271232393509,0.593921614762135,1.3536538498061517,0.6088084328862235,0.7392188117610422,0.7303513573625278,0.9989619891619129,0.981173003928309,-0.09636753390331328,0.5106873912259098,0.44406397126276925,27.258506102810546,0.16039367148531186,3.245055378706499,0.529200347798276,0.27761116507866107,54.51701220562109,2.4549657794858115,0.8058622930938196,6.028013640284929,597.26839353983,0.04659970301473277,33.75589888519523,4665.053678707966,1.061490323732958,741.3200436919716,194.13380666302567,145002.95708824217,0.2605047426458545,0.0014543136722481812,0.03879845952243851,26.22760046407948,0.00015747775585202967,2206.178470320837,0.311940658352562,1.5744084400198601,736.7819765645419,5.294963070143526,3943.2397544111686,0.007311731185431158,0.0015472299533315368,3.7376235042280217,2919.222731974988,0.4094251370117539,0.551383078963636,1.923085390089298,0.6599809522013202,482.8479226225042,0.0010907139944287823,67.73853211009174,0.15536360575709116,10.181524072047807,655.644495412844,132715.00229357797,99173912.64908257,177.84163039632392,0.0044681220744358175,166.69266055045873,0.3823226159414191,0.6421272906311963,411.081702092818,0.003930731544397949,5.060562061725895,0.03401732074588437,131850.83109060687,1.919158496636901,0.0005514639472226961,153.3388744789795,0.002747698804183484,0.7660307804301448
111,Training,0.0,Male,58,White,L,BOT,4,2c,IV,II,Never,0.0,44,70,33,Y,Y,0,0.8717846213491689,0.6858513150149185,26.73407960021935,38.97940999010527,48.27007354458868,47.853944456021594,47.53945729601885,48.76474136094644,22105.333333333332,33.981650178637935,0.5467220336871655,6967.049983932042,0.3151750701459094,22176.0,45.5,109.0,509398542.0,2.3843186264415084,28.0,37.93526303606692,672.0,51.49606616827937,61.298881673881674,85.0,-976.0,1648.0,12.148184913603577,151.56092330817324,-5.674123015721256,509398542.0,0.3004326393378747,19213.16057955743,1870.791311274905,524913.0989696721,-7331.856365239784,120.48979635475915,9.98785127663224,0.8472309040238908,1.1347078277479024,1.79334309579031,8.66425281489103,0.699344596565709,0.6845760945026166,0.997978906757769,0.9848072402606783,-0.2197966442347671,0.7988112756064198,0.4286482551250532,42.932104645999694,0.1243157313834427,4.226998912102404,0.8711103509578397,0.2788812106558082,85.86420929199934,3.2215942737437846,32.61941190784784,6.522749221444193,1007.2377344877345,0.04542017200972829,36.24270475283395,6662.39420995671,30.859268699349194,1877.6339285714287,176.87518037518038,339715.98502886004,0.2890831368751602,0.0020983751657142587,0.05819117011647038,89.19390865225708,0.00020277712551420435,3074.2481453770374,0.23770012014473885,43.415727260557524,1849.1319293573686,4.7230924464572706,8997.947287717512,0.008051513400596785,0.0023391663708951143,4.354189088075656,5840.662248408097,0.4490561701405479,0.582351676101676,1.7113934938671227,0.694624714537877,1265.2798129643766,0.0017147995602982526,57.311148086522465,0.04767982369926994,153.49492457108371,1448.8361064891847,117046.6006655574,226860196.4575707,62.15618799086279,0.003999362693253544,542.1364392678869,0.4510286516371771,0.6981739668844643,975.2017491083473,0.002679566095034017,6.722597435542893,0.054202741702741704,116706.22579394851,0.5290748769606974,0.00036155046031385814,1577.6424750569784,0.011034466336707854,3.81816398648171
113,Training,0.0,Male,66,Hispanic,L,BOT,2,2c,IV,III,Former,8.0,38,66,30,Y,Y,1,0.7215794384994132,0.42112425680880944,11.52604608082908,27.369703583856747,32.2490309931942,24.351591323771842,28.635642126552707,32.7566787083184,3305.4166666666665,19.74941534393473,0.5919524242226117,1812.7926405482224,0.5484309009600068,3334.0,53.0,114.0,28596376.0,2.179462487294024,27.75,33.248609870636756,161.0,23.402371955123073,82.84343131373726,90.0,-443.0,604.0,11.807358629934692,92.61315975890194,-4.29017615998983,28596376.0,0.3049558654555831,1714.163248693992,484.3355510947705,485.99906873506603,-30.594587649445035,4.875407430583144,2.7370379283315622,0.281914327476663,0.9209008451268988,1.7695732427930149,1.8800578399498986,0.6722738535638236,0.651760071317602,0.995980993392255,0.9667278299581203,-0.0710354424696136,0.4819947034033077,0.45918557214042843,21.995467501617437,0.11975120180473077,3.9342526301061373,0.4278921946892884,0.2543226940830224,43.990935003234874,2.8185471326948823,1.903111339728677,6.012270413893788,173.72045590881822,0.052105715629519565,29.783019041062815,1016.7228554289143,2.7857799465901656,479.7771445710858,127.26754649070186,62760.030293941214,0.2591429230661957,0.002474988931642857,0.08627362928052085,32.720428479525246,0.000592218248568148,546.8794198494263,0.24871684346442074,3.8988004713969326,472.6743037339232,3.3505392521054556,1631.4590899287234,0.007489695056870772,0.0027061197597341414,3.7380200880014725,1144.9615170944992,0.5185389675215518,0.6587144109639611,1.0116453614026637,0.746949196557517,347.7959111263281,0.0021908992408630644,31.26277372262774,0.11409771431615963,13.947266769673396,364.8941605839416,11547.992700729927,5701280.872262774,23.43940681946806,0.0071575626828209735,140.16788321167883,0.5115616175608716,0.7411486789164772,255.1752160959961,0.00652341986701416,4.905034059678973,0.08218356328734253,11399.935318876871,0.6873628898738451,0.001989027216222646,191.08316917083158,0.011245642167264548,1.4527593646339692
114,Training,0.0,Male,55,White,R,BOT,1,2b,IV,III,Never,0.0,38,70,30,Y,N,1,0.7695039662197419,0.6172477235619079,17.17919245351176,27.831925169973907,32.7566787083184,28.792360097775937,25.0,34.88552708502482,5747.416666666667,21.416776805825986,0.6112817782258908,2538.3867752482656,0.44165699521493984,5776.0,41.0,84.0,26320179.0,1.7368225552464396,21.0,38.421615245984256,323.0,15.332958437723006,62.68126731301939,67.0,-355.0,678.0,8.767715010100579,67.50420500906456,-3.4997153852892264,26320179.0,0.393688589137591,627.8764219396242,327.525169584692,182.61604002795377,-11.968795580970296,2.5045996915751663,1.1347336003120683,0.37504560604874304,0.5937171110490024,1.398649537300003,0.7780345198324166,0.7525944471156354,0.7430631058197198,0.9985956816598176,0.9800824443515357,-0.0926521592922372,0.4958457251488518,0.40715301577478197,18.08818644514317,0.19545991073742788,3.1293888378408328,0.4898304058426126,0.36888319693713734,36.17637289028634,2.3698702415362805,0.9098333229718089,5.956701200634946,244.11253462603878,0.0422632504546466,41.129778465289554,2273.945290858726,1.0909061806999638,325.9016620498615,208.66551246537395,68945.71987534626,0.6336228128251505,0.0032953541446729562,0.045373473697145325,12.946132663812847,0.0003540946468761117,961.6953512225726,0.3075015339781034,1.70499061344527,321.97710078663636,5.771795129262818,1895.6303625380172,0.018033369234240884,0.0035165994633351663,3.7603815215795304,1297.8584699260578,0.4122217060924815,0.5406323247389728,2.265914541156563,0.6640298989110762,210.8557261609599,0.002494733017966719,35.477366255144034,0.1459973919964775,8.348422496570645,272.7119341563786,51707.6378600823,17072414.806584362,156.90460942225198,0.008346020883859374,97.18930041152264,0.3999559687716981,0.6559815509148362,177.98702170444037,0.0069802994363546205,4.962156522122292,0.042070637119113574,51142.64648004201,1.3217672610926805,0.0012706394607348802,103.79966127442582,0.0031427769404422864,0.7347528688692264
115,Training,0.0,Male,69,White,L,BOT,1,1,III,II,Never,0.0,38,66,30,N,N,1,0.8797183386023526,0.4784470031336496,11.56498408570988,24.171922929736297,27.018512172212592,24.839484696748443,25.298221281347036,29.34280150224242,2199.5416666666665,21.264483880571728,0.45166182409164035,1810.8905507893169,0.823303590121874,2226.0,15.5,111.0,17991879.0,2.7414859280481085,44.0,23.500852485766274,637.0,34.833590039789506,69.26190476190476,79.0,-391.0,1028.0,18.818078681564657,89.90330984615528,-0.2305570094679502,17991879.0,0.21145992513535614,3285.3936700466347,381.5022891132657,2013.0297479229198,-11.37676254221991,10.853796431425947,5.047248010120752,0.3687489840009739,1.2431089264699127,2.08777154621095,3.468771140808146,0.6239263626335396,0.5936096165885181,0.9972833271361304,0.9728256462438737,-0.12074744507150675,0.6622158954707676,0.4456281130241458,19.494866025991264,0.07150596452486754,4.811730624586146,0.5980123089370075,0.18076285465674338,38.98973205198252,3.4092288183479456,3.9752611103866746,6.371513472279714,139.29649595687331,0.06257704220883797,23.661455041254666,470.7097933513028,5.353899920001227,377.5179694519317,86.41689128481582,34484.22057502246,0.2189555432998542,0.0033193079779370313,0.12156323112224084,39.085101676643085,0.0009605374207125721,297.284814154501,0.1816068957565819,6.763874380764595,371.253005041169,2.5332599960726694,978.198251827934,0.007514658536263343,0.003597180649655211,3.9822523482914125,992.7801069496732,0.6038116098427739,0.7337756583039602,0.6426403644899511,0.8043625132841895,294.44281554692424,0.003090664742727955,20.0078125,0.078155517578125,24.568115234375,315.1640625,3617.8828125,1426112.22265625,9.224613203204981,0.00834975286160006,140.984375,0.55072021484375,0.768659011290384,235.1638418746407,0.007474992476904505,5.196268769541518,0.11500449236298294,3542.2743530273438,0.3127032611880586,0.003574027778248668,394.6791313979513,0.013534920512473543,2.911339143499529
116,Training,0.0,Male,54,White,L,GPS,1,2c,IV,III,Current,61.0,43,70,33,Y,Y,1,0.6643317969876571,0.4969437910690595,19.99012926442603,40.226137490161406,43.829214001622255,40.80441152620633,36.235341863986875,44.78839135311738,12523.083333333334,26.723502204711487,0.5997117515268694,4348.596171208125,0.3472464452610679,12570.0,28.0,90.0,62568445.0,2.1008585004674782,28.0,36.05495439740395,141.0,21.158810479928157,62.14264120922832,69.0,-467.0,608.0,12.275607569229996,70.55211573162376,-3.96644191108287,62568445.0,0.3003104334106094,1115.8931777495511,489.88740329369506,601.6281543983864,-31.707478613095738,4.964531336190859,1.048217843742754,0.6473456193950119,0.526969583546062,1.2965703363801817,0.7632636302443194,0.7779020329306411,0.7708891398334197,0.998411511961759,0.9803625136655387,-0.258315974493704,0.7919113007077124,0.37824721007443896,22.11125163326966,0.15082466716447385,3.4968636766221715,0.7225057414323157,0.2478365900529,44.22250326653932,2.828855526860118,1.5031872949834033,6.4511476903964,527.1466984884646,0.04193688929900275,41.61109152943992,3774.9021479713606,1.883688796993005,485.95369928400953,247.5164677804296,124034.48082736674,0.49662184751499655,0.002201895067125196,0.02668117766613771,10.227399809465373,0.00017104617588414032,1534.2701008303688,0.24971956317287863,2.9411301620097445,473.7424088622904,8.047212613795223,4013.525074658437,0.01650546425149257,0.002396241740943136,4.330789344332498,2231.2349391406874,0.3561215739267558,0.48656140995043146,3.408999733791739,0.6081427489278073,281.4369317609652,0.0015897863794988461,28.18213058419244,0.09684580956767161,15.428797487039597,350.53264604810994,157509.38144329897,78698907.05841924,316.1553847610832,0.00744562794764355,83.84536082474227,0.28812838771389093,0.5501854181470072,169.75659150804944,0.005883471950046357,5.747093796673867,0.02315035799522673,155643.4977149538,1.4472158302584353,0.0007923353021059531,151.05816601947282,0.003132782634827377,1.0001511168323947
117,Training,0.0,Female,72,White,R,BOT,4,2b,IV,,Current,15.0,45,70,33,Y,Y,1,0.7788522171007789,0.5924988552905797,23.400161946585584,39.49402051605555,45.5411901469428,46.52956049652737,35.510561809129406,49.17316341257699,18687.25,30.760005441153517,0.6961933587977579,4891.602731459275,0.261761507523005,18736.0,64.0,125.0,204352498.0,2.2103538409039745,29.0,112.72648213909058,204.0,23.46826038876463,91.35002134927413,97.0,-900.0,1104.0,12.429733672942072,104.43631430045146,-8.383537579917702,204352498.0,0.2889285029947325,2562.117344149843,1617.5456923212773,15653.244163569094,-340.2201161029981,12.4161706575903,3.6215584482785608,0.5495144595961029,0.8790725373105948,1.6893698887512896,2.832278679665781,0.6915943611318647,0.6743485338168628,0.9983950859127982,0.9818922149600553,-0.13049748874609182,0.6407556762775546,0.45088879233609214,40.19137914789452,0.10713883848547029,4.086210803680914,0.6329644049137988,0.20271299767154893,80.38275829578909,3.0005587716118165,4.0094322764672174,6.347148445820276,923.092122117848,0.04926836689356576,30.300680813493035,5413.364432109308,4.179685702472249,1618.3398270708797,162.81351409052093,266251.61149658414,0.100168216982881,0.0007558909975480823,0.04324932059872713,60.29983026534594,8.080326000435423e-05,2732.481279285278,0.24459103070892574,6.456322986157871,1606.760940660806,4.346534015810788,7078.197055447731,0.0029194695912246197,0.0008471793209334235,4.027606399735064,5065.962614308927,0.4504382659936613,0.5957145437824345,1.472275210591984,0.6942081572168863,1106.8524932650341,0.0006541071123196503,60.49075391180654,0.08604659162419138,49.16798763276265,1321.6173541963017,135685.1009957326,222038090.44238976,82.98401852689864,0.0028383915081035133,258.57894736842104,0.3678221157445534,0.6296254509622102,784.3005453496713,0.0014365550484078775,6.127213720857922,0.03752134927412468,134974.79888468242,0.7306915936631199,0.00042053019336995456,865.4456909372653,0.0027498320517154993,3.3604851278592096
118,Training,0.0,Male,55,Hispanic,L,Tonsil,3,2c,IV,II,Never,0.0,44,70,33,Y,Y,0,0.7124730051304267,0.5758978505143373,19.271669991457024,33.46369494910494,32.31098884280702,36.05551275463989,37.73592452822641,41.08527716834828,9985.333333333334,23.84197930315668,0.7071459119308942,3171.1501142939183,0.31758079659773514,10018.0,66.0,119.0,90737847.0,1.9952217788997866,26.0,46.73347596044064,211.0,18.07563154140475,90.68327011379517,91.0,-401.0,612.0,11.12026873352906,95.17080032120775,-3.6797709504597065,90737847.0,0.3242669483609878,834.0257552476616,448.0103369149883,270.5407431537191,-9.484376340513672,3.1548244428863317,1.3267207268212435,0.4044367662952689,0.7169722450365712,1.482379083251588,0.8082878588616365,0.6970713724077208,0.6829678520095671,0.9981404880350156,0.9741351117890269,-0.09701775208821375,0.5464663535718128,0.48407829661726703,21.155454346096306,0.12847182188154116,3.6565702685369836,0.6240629691605749,0.2728690876156088,42.3109086921926,2.6694717379399644,1.1203862924268937,6.0170381984853964,504.57416650029944,0.050366756488350914,28.751610646454267,3248.5062886803753,1.413384795369931,448.3783190257536,152.25474146536234,68171.24256338591,0.34138494812124903,0.0023800533965301564,0.046554610175140926,19.21009477095867,0.0002414151622692614,1661.465537868777,0.2713991631476285,1.9707666810137436,447.98369975502334,4.102307109353225,1837.5220927154317,0.00942503747424283,0.002471107896091495,3.6990594426545966,2903.4056287501103,0.4719629429777675,0.6110309135863139,1.3917668744651068,0.7119511137063422,318.29502157321195,0.0018272091272715403,45.52542372881356,0.12860289188930385,14.093882664623829,398.09887005649716,88837.42937853107,39689346.79661017,199.32916185867825,0.006188183240799269,173.09604519774012,0.48897187908966133,0.7259418233808925,279.2190978765299,0.005463272722729867,4.969918029204126,0.03533639448991815,88036.57135561299,1.572645629817452,0.0007516434597236171,191.71589922378132,0.0031522315284501896,0.7904654875283179
119,Training,0.0,Male,43,White,L,Tonsil,1,2b,IV,III,Former,30.0,41,66,30,N,Y,1,0.8672520497341337,0.7326624144549427,11.418631732071187,15.585120113696524,17.0,18.601075237738275,16.1245154965971,18.973665961010276,1540.0833333333333,13.516227363955986,0.7693240022837935,838.3093747330186,0.5443272819001257,1556.0,63.5,99.0,10921730.0,1.549090185715125,18.0,109.12501062424919,149.0,13.377128752783818,80.0694087403599,83.0,-400.0,549.0,7.367792159153227,83.78010911788446,-7.023049532296093,10921730.0,0.46144206686448014,607.9964677738052,390.9749158394651,183.33320315216525,-10.271810224238834,1.7661663268460694,1.1510627030791036,0.2091013662396892,0.5921468804846242,1.3926287114067308,0.7978570956505985,0.7515794053910708,0.7418237187982046,0.9977923316918184,0.9750988243990312,-0.04613858429740211,0.33009248875057334,0.40875062148614383,19.76919461950841,0.25131467166852806,2.8188346567641323,0.46878218345991157,0.4516266603117812,39.538389239016816,2.0719848763440325,0.7293072574812931,5.434709929041292,66.02313624678663,0.04243132149536416,45.269955921517834,718.0038560411311,1.0325975079466827,390.0803341902314,199.62982005141387,79420.77570694087,0.5028725554413562,0.0032300797524255826,0.057198805481660654,19.201431089005624,0.0008238802442077514,292.06638382932493,0.3343990896195158,1.6772671183618206,385.02656199974894,5.247108207347054,2073.114229599417,0.014486467933791285,0.003788847371831096,3.4509601892653867,390.0556099527964,0.44455315225476066,0.5606090567530156,2.006860968158387,0.691834068151275,263.366388366965,0.0030062849881378594,13.457831325301205,0.16214254608796633,9.41646102482218,330.8192771084337,13031.518072289156,5167552.614457832,32.90738104857073,0.015272833670143489,35.86746987951807,0.4321381913194948,0.6810959018810645,209.39826149906696,0.01441607981644274,4.369512438067164,0.05334190231362468,12680.068515023951,0.5242771109589108,0.004471797329901804,61.73563356176016,0.006753489877132006,1.7161418682734941
120,Training,0.0,Male,73,White,L,BOT,2,1,III,II,Former,20.0,38,66,30,N,N,1,0.69738723654,0.5940243169218893,18.14825401788165,30.55136549278342,36.89173349139343,29.832867780352597,30.805843601498726,38.79432948254165,6811.458333333333,21.306132353535745,0.5596161569594124,3105.1835918434244,0.45587647165769807,6856.0,-7.0,105.0,113063168.0,2.9737102959070176,42.0,30.464335007610273,550.0,57.3612024116038,42.810968494749126,69.0,-1024.0,1574.0,19.427322432500883,128.4177837679215,-4.799679126157099,113063168.0,0.19893165658881692,14658.348164406243,1913.568415184132,77237.2698471103,-1564.516281261112,46.19943047549704,13.810317295978802,0.5357599930981121,1.5124721720820915,2.133277120659179,11.450442256350167,0.6330205941969049,0.6063820235070978,0.996957667188534,0.9789898280852898,-0.18435462618289725,0.7898837519151987,0.44161262950808094,43.65165505777103,0.06808487741400539,5.069056977304552,0.7134037384003674,0.14213235444666317,87.30331011554202,3.68192370265799,15.002436942868952,6.832923950167009,359.92707117852973,0.052498114232574354,30.688606356602023,1363.8754375729288,23.47744191138527,1892.3370770128354,117.76341890315052,233763.61187281212,0.06012008781731855,0.0009204306264440331,0.10329114017339963,147.54359027122084,0.0003867341811670989,764.1779627841747,0.16375454219654081,32.77926343508948,1852.2645733849095,3.121017451650175,6050.034095055471,0.0022038803739480185,0.0011126682434924296,4.501399307308661,2571.305209902278,0.5487240750830178,0.6795619782784309,0.9222589382429563,0.7683539677467517,1395.6867769166167,0.000990712970601614,28.92274678111588,0.04137732014465791,122.21782599708146,1384.3476394849786,11860.763948497854,23447303.623748213,6.009837658178635,0.0040225543027242695,358.2875536480687,0.5125716075079666,0.7428737248989556,951.683192878591,0.0035275943358257433,6.436213836824425,0.10195449241540257,11764.561247316318,0.19260133652598713,0.0011927722785620295,1865.348332438036,0.018242990664221727,6.632752766955746
121,Training,0.0,Male,50,White,R,BOT,2,2b,IV,,Never,0.0,38,72,34,N,Y,1,0.7651299121041054,0.6445121647142348,17.437918377735386,27.05599573200771,30.4138126514911,30.01666203960727,31.240998703626616,36.180105030251084,6175.041666666667,20.70135163632011,0.5812868412637736,2800.186092175591,0.4534683720907024,6211.0,30.0,99.0,65382076.0,2.366156479317229,32.0,69.48818403971735,174.0,32.97452287104895,58.69457414265014,71.0,-974.0,1148.0,14.016848220038057,102.600290027689,-7.463512195122863,65382076.0,0.26636722891626224,7081.7664799788445,1775.5506739185507,38752.12157489061,-779.0643683662843,21.45333809660174,7.748844144840037,0.46055608974890627,1.1747997317261778,1.8501585844840351,6.344960378314453,0.6334492563115117,0.6082307128974767,0.9969643688159626,0.9771166662121461,-0.0985860066108216,0.581389301655911,0.49254089422463515,42.096591607877066,0.09017343566554671,4.274463773343601,0.6814003442259661,0.1655896055699582,84.19318321575415,2.973032626418119,7.3005455603604466,6.023321536922456,375.07309611978746,0.06038851974235831,20.697650003223465,1654.4068587989052,11.418135347145483,1764.0085332474641,97.32426340363871,175844.48478505877,0.05470512654520102,0.001066658078027075,0.07896719114342693,117.25583428473533,0.0005002227482051849,1011.9140750244782,0.23204186212177888,15.734206028262292,1748.2937984651076,2.801140975126744,4997.615508231454,0.002299175514827101,0.0012820641507763986,3.7539162935141253,2460.4086217192057,0.561420268879645,0.7017821978375836,0.7447336512430586,0.7762713855045116,1346.4011963949217,0.0011551444525518954,38.06363636363636,0.08650826446280992,100.58449896694216,1429.6840909090909,21599.86590909091,38957538.211363636,11.993246497770794,0.0071373329567753245,203.28636363636363,0.46201446280991737,0.7062175939648493,940.1315270751195,0.0066833469193423095,5.845811796316214,0.07084205441957817,21400.6070196281,0.2949437265997148,0.0010336559122676257,1209.45289094287,0.011844840201274003,7.157338854441404
122,Training,0.0,Male,66,White,L,Tonsil,2,1,III,III,Former,,38,66,30,N,N,0,0.8190225249302048,0.4242884695756528,14.480128754701875,34.12802796452142,40.311288741492746,33.421549934136806,38.63935817272331,43.829214001622255,7933.5,27.951623634390973,0.5513923333128162,3488.7240457583143,0.43974589345916865,7979.0,-42.0,478.0,653090910.0,5.029722720487116,268.0,5.449531004951494,1580.0,178.77340071202386,158.3732297280361,99.0,-1028.0,2608.0,116.57730022445341,286.0965277855163,0.20186631140564226,653090910.0,0.04442962123864403,56769.143316439404,2491.6119820806834,398016.86202415975,2534.331219069164,295.40277040881796,36.58325845776675,0.779352433305591,3.8035716538356934,3.4681483839811786,21.706716735551275,0.3921146039801451,0.31874296537243973,0.9968389202592983,0.9669614068825599,-0.22352648522422297,0.9387292676912159,0.29982993618598897,49.26359848629788,0.0059510718510685555,8.820253496898504,0.8750478874741859,0.028599148458920462,98.5271969725957,5.879452341781961,82.99650721664612,7.970461558585592,1000.0622885073318,0.12533679515068702,11.448767735194595,354.50394786314075,90.83067645249567,2477.971800977566,30.121694447925805,63434.35681163053,0.015175002565773936,0.0007125300740079117,0.26260750655883897,696.13909786512,0.0003639314889590887,276.040781673968,0.03962858367584184,98.00613581755358,2517.8188661991485,1.530842659155805,3673.8366452354658,0.0010055525664169293,0.0007462515820766816,5.706667489820939,5513.237596905743,0.79055325503113,0.8722608385473406,0.21053471197504786,0.9090202318369306,2313.283877342353,0.0007025385497321935,53.94030501089325,0.02350340087620621,175.33368533470033,2707.857080610022,471.1690631808279,938905.9847494554,0.23964754604153185,0.0013138580093068725,998.7063180827887,0.4351661516700604,0.6862073240269002,1818.1598109605748,0.0011602647476720305,7.424538308971427,0.28763002882566735,459.0817005804985,0.08299798599341983,0.0018729525365726802,8509.185312907724,0.052159892519219535,7.893111542192059
123,Training,0.0,Female,60,White,R,Tonsil,2,2b,IV,II,Former,30.0,38,66,30,N,Y,1,0.800348747712767,0.69816950949231,16.680505173546088,23.891769759002656,33.61547262794322,25.553864678361276,23.853720883753127,33.85262175962151,4814.75,19.121748007259534,0.7189506413681935,1917.9364381751977,0.3983460072018688,4842.0,80.0,127.0,55187145.0,1.8507822755445298,23.0,33.90200423494183,316.0,16.22675837762003,103.44382486575795,105.0,-270.0,586.0,9.546091691700234,106.75950981904597,-3.280108496072685,55187145.0,0.36113776928810803,696.9680339453711,247.28609748574647,101.41848827866866,-6.491555410553437,2.3994575966411036,1.3199667991301238,0.28916273371717943,0.696623760955095,1.4831540033477855,0.8294282344684242,0.7100839199696415,0.6973114472320816,0.9977964572935382,0.9729797529766415,-0.06442115169608179,0.42567066468006914,0.46585744227536335,15.716745355724328,0.15443526044516254,3.4135786571109112,0.4161744322193697,0.306556713662336,31.433490711448655,2.483411047063141,0.9298560989428067,5.854110977204476,235.244527054936,0.04858416502580255,31.315734159370006,1748.6290788930194,1.2000590403977587,246.3921933085502,160.82032218091697,40355.996076001655,0.6439685565030169,0.004393019785418745,0.04698085040146807,10.096280840322551,0.0005013252171495071,860.3597732716413,0.29571439568261076,1.7361141510053533,244.07597838767163,4.288785869764485,1068.895920072106,0.01781873485266849,0.00463885116858626,3.615251279829953,1347.5692248945995,0.460186297441495,0.600768913036571,1.4696582554224447,0.702484316901406,170.0791884818323,0.0034329062826751935,23.246153846153845,0.11921104536489152,11.787613412228797,206.4974358974359,42038.05128205128,10507744.733333332,168.78587196152043,0.011922639613696192,76.86666666666666,0.39418803418803416,0.6506829819508118,125.53836984120414,0.010229995475778892,5.188030871242519,0.040272614622057,41421.48418145956,1.2110492781942694,0.0014386310171272897,128.47456649360143,0.003237118343103561,0.7493217601111662
124,Training,0.0,Male,54,White,L,Tonsil,2,1,III,III,Never,0.0,41,66,30,N,Y,0,0.778088329770739,0.6947126304604093,14.382340161620075,20.70257474963197,22.360679774997898,22.80350850198276,22.80350850198276,26.476404589747453,3262.5,16.108431808895016,0.8049015104946283,1321.6254578066062,0.405095925764477,3282.0,80.0,119.0,33136270.0,1.5247670249590413,21.75,91.31109073798676,154.0,13.177186440841611,98.20048750761731,99.0,-329.0,483.0,8.778320406013597,100.48066988893166,-6.070506834920518,33136270.0,0.41070994225144003,453.0292745947555,341.56987074591507,84.27868213389368,-5.350755813244428,1.6014044410439692,0.8757052874568804,0.29392211127535617,0.5419364789770431,1.244932142960141,0.5773890426621867,0.7558081420743098,0.7501357449263081,0.9981387402813843,0.9759048320128122,-0.07576206549076545,0.4246342882502864,0.43788310412226444,18.476699159146293,0.18908249795042986,2.8560961859225977,0.5171715596718188,0.26363576806165334,36.953398318292585,2.178051816668664,0.6192774321252125,5.671668436266218,157.09140767824496,0.04786453616034277,32.36527050396955,1347.950030469226,0.8024799461988851,341.6447288238879,199.72151127361366,68209.55636806825,0.5869651494444674,0.0032667896934683483,0.03268050733013623,9.994781251050881,0.00042941564287869,643.2192785844088,0.3617911605872572,1.2349899062060683,340.99200976176365,5.425747757787646,1851.9190533786873,0.0165660075803862,0.0035588488349363643,3.4904063840265356,701.1282834173148,0.3900402237206949,0.5408990765480711,1.8827286791119207,0.641117868309636,217.68138929968504,0.002510184216896889,20.79381443298969,0.2143692209586566,11.092358380274208,300.7938144329897,44940.51546391752,15401739.092783505,131.52941108044757,0.014269090418960234,30.278350515463917,0.3121479434583909,0.5765719922609852,158.16184653237985,0.01293898844470707,4.720709134511051,0.0295551492992078,43795.70475077054,1.0634693819929601,0.0020204825918630634,73.43582877104605,0.0034688852014612636,1.1437676944087771
125,Training,0.0,Male,60,White,L,Tonsil,1,2b,IV,III,Current,58.0,38,66,30,N,N,1,0.4567503260567884,0.13141742698963435,4.416191654929346,33.604307709339615,21.0,34.0147027033899,35.73513677041127,37.16180835212409,1454.5833333333333,15.348778503153516,0.5173392820080093,1200.0547857380245,0.8250161803985273,1484.0,31.0,123.0,15367646.0,2.562780780558494,36.25,71.74993796326837,526.0,32.04598193852123,82.92991913746631,93.0,-822.0,1348.0,16.531543915547697,101.76225530015333,-5.190515097171632,15367646.0,0.23441961334195477,3478.185115626884,1372.0997871930363,6803.13822630851,-166.61590592900745,11.259312550980338,4.87002976037356,0.4007005466060755,1.1358181235424494,1.9520917828294877,3.5596679491935785,0.62801591252884,0.5979140428229288,0.9985289291671028,0.9806693188885569,-0.11887396263716885,0.6463410273687641,0.4612614616379668,37.02027547921228,0.0814939923955822,4.498400172618194,0.7608110431099253,0.15577897945384828,74.04055095842456,3.1774584969935735,4.032335577838475,6.138698892502035,94.20619946091644,0.06348126648309733,21.95767067952136,347.8787061994609,5.668319668558061,1362.9750673854448,82.3234501347709,115310.58288409704,0.05958980064157931,0.001432180383279756,0.0982392869902684,124.7664128902511,0.0007705521467369816,220.60148942496855,0.20064064580756716,7.191565129666662,1352.1154063447984,2.427107064858835,3342.8798561831445,0.002715749485533777,0.0016895304734269997,3.772868641763307,669.6514759153913,0.6044399936046527,0.7396330085009329,0.5594465507211516,0.8037001140475468,1079.2426448913407,0.0015477139428166167,16.866666666666667,0.11244444444444444,33.15648888888889,1247.4466666666667,3029.6666666666665,4250375.6866666665,2.168359607887668,0.007663546573541805,48.85333333333333,0.3256888888888889,0.5907075861282403,728.617838790295,0.007331635930853773,5.465939692610168,0.10107816711590296,2931.7886222222223,0.1292853359917381,0.005080523019874598,389.63432133218504,0.016461495935960586,7.20593070246989
128,Training,0.0,Male,70,White,L,Tonsil,2,2b,IV,III,Current,69.0,44,70,33,N,Y,1,0.7105405465596523,0.570638843680794,18.27221711752028,32.020633225139264,38.2099463490856,33.95585369269929,30.0,38.41874542459709,8871.583333333334,22.751958232976612,0.7114156799087005,2913.1406208927,0.3283676105422031,8903.0,52.0,83.0,43492409.0,1.3591923225526292,15.0,156.52435373976007,139.0,10.684984997301845,67.19678759968549,68.0,-477.0,616.0,6.54547580617719,69.89378263764529,-8.111239167354027,43492409.0,0.4851565871964957,369.7325876811581,539.397162306492,121.769499125006,-6.404697540262329,1.4060946913082235,0.6968188688545384,0.33307663515577046,0.4353880622127295,1.1393104726706882,0.5020790259699908,0.8026504651664261,0.7988886833886968,0.9990210471651021,0.9841621070022823,-0.09722410337639523,0.4377997757033121,0.36009400653243373,23.221107201866282,0.27749999647660106,2.4852991840267125,0.5102607605031995,0.4631459946533743,46.442214403732564,1.9603443693075469,0.5257283900406905,5.677816279209519,366.47837807480624,0.04116347052395892,44.22522685089156,4319.349095810401,0.6807498779165554,538.6987532292486,279.282376726946,149989.99427159384,0.5207949530899533,0.0019815336886175026,0.02217981369923021,10.795754913076296,0.00016466796104244166,1515.4181334476839,0.37816347350359286,1.2688770825891424,538.6273626162042,10.300373888258038,5524.814294645014,0.01950991141751717,0.0021415536935440226,3.7646682756037726,1378.7109030001225,0.3358103659565868,0.4487856297358713,4.6651969087353615,0.5884492248308704,315.64291795295196,0.0013801531896366968,30.614035087719298,0.1790294449574228,12.583564173591874,466.19883040935673,221362.25146198831,118773588.6491228,412.97799657570016,0.008350068754399243,42.824561403508774,0.2504360315994665,0.483050003074574,204.95265271771163,0.007289943331204495,5.243247449300054,0.019207008873413457,218651.5572654834,1.6979136416050185,0.0007936623794899081,99.36831055573005,0.0017318774198639337,0.9744243424810717
131,Training,0.0,Male,61,White,L,BOT,2,2b,IV,II,Current,40.0,47,66,30,Y,N,1,0.6977857640049044,0.5671954803776174,16.98205728937661,29.94039599552274,30.610455730027933,34.20526275297414,25.298221281347036,35.24202037341219,7014.958333333333,20.891982094345213,0.7206807321332371,2458.9966888908552,0.3505361788403384,7045.0,73.0,117.0,66328910.0,1.7133909876622628,22.0,131.78845959504042,174.0,14.777196175251763,94.03094393186657,95.0,-520.0,694.0,9.59430567610058,97.0310947943533,-6.888889003304203,66328910.0,0.37105246058366553,573.2149402729386,640.7695145391762,167.63844342608337,-7.878063110302676,2.10033216530711,0.9474405561955906,0.37899316989755627,0.5630472389214758,1.284064910465216,0.6271615795655868,0.7478804038125196,0.7410345882146346,0.9988650206539086,0.9809448036579135,-0.10207536889446837,0.5231049536218502,0.444619439014476,25.307731272155284,0.16392902787359093,3.1552608139476215,0.5180332768697378,0.29034224538863473,50.61546254431059,2.4191631915410525,0.7619431803756752,5.957138701712365,330.94492547906316,0.04697585883308207,33.33338960076684,2614.0645848119234,0.9979162446021494,640.2083747338538,199.5694819020582,127973.61220723917,0.3120217597686341,0.0017200850575291495,0.03456345217185762,20.67699120597735,0.00020923752591871074,1222.0701307333152,0.31956044095207226,1.508604130529613,638.606755302757,5.470859723182012,3503.2104512514397,0.008849177724700176,0.001856120627903635,3.684061311165352,1542.0305796117443,0.3998147760173759,0.5425670142490583,1.9918623679516587,0.6512064235818955,414.23500681520477,0.0013122525501139094,38.49523809523809,0.18331065759637188,13.409433106575964,589.8666666666667,85375.81428571428,54811061.00952381,133.19508697767418,0.00679129314745072,74.54285714285714,0.35496598639455784,0.6182462784207157,353.1408747751694,0.006144913532274569,4.8963563328778585,0.029808374733853796,84250.3715419501,1.2700568849492269,0.001007886419878189,126.87274768061555,0.0031056585453178675,1.1656187084639362
132,Training,1.0,Male,65,White,L,Other,2,2c,IV,II,Former,40.0,45,70,33,Y,N,1,0.6142533465898843,0.4910261345747331,17.347685281387793,35.32945409598665,36.61966684720111,35.38361202590826,26.90724809414742,40.01249804748511,7424.416666666667,21.701235411653492,0.546970149468987,3364.821705292737,0.45321024618671324,7475.0,25.0,135.0,100752355.0,2.8340484448230123,44.0,26.21157956387382,186.0,45.02438281450991,82.77230769230769,102.0,-819.0,1005.0,19.92852205137367,116.09726921737841,-4.1425207124806676,100752355.0,0.20350131206586056,6627.320999022381,1379.008262494327,12851.58395118635,-424.1780869824083,23.777594435674185,8.984914057002712,0.45251997938771243,1.5345889778056117,2.2716597642467637,6.581416849418342,0.5941374685856284,0.5593947101413547,0.995164735494214,0.9667843234411292,-0.10754848734974973,0.640773801624496,0.44601207283535793,37.0851676712259,0.059830417201232985,5.135489157204121,0.5918177217541656,0.14385697311614887,74.17033534245178,3.5739606217299023,8.190627123169225,6.43315702100012,458.4758528428094,0.06133456225321864,21.458119779420812,1521.1723076923076,10.67943554993792,1367.7467558528429,88.62354515050167,127525.77779264214,0.061935433378504774,0.0009204788842664977,0.10360172915112068,109.27894113386306,0.00027385673113758375,942.6542598377382,0.17410968326895404,13.789658876716796,1343.100633803574,2.5988963615072374,3636.8978804562207,0.002124301233501937,0.0010055619702030276,4.151357436301717,3205.074330103934,0.5894998245476388,0.7232518651916645,0.6588361579567132,0.7953198135729461,1051.1302218045912,0.0008612968915318862,49.5249343832021,0.06499335220892664,43.19657655981978,1009.3293963254594,13656.759842519685,19609160.221784778,9.525161253499505,0.0027101589577092733,342.9133858267717,0.4500175667018001,0.6972368888196064,654.1446540018919,0.0024331152507200858,5.96316461494306,0.10193979933110368,13560.529407003258,0.4339607023654087,0.0009768263036813417,949.6525231600793,0.017831169549300037,2.9096306478369254
133,Training,0.0,Male,52,White,R,GPS,1,1,III,III,Former,15.0,38,66,30,N,N,1,0.5980532195291645,0.19056406010828747,4.079158647452344,21.405708112717445,18.027756377319946,19.026297590440446,24.20743687382041,24.20743687382041,682.1666666666666,12.801752653112223,0.5760319418672446,650.5757747736072,0.9536903612610905,698.0,21.700000000000003,92.30000000000007,3753269.0,2.171472051862144,28.0,59.71660249638299,139.0,23.201299660922324,62.29083094555874,70.0,-473.0,612.0,12.179172929433076,73.32923167308547,-5.150347023783769,3753269.0,0.2971363125097495,1497.0285978768645,490.9932390622931,321.8157798717957,-19.33084138095217,4.086607017353889,1.7987945675493593,0.3789586512919219,0.8358917614976655,1.6974069338704536,1.0888600611476866,0.6790713204730027,0.6569553960090418,0.9972847404158587,0.9690564402936584,-0.10488054137880712,0.5714585582212933,0.44487234596636616,22.145410889002793,0.12316413902235421,3.846387169959618,0.5092093187766651,0.2145057682722373,44.290821778005586,2.719205963569649,1.471350396225812,5.846713837133802,41.74498567335244,0.05980656973259661,26.501268462492096,207.40114613180515,2.453906371868868,485.76074498567334,101.23209169054441,50849.485673352436,0.203634808876209,0.003524913247010739,0.0796287380962204,34.28000499860789,0.0016258414095251222,125.22271935624968,0.2529735769018027,3.1712664674053963,479.7057174410923,2.785904427583529,1374.1535964300176,0.0077610980141167955,0.004179468613592901,3.500661495481686,280.67413320744447,0.5621343252733155,0.7059731099845714,0.708367724434675,0.7753158769953472,367.8615370509132,0.0037251862594576057,8.741935483870968,0.14099895941727367,11.823361082206034,418.9516129032258,2164.0967741935483,1084936.1451612904,4.34269307962329,0.01862317752244476,15.580645161290322,0.2513007284079084,0.5032187113483012,204.90197410585063,0.017425956287888976,4.867356342882765,0.08882521489971347,2037.352757544225,0.2685327890576227,0.009783244135420081,72.8749701497398,0.02588939719513472,2.9542891585569198
135,Training,0.0,Male,58,Hispanic,R,GPS,2,2c,IV,III,Former,19.0,44,66,33,Y,Y,1,0.8138459355925491,0.38443786802892577,7.989913616371854,20.783367823095613,20.615528128088304,24.020824298928627,24.08318915758459,24.20743687382041,1508.2083333333333,16.914459430751332,0.5527395799916627,1150.6355407161689,0.7629155172303796,1535.0,52.0,161.0,28585525.0,2.8871853746751195,51.0,40.96605781783873,327.0,45.11760973591232,104.82410423452768,123.0,-809.0,1136.0,21.872429310380213,136.46425120403336,-5.254347015802894,28585525.0,0.18506084945198356,7634.399028106399,1445.9596609007162,33658.34295828527,-802.8748441612632,30.241950923191773,10.108337549918302,0.4746738248399558,1.623310688428345,2.300037476174788,7.416062317003081,0.570839267682157,0.5305581700892974,0.9958806877791667,0.9690617699229068,-0.13138802723185894,0.7033944827287808,0.449542075883021,37.959377937958934,0.04841264748294172,5.1940377849181765,0.6158838272203319,0.11196887135516818,75.91875587591787,3.602728305724547,10.087572118277519,6.301382789623078,114.85928338762216,0.07482689471506329,15.363687253976172,284.0684039087948,12.349659306730045,1434.5485342019545,60.64299674267101,91184.35570032573,0.04126984706073736,0.0014694048108006357,0.12702103963831227,150.64170465824597,0.0008609688600625919,201.77216728415544,0.16852534190949375,15.092001854847616,1417.25029757166,2.093732200136577,3054.1429900618573,0.0024344495048928636,0.001698475107436259,3.9248534798112726,788.6241834198032,0.6550310842703886,0.7796542219994987,0.42668870687171445,0.8353651268360754,1171.6293237884386,0.0015870404041347925,17.80851063829787,0.09472612041647804,56.105336124943406,1150.377659574468,1699.1117021276596,2568718.925531915,1.1320406656332938,0.0070480827066177355,86.13829787234043,0.4581824354911725,0.7016635547471429,755.5774200605279,0.00677519642306312,5.485195219361046,0.12247557003257328,1632.4462143503847,0.10010118864350746,0.004935405719282331,757.6181721736211,0.02764300327773649,10.687721307978311
136,Training,0.0,Female,63,White,R,Tonsil,3,1,III,II,Never,0.0,39,70,35,N,Y,1,0.8582385220860812,0.6180275211675069,14.7303649182198,23.834480526680885,28.071337695236398,29.614185789921695,28.861739379323623,31.464265445104548,4267.5,20.455669341908084,0.5857591318846233,2172.104638919308,0.5089876131035285,4304.0,74.0,138.0,54907025.0,2.2624429339212657,36.0,61.31176042834819,192.0,24.22373844336037,105.12802044609666,111.0,-560.0,752.0,14.750940370552641,112.94781277554988,-5.527362071776806,54907025.0,0.2618726549868023,1705.3077278657531,777.6787829201426,1679.1840857006614,-67.52390786134193,6.551416832874044,1.979133267850749,0.533927891104734,0.79820268676555,1.5923867953664543,1.3317492225014147,0.6871038480390488,0.6705588341681106,0.9980834333841382,0.975988068942422,-0.14499618440642575,0.6673329825324952,0.47591854818072893,27.866377360625634,0.0951607684994005,4.023517508357775,0.6237090391634912,0.18294569361503904,55.73275472125128,2.9828300696144656,2.132637525181198,6.293204379459361,227.71654275092936,0.05290811866889623,26.906776224416472,1127.099907063197,2.8032511794163986,771.8989312267659,131.40799256505576,104097.15450743494,0.16671567420413141,0.0015832022568924105,0.053817370110462025,36.04105988440018,0.0003571447252582884,654.0607878703595,0.23531711600027688,3.8366401014284497,763.3142722188102,3.472174135861732,2715.6309371106713,0.004897691208723975,0.0017552842037517906,3.824234864185382,1390.049443799614,0.49650206734215685,0.6452852444952817,1.023394659192524,0.7297028571203132,551.4702864577553,0.001408705908647999,20.059405940594058,0.09930398980492108,25.658072737966865,642.7623762376238,22375.851485148516,17574720.53960396,28.562688192122522,0.007457056836599396,75.36633663366337,0.3731006764042741,0.6345427828358715,384.8327637835541,0.006908393252456662,5.598822512175937,0.046933085501858735,21921.86618958926,0.45192087788846985,0.0019553943136139586,249.35740891651247,0.0060499007930009336,2.873335025223547
137,Training,0.0,Male,66,White,L,BOT,2,2b,IV,II-III,Current,17.0,44,70,33,N,Y,1,0.5334201796394019,0.4065519748919181,18.441499156051155,45.360741786960524,53.81449618829484,43.829214001622255,36.235341863986875,54.147945482723536,11315.208333333334,24.196335032577007,0.5603371315228247,4349.871473293604,0.3844269893360576,11370.0,37.0,124.0,121781366.0,2.6295851122738414,35.0,36.02403227935891,691.0,32.20413178224416,84.27141600703607,93.0,-658.0,1349.0,15.889546089534276,103.49281221987611,-2.8034410884683645,121781366.0,0.23409037500125704,3609.0906253476064,964.2827323681038,4754.230653751239,-109.1441964371946,12.767244998406255,3.805515855130108,0.5365961546377206,0.9311327695015409,1.754667149624363,2.9280906134716385,0.68914075334918,0.6715408086302401,0.9987983399214346,0.9841458708239748,-0.1956170663136403,0.7788165528152388,0.44360070178062194,31.01678670901311,0.09180456457329021,4.474230314341717,0.6975680683182078,0.1863907748333647,62.03357341802622,3.353046554913242,4.143190213384091,6.7769545052138485,526.9931398416886,0.04634944061932178,35.03452623013083,2661.607563764292,5.842717330010234,960.0168865435356,157.92647317502198,154800.5095866315,0.16183645038920189,0.0012042849713192081,0.06532490889577236,56.555155880029425,0.00022677576051289758,1322.2887084422423,0.18977685091235796,8.730475848070874,949.4382353741187,4.17383708746552,4055.3042324567805,0.004573642918864262,0.0013168130982599779,4.41913484270826,3361.0876255008893,0.4797123749939397,0.6120898450713754,1.4558103776899158,0.7183088407116297,675.289200631601,0.0010254659996699468,33.60117302052786,0.04926858214153645,56.878056174267506,849.5234604105572,39206.04985337243,38606464.34897361,39.87686029703581,0.003711012994839853,322.8768328445748,0.4734264411210774,0.7148119420710441,594.7962093998385,0.0033624757408650873,6.2894752863348735,0.05998240985048373,38928.10913218841,0.4462306395022123,0.0007831706563950483,890.4475061606807,0.0033449648273113403,2.9877978612898826
138,Training,0.0,Male,48,White,L,Tonsil,3,2c,IV,III,Current,70.0,45,70,33,Y,Y,1,0.634797313148827,0.3999813185350891,24.39426593403453,60.98851322201063,70.00714249274856,65.49045732013177,47.75981574503821,70.35623639735144,30934.75,38.715344326274064,0.5435723794825502,8767.137489795907,0.2834074136624963,30987.0,61.0,135.0,349461297.0,2.403625207983812,36.0,46.49682647498471,460.0,24.740787456292086,99.76115790492787,104.0,-673.0,1133.0,15.475617411958192,106.19639547484712,-3.1534715724262123,349461297.0,0.24296444253870492,1325.3857853181778,995.4716337459005,1010.5920469060788,-30.897643789193292,6.146121608273488,1.892339585911112,0.5282653189833547,0.8605618228155287,1.6771826461204893,1.1441565803744747,0.6622961873803378,0.6407918614606528,0.9991323110237084,0.9821006671419332,-0.1350207480171617,0.6774377715069997,0.4859457638757731,31.534236803744268,0.07834197273142254,4.424536933101522,0.6123681905984357,0.17926392684544293,63.06847360748853,3.1802555578555203,2.0096152985461497,6.474766168521073,1747.7516055119888,0.056402736809371315,23.51558029301051,7528.739180946849,2.1988957360560684,995.1250201697486,126.8350275922161,127064.50385645594,0.12728391812654308,0.0010680142939004803,0.04792512531207538,44.92459877761888,9.481224072923577e-05,4354.077785279322,0.2169772649210399,2.7200061624802414,991.9386010498604,3.431825992680551,3428.5575846892343,0.003543648093412215,0.0011020007759928129,3.948049829116027,10052.811630125623,0.49884699663256815,0.6475147146073662,1.0219522145836628,0.732128032879836,724.091838716837,0.0008317698057415263,132.530524505589,0.11395573904177901,14.210977776364828,910.8607050730868,182674.6233877902,184392877.42820293,181.28917722454162,0.0023705170046626257,480.451418744626,0.41311385962564573,0.6682904183446186,597.9200480734071,0.0018415835533924338,5.467024186824825,0.03753186820279472,181964.71936884552,2.094916755934946,0.00027959868274361966,418.3711042382829,0.002952716277002976,0.6656859980271357
139,Training,0.0,Male,47,White,R,Tonsil,2,2a,IV,II-III,Never,0.0,44,70,33,N,N,1,0.5867508437776621,0.47706529234654566,23.932990559094534,50.16711746389075,50.44799302251776,57.982756057296896,40.718546143004666,58.19793810780585,18822.375,29.43559850183098,0.520835951873216,6570.011315005865,0.3490532578915182,18895.0,17.0,100.0,133992188.0,2.62956963508533,38.0,78.23900463633868,603.0,30.88467687302169,56.94384757872453,63.0,-950.0,1553.0,16.13147618916497,84.21050879165846,-6.471747933625734,133992188.0,0.2242902781425828,3848.8080138809755,1676.6449872098615,17284.955370894648,-312.77594288127517,14.44523260854579,4.054568579090044,0.5596349570550614,0.9957671845754738,1.8338088890243311,3.046268857255945,0.6611435360292065,0.6369338068433836,0.9990363909807292,0.9850594121567201,-0.16010651319635344,0.7348675107631292,0.4511301573404726,40.915120113919706,0.07398446909263896,4.712512594298928,0.7516918625424922,0.17743539410801995,81.83024022783943,3.414657797586769,4.62495029690896,6.786934707466873,936.5838052394813,0.04956781186766242,32.666123783606295,4237.964805504102,6.235256016084767,1670.5859222016406,137.75385022492722,232983.9061656523,0.08315297007999344,0.0008103573764771066,0.0590916374439754,88.87510924395343,9.968043359334148e-05,2322.865732749611,0.19061425969676485,8.901725014094621,1660.204663662019,3.6768843384929273,6184.640207670771,0.0025613375611944745,0.0009108498005025649,4.245910183803493,6298.830278053462,0.514432330219735,0.6441834429132657,1.2272943584964897,0.7441952659635596,1228.5161651893332,0.000743021318701578,65.05057955742888,0.06854644842721694,64.69265301726293,1460.0969441517386,74963.64488935722,126724328.6923077,44.40036512199323,0.0026265076812128645,381.10115911485775,0.4015818325762463,0.6588531165051299,916.2351641024123,0.0014180976851041885,6.327987704210921,0.05022492722942577,74567.21958558784,0.5256993056099639,0.0004624173049878247,1201.8115919182712,0.0030768571391486797,3.1142954328774626
140,Training,0.0,Female,47,Asian,L,BOT,1,2a,IV,II-III,Never,0.0,41,66,30,N,N,1,0.5555011914835443,0.5210382951462151,17.120811662452397,32.85902748788917,36.71511950137164,34.713109915419565,25.632011235952593,41.24318125460256,5278.041666666667,18.253228920512967,0.5051374194985666,2902.171855300453,0.5498577007508377,5327.0,25.0,109.0,38327519.0,2.5816044733394867,44.0,49.7829756694582,418.0,31.036922423846498,67.25830673925286,76.0,-752.0,1170.0,18.510408807783683,84.82307363071348,-4.619676297382867,38327519.0,0.21561526266637238,2671.273994730015,1180.44015401363,2200.330386549241,-79.31340113662318,9.376115622275954,2.673501261200838,0.5535491936364022,0.8862195188788095,1.7033723789016701,1.8712239304197409,0.6736144706176275,0.6530678108804986,0.9988913863665544,0.9825416548127921,-0.1880028579097289,0.7664769814121328,0.46445947836556534,34.33312321583619,0.07168026263279095,4.545896172210222,0.7285596264112423,0.17076332732329114,68.66624643167238,3.3627738325346384,3.012404220869198,6.704363048158689,287.39196545898255,0.05395005921888165,27.26658991182591,1148.5825042237657,4.312377565592104,1174.910456166698,123.50685188661535,147789.94030411114,0.10386006141035377,0.0011028285260824813,0.06226107068174417,64.90842003951859,0.00030523555272027406,681.3997646549632,0.1933310502156231,5.772847755177783,1165.804931915864,3.300219089573687,3914.64992537459,0.003172018917298255,0.0012388055621153106,4.08688565766543,1834.6004745008743,0.5165474222376767,0.6611456874268964,0.9643195438282647,0.7445852450650872,862.1202717701138,0.001022811953702153,23.235690235690235,0.07823464725821629,37.6355700665465,1022.1582491582492,17951.727272727272,21568139.326599326,14.979011319784826,0.005381592643682726,121.61952861952862,0.4094933623553152,0.6653021290385268,639.6550017630208,0.005081447459876322,5.806998328643824,0.05575370752768913,17630.026210477386,0.29065053903514176,0.0017579196014519158,452.4976394103622,0.0055820434510440164,3.5609283628437547
141,Training,0.0,Male,69,White,R,BOT,2,2a,IV,III,Former,3.0,39,66,30,N,Y,1,0.9069297702825156,0.4646102970382576,8.006308727642814,17.2323101288983,19.849433241279208,18.027756377319946,17.0,20.663978319771825,1335.9583333333333,15.628495066638802,0.7092914168281397,827.0301878323503,0.6190538785508657,1353.0,35.0,98.0,8718281.0,2.290010792750604,26.0,23.38682499126148,166.0,26.919977996393552,62.257945306725794,71.0,-387.0,553.0,11.29072656962732,80.27245272611687,-3.8608691398505806,8718281.0,0.2942064635320814,2567.6149128514057,368.67016605869173,2030.508184387779,-102.62997953233314,9.227530572720092,2.8170368479023606,0.5242731141528907,0.8829130589145385,1.7348571765270424,2.0074794876444773,0.6975942895928313,0.679488887230096,0.9951272939003306,0.965883718910776,-0.17362565552578094,0.7044977482384643,0.4230447661762819,19.158937945627947,0.12782507771531074,3.9181511831936513,0.6725195499839723,0.24744399948361442,38.317875891255895,2.9096638267444144,3.011141855155614,6.182940341700495,65.28529194382853,0.048252248295512584,34.5434158796335,398.06134515890614,4.207017446106733,366.19068736141907,147.01626016260164,55502.91500369549,0.39243728486312274,0.003837670454505027,0.06732534172566482,17.19424488596009,0.0012694604432409021,204.904659306555,0.23902511324742134,6.182622928357238,358.57843001377375,3.881893536238501,1445.7921733715038,0.012247870725504555,0.0045552492672918206,3.9640345558426406,423.6298809116939,0.48896329001945554,0.6305645573938257,1.2338159263383257,0.7234067660275502,253.35368616911217,0.003819889283986727,8.051546391752577,0.08300563290466574,21.565309809756616,247.8041237113402,5314.484536082474,2002351.3608247424,14.161803175627279,0.018197558342847937,30.11340206185567,0.3104474439366564,0.5741073807766185,116.00966046073252,0.016489943306559538,5.54171487400057,0.07169253510716925,5119.925178021044,0.2670602539509674,0.005972602980579389,143.85216555155208,0.014465400198085315,3.4372396638562797
142,Training,0.0,Female,63,White,L,BOT,2,2b,IV,IV,Former,3.0,39,66,30,N,Y,1,0.6092034257991367,0.49071595394025097,18.20491894261394,37.09868977447297,43.266615305567875,29.732137494637012,33.24154027718932,43.393547907494266,8153.291666666667,22.600648903268336,0.6045912819089496,3240.2428658123567,0.3974153014860898,8194.0,85.30000000000007,137.0,106602532.0,1.9690482292147702,24.0,82.25489554120861,208.0,17.975227651587158,109.78569685135464,112.0,-614.0,822.0,10.395634251814828,114.06063373027273,-5.5502988794781185,106602532.0,0.3417125552317492,956.9289338138857,899.0727929180987,401.77350491425597,-18.325501139951793,3.3576033069815105,1.4975366448290488,0.380692453509558,0.6995400881687126,1.51181524983917,1.0017617038761022,0.7154487117473438,0.7016431887550181,0.9987650638345441,0.980560124913403,-0.09380627509690131,0.5234153854873775,0.44581733865977047,29.976784390640987,0.1504015140467992,3.5799777532270762,0.4769019977636698,0.3222371833236892,59.953568781281966,2.6390871682384422,1.2137849879526401,6.008243024428184,374.51476690261165,0.04570597594613274,35.43645638899833,2799.992677568953,1.616207698602995,896.3298755186722,172.64705882352942,155989.61227727606,0.19144803239748406,0.0012489975799392465,0.04699039084078708,37.19474802069146,0.00018810649880139635,1286.7290722560297,0.26682810970035553,2.4470778410945493,891.146193941786,4.618212774231635,4159.395655133644,0.005360206747886061,0.001348949077623397,3.7959925148848033,2195.477356630361,0.45217547213000936,0.5879348866900733,1.6633868229870954,0.6962805455916404,616.6659110135625,0.0010120398103166093,40.633633633633636,0.12202292382472563,15.61952943934926,764.5375375375376,67072.7927927928,60511747.42042042,74.42025183412241,0.004472227541174048,134.24924924924926,0.40315089864639414,0.6592974958541793,476.863047688341,0.004059240741810111,5.152118696438927,0.0406394923114474,66467.30770410049,0.8888769318739212,0.0009877002135678888,191.14178797643862,0.003820665485847921,1.3107680349762278
143,Training,0.0,Male,54,White,R,BOT,4,2c,IV,II,Current,70.0,44,70,33,N,Y,0,0.8748074444073228,0.5812800522019738,37.508260747105474,64.5270048490718,74.63243262818116,68.42514157822401,62.03224967708329,77.26577508832743,85526.33333333333,56.44870420727543,0.6357968202812395,14764.962281045213,0.17263644664269345,85612.0,-145.0,85.0,4471852570.0,3.0170687382095,36.0,12.881211299886703,651.0,126.92387097814562,-11.20450404148951,60.0,-1095.0,1746.0,21.95675331580428,228.5474695229671,-3.248774928262052,4471852570.0,0.24955656922111735,52108.40491453583,2027.0886583269332,1231647.0188107144,-17387.48796740855,299.60670126208487,13.480926739392562,0.9133768644094699,1.4624999647973593,2.097212126667795,11.271103026774288,0.7063805437903738,0.6863832425747465,0.9974739765208656,0.9816081912010488,-0.29755644180063734,0.9040243879055893,0.3217704875533072,44.221641190770384,0.13175570165910871,5.032183694851065,0.9208615163590874,0.32301612778172345,88.44328238154077,3.8117306657978904,78.27190700036952,7.1429672123447085,3261.0648740830725,0.03809121237773995,64.98262611464591,21365.037004158297,83.39877698640919,2025.5813437368593,253.85340840069148,557391.9217866655,0.19944682261023228,0.0022082022340973724,0.07992443844205918,100.00826467801025,0.000399248804170849,5961.935439807231,0.1356349327453152,131.7400354669721,1877.3393788399806,9.197424109001519,19885.39516524495,0.009371269988008173,0.003319459244719555,5.519798939221557,20176.902283299016,0.45840859251721444,0.5098835892883457,5.220977190446571,0.7032728373564479,1242.1048148189702,0.002832358858810482,165.24697469746974,0.022723731394041494,180.6712613316475,1183.8235698569856,227931.79070407042,503839599.769802,105.39234793011838,0.00550398291223481,3175.939218921892,0.4367353161333735,0.6869120506457344,756.0913923994216,0.0034330164816179986,7.382910241492815,0.08494136336027659,227793.1912418414,1.3498940589931683,0.0001335589549934066,1818.290115330874,0.027954758282828965,1.1654029108131851
144,Training,0.0,Male,60,White,L,Tonsil,2,0,II,III,Former,2.0,44,70,33,N,Y,1,0.8215994486853933,0.7002259285677768,24.38925330777023,34.83054870255283,37.589892258425,35.510561809129406,40.22437072223753,41.82104733265297,16170.25,28.616759611427145,0.7397015632681097,4180.6012319298125,0.2585365861337835,16211.0,69.0,115.0,144414277.0,1.7510700039168254,23.0,144.91804273291444,178.0,15.410232451288806,90.48676824378508,92.0,-603.0,781.0,9.943478718615998,94.38438759169748,-8.101371459889632,144414277.0,0.36711143904374594,720.5573938553015,850.0895604237801,538.7126012828746,-18.998374441253773,2.318243261009312,1.325249805346228,0.26884827809973516,0.7005733737111328,1.4406531956975188,0.8288106316098591,0.6999899336576498,0.686883398074245,0.9988540565596785,0.9798322195876558,-0.040962739173970024,0.32440595455382026,0.4880383900471776,29.152037525465726,0.14986747695007585,3.3145602010618993,0.4662320463257752,0.29372014225139204,58.30407505093145,2.3535637117305903,0.9108732665888849,5.676036622283275,817.5096539386836,0.05042931675644215,28.712675515213533,5951.243538338165,1.2418948118418964,850.4442662389736,158.3853556227253,134521.40139411512,0.18678397619174286,0.0012643548032267374,0.0422338429774134,33.77923339281024,0.0001376132700534652,2982.3867819233265,0.306394724844247,1.8433534910528497,849.9722533582733,4.334542646581867,3682.3386490415746,0.005254112560347716,0.0013232316599633043,3.4787811386247354,4546.270503331128,0.4641982809456446,0.600484950864323,1.52280299017348,0.7052719883216516,598.5566451683342,0.0009769914877068512,99.60037523452158,0.18686749574957143,18.54242860512023,782.3958724202627,175606.89868667917,149599602.37148216,206.3591138602664,0.0038614444148280594,233.60037523452158,0.4382746252054814,0.6876309220192564,520.8209171013443,0.003474644235176841,4.811661960486091,0.03287890938251804,174681.84871642338,1.7569275180648027,0.0004168687609588877,283.2245100336013,0.0021624288295938494,0.9316166954242036
146,Training,0.0,Male,69,White,R,BOT,1,2c,IV,III,Former,40.0,39,66,30,N,Y,1,0.6339721527454009,0.36850464823890106,13.060595288425883,35.44214530493172,38.07886552931954,31.32091952673165,29.427877939124322,38.19685850956856,4295.75,22.46933315688287,0.533216059494473,2396.662621069593,0.5579148276947199,4344.0,-129.39999999999998,426.0,883633944.0,5.050463651733533,183.0,192.19600893997605,12356.0,216.59767457240824,42.1804788213628,26.0,-1977.0,14333.0,91.14601945490938,451.01531255013515,7.910571447199854,883633944.0,0.05123766741620288,201635.61936109673,7055.3060183791,63870585.37180301,102540.41813511286,906.0092627050805,290.84485221672753,0.5135837902652111,5.555718872922444,3.7162826676956504,258.20641838270393,0.40331279405360587,0.339086293159141,0.999294733575183,0.9909712338376104,-0.28538700051831506,0.9675203799737542,0.2898465964501642,83.07496622084813,0.007367133103885462,8.691096270372638,0.8829559479749345,0.0398846807290721,166.14993244169605,6.051100628239767,299.2135287304519,8.007048775615822,487.87384898710866,0.11230981790679297,14.973714299522808,222.57642725598527,322.88418134155114,7081.775552486188,37.773020257826886,241155.25759668509,0.006860016955739609,0.000442040359542338,0.2583236638277643,2135.8065972260197,0.0003149920619236721,169.12878702478656,0.04548123296754441,357.9021375389479,7197.480048565656,1.6486648689689742,11341.24762808516,0.0006022901179256937,0.00048799854845030135,5.801810407342561,2871.862841611605,0.7711831810663997,0.8548130046748832,0.27056743552077295,0.8990184377653971,6547.957103566861,0.00047022476627436806,24.657745336577452,0.019998171400306127,786.012606813573,8264.12408759124,188.8515815085158,1223782.6155717762,0.03162976643019194,0.001124800794163786,570.2360097323601,0.46247851559802117,0.7071334566355315,6079.81851541963,0.0010766648116566312,7.504118893775033,0.2838397790055249,176.43924674848006,0.030565916716634688,0.002255372560159223,31151.548892132225,0.17114073792076137,97.1649980376013
150,Training,0.0,Female,66,White,R,Other,3,2b,IV,III,Former,40.0,43,70,33,N,Y,1,0.7807501688798627,0.5642961633322481,17.994599657121306,31.88857345912237,32.449961479175904,40.8166632639171,35.805027579936315,44.14748010928823,7810.041666666667,24.8970091135477,0.4746974672161402,4010.2314987424643,0.5134712041112625,7860.0,40.0,111.0,64618650.0,2.3618260027810414,35.0,101.91582616915204,245.0,26.082647087388068,74.39083969465649,80.0,-924.0,1169.0,14.740192905861313,90.67084586611253,-7.801961555553207,64618650.0,0.25089317509339654,2687.2052596002563,1652.6998504021076,6246.390811484286,-156.15974528220414,8.726625144934925,3.0647648604038844,0.47948513042554797,0.8308764410102089,1.6190251131259397,2.360012552810055,0.6924722064701049,0.6758541903963008,0.9987431528388501,0.9834424669750502,-0.1583305731839712,0.6978637215227993,0.46145251313762237,40.63598955006292,0.09102726938658685,4.161382005693564,0.7065985385611623,0.18470942181971706,81.27197910012583,3.093853302303135,2.947847501334701,6.503946426943535,402.63104325699743,0.05122532356959255,28.903539938750008,1972.0203562340967,4.4049571541414965,1644.4797709923664,138.7318066157761,231619.76704834605,0.08341257642110432,0.0007558592917458976,0.056038704223990175,82.41594715138778,0.0001803991956428111,1118.2950256888319,0.22368541720316995,6.312049682135671,1632.3367591529366,3.6791896692289514,6101.29899576641,0.0024560781492729278,0.0008457282546152192,3.978594966110413,2473.3948111955824,0.4908792065101826,0.6353885300450185,1.1458266557686025,0.7257365293353785,1176.6584078825674,0.000680018702523504,41.029556650246306,0.10105802130602538,44.70035671819263,1431.6206896551723,33464.39408866995,55934060.03694581,20.044207167511647,0.003471579396465397,148.35960591133005,0.36541774855007403,0.6280435141732065,854.5505127504458,0.0031987903752569375,5.850815245590481,0.05165394402035623,33089.599747627944,0.35694496526032526,0.0010422976485879559,627.3995084723003,0.004371525320787082,4.630622397280139
152,Training,0.0,Male,51,White,R,GPS,1,2b,IV,II,Current,96.0,39,66,30,Y,Y,1,0.8193614618418441,0.7594952089333793,17.883105082591715,23.546040675762008,24.698178070456937,28.42534080710379,27.586228448267445,29.9833287011299,4956.541666666667,19.29271830867988,0.7126430759850164,1972.7159780577524,0.39800250067996046,4985.0,46.0,98.0,28715792.0,1.8798532474308254,25.0,12.266251077004412,202.0,16.529965986223466,72.43650952858576,74.0,-200.0,402.0,11.067379397186897,75.89756069306492,-1.2938712432435107,28715792.0,0.33332611676554236,513.3918064725772,131.1660935821199,28.332319330240676,-2.1409383823558534,2.119078924463717,1.0861268106083632,0.3207378779369406,0.703647516055724,1.4634987269768158,0.5849136299878649,0.6961626284598181,0.682152664086201,0.9963443158712526,0.9619453316335908,-0.06420160807348088,0.42823563322580216,0.4883492947765226,11.441494800072796,0.12938820368716117,3.519377528069105,0.37938368521436816,0.2141157062996977,22.882989600145592,2.5274378604937273,0.8013014337680203,5.901875720507973,261.4774322968907,0.05245284499436122,26.608050832537735,1661.6306920762288,0.9037602677641752,131.17953861584755,142.370110330993,18964.29849548646,1.0816731596806652,0.008076508193535139,0.04808881165974645,6.112756245429285,0.0006678884926650119,910.4972465066573,0.29228268421268006,1.1697230740247213,130.4386774019361,3.8080286253904303,504.07750378445195,0.02970634520839614,0.008328569432628892,3.5177721732503735,1499.0668255646342,0.4779243535260741,0.6246431602499809,1.195836811400009,0.7156483371249431,93.01352621258138,0.006131431397249582,43.87323943661972,0.2059776499371818,5.999735502215169,125.45539906103286,36955.112676056335,4903952.863849766,280.84479756825556,0.01489497837380293,75.57276995305165,0.3548017368687871,0.6173457973049665,77.12008693241141,0.011484333348403434,4.744950346124653,0.04272818455366098,36407.37688730191,2.6587789464007208,0.0013564404480155392,65.03619421618863,0.004852956728699771,0.26828165523437064
154,Training,0.0,Male,39,White,L,Tonsil,1,2b,IV,II,Current,,44,70,33,N,Y,1,0.9040779502989681,0.6693673709543047,8.062855532322036,12.045486353520598,13.416407864998739,14.560219778561036,13.601470508735444,14.696938456699069,674.375,10.890058612845094,0.769362996006525,483.37828693565467,0.7167796655208967,685.0,70.0,105.0,5385035.0,1.3731563848744441,19.0,5.468733098483837,134.0,11.169119292450317,87.47007299270074,89.0,0.0,134.0,7.867724111196901,88.66433873606485,-0.6227503239201536,5385035.0,0.4770568490596196,210.35129415525594,16.246910739337494,3.6143720139147884,-0.368297574473778,0.9443832322866187,0.698922214771362,0.1508310519687937,0.5556892766794578,1.2694283861122768,0.3852508573212018,0.7438363684020245,0.7364214976011614,0.9818629972917493,0.923067280253134,-0.036717494024375415,0.2710913995772639,0.4506525899320134,4.0231112584477104,0.2341095745659595,2.693835601890051,0.21736314355049755,0.4252811378141392,8.046222516895421,1.967498603219602,0.41082636176449516,5.1906877010299155,33.981021897810216,0.04960733123767915,31.900099099579094,326.7839416058394,0.40668336086099416,16.605839416058394,155.35328467153283,2508.734306569343,9.865050689375506,0.06943998377939985,0.044782966348025026,0.6945780914021286,0.006584866340734361,159.5977950377075,0.38083512431826744,0.5616560136479779,16.787124945955206,4.061981226170641,66.59496679014408,0.2677516326737895,0.07294753796298817,3.0166798018406737,199.64288751529773,0.47140789382693843,0.6111173498034812,1.3039049059696277,0.7100374191561701,12.027978888504737,0.05415605550929803,8.428571428571429,0.3010204081632653,1.8214285714285714,14.071428571428571,7587.25,124811.46428571429,469.25393849206347,0.16401785714285716,7.285714285714286,0.2602040816326531,0.5178666798633655,7.041797743187567,0.11932625222595909,3.937193208607588,0.040875912408759124,6988.748724489795,2.878256923005015,0.010740647300312501,7.105743090597699,0.011989086838403797,0.1425691068106656
156,Training,0.0,Male,67,White,R,BOT,3,1,III,II,Former,50.0,44,70,33,N,Y,1,0.7825376481216391,0.2865358323832395,7.896340039297507,27.55794964148223,31.016124838541646,29.068883707497267,34.17601498127012,34.17601498127012,2304.5416666666665,21.565133099500073,0.4890848721416481,1725.1344096199896,0.7485802641682141,2330.0,47.0,142.0,26288677.0,2.770268409775565,46.75,9.1186045057087,289.0,31.704671296211018,96.0793991416309,99.0,-226.0,515.0,19.5507396098734,106.2200263199756,-1.122433573879715,26288677.0,0.19008454751422937,2051.4430519994844,209.2165158338982,404.825534190074,-10.909233865993588,8.07454330694964,2.557887384504733,0.5142558752803132,1.0059254643744173,1.85459707772646,1.5272212568024095,0.6384467867066432,0.6112022816016713,0.9950278484486456,0.9587091865699544,-0.16317917193218323,0.7392054524241837,0.47258757833878157,14.41651972939424,0.059341633002758805,4.810035805521876,0.6440018194179411,0.1226965963654534,28.83303945878848,3.4684223964775054,2.6581076728635935,6.564354845531653,143.40429184549356,0.06154690637145646,21.705355412698704,442.8969957081545,3.3677717401315177,209.49356223175965,89.63690987124464,19074.369098712446,0.4310437848616041,0.005793147376319448,0.09965118685703417,17.25553954872542,0.0013952506472255045,287.3972497337652,0.1707118484835341,4.144470585130966,207.84330034975997,2.6747493047386164,565.8955933453261,0.014218320480610556,0.006189586462560582,4.033965376469573,998.3216301240451,0.5859865134550071,0.7214592274678112,0.6841441510495029,0.7912085141717442,163.31830795700412,0.005181885509826329,20.563318777292576,0.08979615186590645,12.788962834423447,170.29694323144105,3729.161572052402,799562.7423580786,17.613169903728878,0.01433953762540673,98.95633187772926,0.4321237199900841,0.6803370836601691,105.13609039343395,0.012458395883118738,5.278566378082035,0.0982832618025751,3625.6376117923,0.4776986182973801,0.004271315903011759,164.70489108768328,0.010802644322244617,1.3196694175606478
158,Training,0.0,Male,64,White,R,BOT,3,2c,IV,III,Former,0.0,44,70,33,Y,N,1,0.840625526702821,0.5031982260043323,23.868142790167347,47.43288341791939,55.326304774492215,49.64876634922564,54.230987451824994,55.72252686302013,28767.5,39.873292606221995,0.6518476349160314,6965.293879263449,0.2421237118019796,28848.0,58.0,108.0,230276311.0,1.8435055366074007,22.0,72.83672842422277,157.0,17.37138881236947,84.27381447587355,89.0,-723.0,880.0,9.66514833777708,89.34428488150344,-5.573120842230325,230276311.0,0.370157102143651,880.32543467329,1085.4707124191139,469.1904613101426,-22.850513813252544,3.3736819422754127,1.1388940350822272,0.4930715868499228,0.6074795613741591,1.369097322552585,0.7653319077647994,0.7389735949785521,0.7300117295582468,0.9991526713386245,0.9839101604879026,-0.13145209214798198,0.5991777761785497,0.4419974373115536,32.938002156148386,0.17197132113824837,3.320040427620823,0.6364966162203661,0.34402116684123957,65.87600431229677,2.525207592824082,1.1281439943394096,6.005231694517786,1317.450152523572,0.04566868249180435,35.058765405588275,10678.292082640044,1.4896943045081241,1083.1877079866888,206.68801996672212,225686.55369523016,0.18959307405356834,0.0009647680138833702,0.03578305182423701,34.62964682919455,7.483845052117694e-05,4471.765959315839,0.2897078360279823,2.33402572042339,1075.9625479951048,5.888640702058295,6412.427870158199,0.0054909930970081225,0.001006134334733651,3.8859201935876913,6254.989453091252,0.40181315613951263,0.5345871197576688,2.3000744148750076,0.6536331429586456,698.2241254748716,0.0006877071507301618,103.1630695443645,0.12369672607237951,16.558436703874314,927.2374100719425,357293.1510791367,391757912.4880096,326.07783285309375,0.002389125720398587,374.0503597122302,0.4485016303503959,0.696448759665917,624.8433014921836,0.002069740117518074,5.258070206401518,0.028910149750415972,356096.68795610993,2.483807332496212,0.00026231369839654526,255.28219633584914,0.00229371528855588,0.6291268377547552
159,Training,0.0,Male,58,White,R,BOT,1,2b,IV,III,Former,30.0,39,66,30,N,N,1,0.6140790912337311,0.5341488607415583,16.035006991052626,30.019734515189718,34.20526275297414,29.832867780352597,25.96150997149434,36.138621999185304,5258.375,18.434491290165575,0.6340824627770539,2306.2484185381345,0.4385857643355855,5291.0,50.0,117.0,47929359.0,2.288546847750196,30.0,52.17122350540107,159.0,26.208323716923225,81.9007749007749,90.0,-790.0,949.0,13.287620111193238,95.17698203692902,-5.312349342951332,47929359.0,0.27868068937810014,2350.9209803105095,1289.2077953789526,2618.9363806734686,-103.38434872606838,8.88338622739745,3.5999245562263265,0.42281816925914956,1.0231727679819664,1.8698079745404759,2.532117279935063,0.6574525885579765,0.6339773225323379,0.9977703692955034,0.9757602468452284,-0.1019510774515539,0.577326717241547,0.4556337909614004,35.88714052588481,0.09683123547425007,4.254758128388915,0.5640446667107277,0.19298794416011644,71.77428105176962,3.054394484156071,3.120827695905944,6.159055081149929,287.3957663957664,0.054317854166654016,25.88299855961924,1474.4995274995274,3.8708036001553303,1285.3781893781893,122.8930258930259,162314.29597429596,0.09339521854077523,0.0009805292435966094,0.06298069818021114,68.57186711891678,0.00025412882976623977,834.9451861774183,0.23885676545238638,5.350048655332577,1269.67165565673,3.3203911011437066,4327.842849562932,0.0028598530927208083,0.0010955565553823496,3.8381972074327333,1807.1013623732165,0.5135798478795031,0.6596397365628134,0.9701103898905337,0.7426124291202316,932.0210641906347,0.0008987571414922773,28.124600638977636,0.08985495411813942,25.50204656575039,1041.5431309904154,22508.41214057508,29668824.747603834,17.093297673798137,0.004280259200011237,115.56869009584665,0.3692290418397656,0.627953560866352,622.6639048381707,0.003931371230195549,5.67576540970852,0.059157059157059155,22222.661739938143,0.44773396035024793,0.0013915445095356498,341.0922016135349,0.008749130018280732,2.4252351092940967
169,Training,0.0,Male,71,White,L,Tonsil,3,1,III,III,Never,0.0,45,70,33,N,N,1,0.8992680842484698,0.7377994301966192,20.366574886208962,27.604487144672085,35.22782990761707,31.144823004794873,31.906112267087632,35.73513677041127,8661.416666666666,24.823834271250778,0.6763048612694346,3015.788653360809,0.3481865345385157,8695.0,77.0,127.0,95990733.0,1.8470904885250652,25.0,89.39077107683235,184.0,16.435758516276298,101.82944220816562,104.0,-496.0,680.0,10.602990503131945,105.07027304223963,-5.44536379519613,95990733.0,0.3446080497440413,670.5269767446474,608.1418265747119,334.06621111148706,-13.886395167039478,2.572025365862104,1.1506284049544795,0.38033796249893465,0.6545461280822372,1.3965489995553844,0.7183651702733467,0.7153803518433086,0.7044888841702479,0.998612439413066,0.9779089892498712,-0.08189752689007643,0.4880276360968297,0.47556075569974554,24.653323921407484,0.1421543860202953,3.4070720286188814,0.5858717548595189,0.2726411474883308,49.30664784281497,2.518024565758204,0.9306634427041461,5.948045721324537,433.90626797009776,0.04990296353882665,29.39674733914417,2996.3669925244394,1.1473000716571857,606.2224266820011,164.75572167912594,101003.68579643473,0.2695358489012746,0.0018071378031242833,0.044009273095327386,24.90772695030007,0.00022648505973145815,1514.4497888030687,0.29463635050736897,1.6169613798164306,602.5630948436944,4.406688118349357,2689.625839610369,0.0074989381702421955,0.0019237990971302486,3.619259473044912,2312.117321063092,0.4473343097083238,0.5909850931127527,1.501771875180713,0.691817916821244,414.5572249794128,0.0014167308158946081,57.5527950310559,0.17873538829520466,11.419235369005825,551.0434782608696,77233.6552795031,47222216.89440994,126.53216219040041,0.005842883178998494,134.055900621118,0.41632267273639134,0.6706817321992146,364.9719023404088,0.005228452404831482,4.845506589190994,0.03703277745830937,76504.48756799505,1.4498423040457002,0.0008114272942891435,160.489418726593,0.0032055354348832217,0.9454700811556054
170,Training,0.0,Male,56,White,L,Tonsil,1,2b,IV,II,Never,0.0,42,66,30,N,N,1,0.49566413503603957,0.47776278452687626,26.259994071833212,54.964503143203636,59.135437767890075,58.82176467941097,42.42640687119285,59.43904440685432,20078.958333333332,27.243932908161707,0.39188271097214494,9116.37412366413,0.4540262483900832,20171.0,-29.0,134.0,339640754.0,3.5847800890120176,67.0,25.158135273435892,427.0,64.58018150848616,55.6943136185613,74.0,-1031.0,1458.0,30.140195990683615,129.76159748876685,-3.646711789370381,339640754.0,0.1277098383556598,13736.215613394083,2035.2513916183843,82580.77380870872,-1415.2694918666398,58.57505061384519,14.1760351800141,0.6086517307090785,2.0204251358802714,2.630346707557928,10.002086222018184,0.5329695291559531,0.483642129475047,0.9963513883939807,0.9695367855096954,-0.15810164443048397,0.8043848992518494,0.4058327471039283,44.990553909883616,0.028292534909178144,6.501912778371516,0.7401322761769256,0.08381418138194505,89.98110781976722,4.394813965419175,18.187771448464815,7.221930091424386,1448.487085419662,0.07181037555994556,20.28696373240955,2576.0351494720144,22.048048552286602,2024.6183134202568,67.40503693421249,141510.09250904765,0.032588213862704135,0.0006741393905001639,0.12698898652445834,221.5396174887146,0.00020887043044950045,1737.6561910487917,0.11113889195153409,26.899729921895855,2005.1538843795222,2.16952735590053,4452.937172685244,0.00129886447319669,0.0007281971656444517,4.698911450518037,10309.600048105449,0.6569895186407434,0.7744515164573664,0.48556045651657026,0.8368173273627821,1664.5444302771107,0.0006473033591860982,111.57475884244373,0.044845160306448445,92.93446291394838,1699.565112540193,8773.637861736335,18337834.64630225,4.205529085770327,0.0017866697293722202,1008.58038585209,0.40537796859006836,0.6623248627935334,1060.2134563372047,0.0014554301582043253,6.927487403815244,0.12334539685687373,8707.909303402314,0.4979466288594104,0.00043536870941948707,2642.3056784352716,0.017639018601649733,2.20576961531159
174,Training,1.0,Female,60,White,R,Soft_palate,3,1,III,,Current,43.0,53,70,33,N,Y,1,0.8584622831454916,0.63874703457023,36.124205971647896,56.55479245544122,63.198101237299845,65.79513659838392,67.67569726275453,72.34638899074369,46254.083333333336,48.550156254117496,0.3569091376402071,17459.28723229267,0.3774647766008263,46407.0,37.0,142.0,875502748.0,2.9723437784831166,50.0,47.11186840855156,706.0,49.041380241327104,82.56672484754455,101.0,-1034.0,1740.0,21.593709039505477,137.35263951298452,-5.954052717348787,875502748.0,0.1798910286178793,12048.483529133744,2130.220269670734,136436.8337289837,-2171.0200854087834,49.223495794612845,9.74828956977898,0.6674962141245163,1.335258743672734,2.045223450464213,7.932164291598521,0.6288516200644754,0.6012891461557952,0.9982155469708158,0.9827515501818351,-0.17761364156067266,0.7902372360963056,0.4615795053818089,46.047241508466975,0.05282338719414573,5.2530164795818495,0.7013353776798473,0.12955025333235548,92.09448301693394,3.7792881546906756,14.742946341097946,6.981693345498629,2561.2221647596266,0.055190427408788045,25.619897479387646,8348.202965069924,19.361117911670355,2119.238864826427,110.16262632792467,240251.33363501195,0.052537816206491145,0.0006792512022130886,0.0817981666340042,141.94729442436244,0.0001657010377665949,5062.652869634628,0.15919035378092114,26.341623807365213,2093.3632028778266,3.0260908155948654,6506.038086513416,0.0017481498787412402,0.0007653458484044158,4.4385744076433244,17514.14685955462,0.5482357983683216,0.6848187690517512,0.8675653903110511,0.7677690016494625,1589.31855170052,0.0006472398233747847,164.69526542324246,0.04725832580293902,120.38948936722045,1653.9939741750359,86572.7474892396,190268722.99569583,39.43944434192483,0.0023532470359256034,1647.8395982783356,0.47283776134242056,0.7148735429603795,1116.8328737472739,0.0018986290439668523,6.647308129891482,0.07509642941797573,86395.42597819309,0.8954254809731125,0.0001985707039006928,2160.974230179627,0.008288119024175025,1.6388934989591244
178,Training,1.0,Male,64,White,L,BOT,2,2c,IV,III,Former,20.0,45,66,30,Y,Y,0,0.6429596388368266,0.6034544567410578,20.37232126443763,33.759500881736614,39.408120990476064,35.4682957019364,28.178005607210743,40.607881008493905,9096.375,21.705996494232902,0.6026459893885956,3496.772873602029,0.3844138872465162,9140.0,67.0,120.0,88793952.0,1.9644761899751946,26.0,66.50861743299215,169.0,18.82279685322889,93.01422319474835,97.0,-444.0,613.0,11.37383068166042,98.56406240739803,-5.86717019057953,88793952.0,0.3220190424660879,1063.228681726989,500.31991049763553,469.89240316190046,-23.102220756887473,3.4787274717548473,1.4728883769104457,0.4055436304420859,0.6386986966199395,1.4196285595875042,1.0595430165366024,0.7372281858553583,0.7270089614831066,0.997865387018831,0.9763799320201935,-0.12587062739950788,0.5951591044937102,0.4323317196293284,22.356616238638484,0.14097855951079194,3.477489358677882,0.5571171368852679,0.2370545483233952,44.71323247727697,2.641814918162014,1.2379039621663233,6.232332663932967,395.5039387308534,0.0432717657254763,39.186417890437596,2943.254048140044,1.7750041776594574,496.6233041575492,196.45557986870898,99655.997702407,0.3887415706958148,0.0022027887023825673,0.04304012685689209,17.82932655748506,0.00027273816176849613,1386.4523106075817,0.2725993666708366,2.7206773510014313,489.2640491702717,5.339715066871134,2685.9616496794933,0.010983303760451254,0.002378483145636149,3.8855967796208954,2189.36703224207,0.42724098020112405,0.5561269146608315,2.034739040072763,0.6765018177721613,326.0895115819586,0.0017335722108767875,45.21238938053097,0.13336988017855744,18.576761427415356,393.1533923303835,75733.36873156342,38322422.20943953,150.00805916163873,0.007121278817304172,139.96755162241888,0.41288363310448045,0.6670782543122374,245.61422435038918,0.006278661561906645,5.225001290169283,0.03708971553610503,75006.43805744816,1.221291223242622,0.000875900227420665,210.15264420365168,0.003407191328070208,1.2678124044776171
179,Training,0.0,Male,51,White,R,BOT,4,2c,IV,II,Former,10.0,44,70,35,Y,Y,0,0.6846464964936774,0.620653946745145,43.05478018193474,69.37002561205662,71.19691004531025,77.00649323271382,66.27216610312357,79.8060148109151,91205.70833333333,47.49394499697123,0.5177512189916406,18925.36836777164,0.20750201619622646,91358.0,59.0,134.0,1155094142.0,2.545590636127454,38.0,53.41428997262317,1513.0,28.936190553600234,99.12681976400535,96.0,-783.0,2296.0,16.040343667514623,112.4437702053804,3.2901619831785265,1155094142.0,0.23110682120312245,2817.475061474794,1332.5230119787518,6450.640963144788,184.88977467307438,13.515507449169396,2.3029389523816786,0.7073814263564283,0.8228291481041594,1.6489319612046995,1.6166648918300832,0.6918932580180918,0.6753509623824085,0.9997369262982658,0.9914003556547935,-0.20693213835378155,0.7958492621081033,0.45976425433211693,36.465322402434076,0.08048841411817204,4.484316826389965,0.8003839823464003,0.1513263448558655,72.93064480486812,3.3687392698859884,3.954611600387769,6.781278750660985,4571.014470544452,0.050034090835443544,29.575820575188363,21113.456971474858,4.58562530246484,1335.654086122726,164.88681888832943,217563.03130541387,0.12539277362116713,0.000771014154338991,0.04271175345507392,59.813588274204385,4.6753441003497376e-05,11024.52052567282,0.20404074747180637,6.710901361907881,1345.422153765873,4.426828784607434,5872.441899859794,0.003382433232134548,0.000778840889189051,4.3788584428486335,24289.160868578885,0.4467585192159375,0.5910644009113765,1.5138477839991504,0.6915629901200488,937.207586925569,0.0005445646981395755,209.59713090257023,0.0626411030790706,47.11449593755326,1434.4877465630605,514096.04482964735,678361620.4853556,390.2105445709316,0.0011466066296524692,1244.8266586969517,0.3720342673929921,0.6340303747095815,887.7434423938972,0.0008845428849457888,6.685344901796255,0.036625145033822984,513350.555736855,2.054941324870807,0.00010548840622395594,1488.5984432401965,0.0012189258583378657,1.281264430779189
194,Training,0.0,Female,49,White,R,Other,3,2c,IV,III,Current,30.0,47,70,30,Y,Y,1,0.6861518451691191,0.5249746595422372,19.349206901689865,36.85741121021311,40.792156108742276,30.805843601498726,39.81205847478876,42.76680956068619,11714.541666666666,25.2897807100447,0.6711177987604457,3716.7975128979965,0.3172806601110156,11753.0,87.0,151.0,180937037.0,2.293089101674538,32.0,51.399259903037844,768.0,22.633291178070262,118.21126520888284,119.0,-543.0,1311.0,13.355701103941714,124.07645278740694,-2.4838139726221256,180937037.0,0.2706660433350873,1421.06291402079,742.7442599705325,873.7005497723028,-15.460642208833834,5.510986437233781,2.031634144889519,0.45841575939093276,0.7725674428258219,1.6075701270141005,1.4266102663280256,0.7031762891172971,0.6871974953847197,0.9992999843617635,0.9860667958577349,-0.15158247168858835,0.6869843316968665,0.4463374798635572,27.237370195065708,0.1039840733267061,4.112837412626505,0.648179210698926,0.2151320469312695,54.4747403901314,3.045124067576965,1.8856551455308252,6.514220286468367,550.0773419552455,0.04680314319367357,33.48925741565508,3181.138007317281,2.354058847729872,744.637199013018,169.7208372330469,126312.63907087552,0.2288950614075487,0.0014540125147400034,0.04496561912844701,31.844889862503443,0.00016336976892406555,1577.2606715376924,0.22735599095096504,3.4503919610592115,744.1550400640782,4.535818189547202,3376.0382374695587,0.006297129079674131,0.001529308167858559,4.121773888953753,3131.210190809047,0.44844931729322973,0.5895450588720392,1.5946501482963293,0.6931206726614345,515.0831907984679,0.0011158749504177165,36.064516129032256,0.0830979634309499,27.200413047633205,696.1497695852535,80159.89170506912,59786271.79953917,107.68837868683917,0.004161320397507265,181.889400921659,0.41910000212363824,0.6727024960995215,457.49055889904304,0.0036665926553559837,5.8737379021746365,0.03692674210839786,79426.5303627174,0.7818751817258514,0.0007265614551316279,415.76322241036274,0.0022510977133376304,1.5478359810345037
196,Training,1.0,Male,79,White,R,Tonsil,3,2c,IV,,Former,27.0,45,70,33,N,Y,0,0.8168366431243937,0.4494741653184537,23.261854528443077,51.753485124027065,57.14017850864661,50.0,56.72741841473134,63.733821476512766,21990.833333333332,42.27414305869852,0.4318090604006117,8790.63332687134,0.39974080079751445,22095.0,13.0,126.0,257091420.0,3.0800430988864,53.0,42.37198919331922,1353.0,44.146347640650056,67.28861733423851,77.0,-997.0,2350.0,22.69297823347007,107.86903376479103,-2.821356585884438,257091420.0,0.16517211750100286,7107.970422596043,1889.2327941016802,17541.48913539119,-266.8568949915425,22.103136969235667,6.946656735686025,0.5207454597092824,1.2942261252846412,2.0711751272160512,5.246831332390562,0.6127303307356093,0.5810572547972584,0.9992560638713219,0.987049884522067,-0.16911629102783052,0.7820714920240269,0.46444146768231803,43.421683781011204,0.045310979790065216,5.387479482244061,0.8061471923916997,0.10589262579942021,86.84336756202237,3.830276463516595,7.262448426230421,6.987310765307986,1327.140393754243,0.06006519093705558,22.752975501651232,3649.477936184657,11.442132940206921,1878.7654673002942,96.938900203666,185843.45784114054,0.05082668305966476,0.0006219664480801552,0.08609540494154903,141.56634150910884,0.00013605740436210554,2302.6564554389706,0.14725831170052547,15.225310774050095,1863.9312070665944,2.760198339079073,5235.295497184083,0.0015856666603755892,0.0006627223468799721,4.450240482278005,8950.552662759723,0.5695806757816407,0.7071874945602031,0.7332492596085753,0.7821567093831909,1447.2790298633267,0.0005481673986028214,80.68347826086956,0.046773030875866414,87.96331392564585,1593.9431884057972,39811.90666666667,76067429.81275362,20.87125800901604,0.0017056663340117837,832.6823188405797,0.48271438773366937,0.7213046738107957,1108.185825557006,0.0015293264751390083,6.578257046569802,0.07807196198234895,39647.843982356644,0.3623965968139599,0.000458116365502087,2782.6962501115922,0.0038659728604323114,4.18585932192249
273,Training,0.0,Male,89,White,R,Tonsil,4,2c,IV,III,Former,52.0,34,66,33,N,Y,0,0.5155915318706884,0.38710959063231776,40.02780580637722,103.40174145774705,118.1185844818672,110.44002897500525,70.2353187506115,121.74152947946727,100536.66666666667,53.31306227629668,0.3402511973817312,30730.34600869491,0.3056630682871414,100766.0,6.0,150.0,3145364517.0,3.362879524813385,66.0,24.525737596058047,761.0,78.82803226835858,62.27188734295298,98.0,-1029.0,1790.0,28.150660387154698,176.67637584002415,-4.411874652337802,3145364517.0,0.1411165940778991,27336.753826712036,2077.547263129176,580524.2517574643,-8131.68776277607,145.80708096640595,16.28913941965921,0.7988828629926444,1.811169222930498,2.3503839445832155,12.91781246455735,0.5705120573743733,0.5321852207908767,0.9971889859248174,0.9776291244467965,-0.18332340558453367,0.8269482995151944,0.45592619470168166,45.22350893991973,0.03336782597679309,6.003289582808053,0.8234810991361163,0.0745077910066404,90.4470178798395,4.22483069461091,40.52405509651623,7.105744149252597,6719.526288629101,0.06668445992327869,17.748386577993642,14219.754718853581,43.81257500420959,2070.082845404204,77.89482563563107,168671.84522557212,0.08538740624109073,0.0012403606379130655,0.09836317819045709,158.6297577737055,0.00023201458577908608,9642.83538825377,0.12922658558494887,51.229494045308485,2039.702150711826,2.408051418824469,5081.787702597912,0.0027961598050088585,0.0013056404645600266,4.604678792967205,45374.78219150139,0.6061063654619543,0.740176402602221,0.5669840053453875,0.8061833040584261,1623.0933090763424,0.0011006597914348683,332.540217272029,0.03649075137408416,153.2958567479007,1498.848348513113,124345.24766816635,274126547.39756393,57.07457352083054,0.002801682157589486,4341.211565894875,0.4763756793476216,0.717547318369288,1016.8299764455548,0.001996764190211134,6.952949954759814,0.09043725065994482,124222.98178259052,1.8318708568121078,9.196019574948087e-05,3142.7260336282557,0.01990118512660327,0.6700430900608623
276,Training,1.0,Male,65,White,R,Tonsil,4,2b,IV,II,Current,95.0,44,70,33,Y,Y,0,0.8751294848276587,0.5614728062891983,27.65340938690812,49.25155604537801,52.69724850502159,49.040799340956916,55.94640292279746,64.56779382943171,29277.416666666668,43.101488868952224,0.4811015499067341,9548.51579427301,0.3261392869113455,29384.0,34.0,117.0,321711807.0,2.622583611914456,41.0,74.84897611830955,742.0,34.1671229470187,73.50697658589709,83.0,-941.0,1683.0,17.306269405648646,104.63525628005512,-6.493282780567028,321711807.0,0.22128484211502414,5545.261249993188,1727.0205472436928,68462.40999693902,-1109.6774137775872,28.742118126669315,5.049091472606187,0.7015450160323642,1.0191888651332732,1.7948931543701923,3.991741139042228,0.666245853103166,0.6461950897105923,0.9989700249622755,0.9859277852586602,-0.1866408553482636,0.7742872920125614,0.4694381996310357,41.486108400510616,0.07251301509695379,4.629630852996157,0.7471603190294138,0.1569586593023368,82.97221680102123,3.4442590936714983,8.447802399818874,6.656424057253708,1633.1212904982303,0.0555785900659621,24.817537931413028,6502.233800707868,8.952985354084957,1727.9392186223795,132.58460386604955,232995.78171794175,0.08066329079408337,0.0010015459221311032,0.06014090500971953,92.92679625816663,0.00012942825180801146,3688.4604945745205,0.19616674838454326,12.912456591089299,1713.6093765228459,3.561214786045647,6210.1400135160175,0.002822191318671147,0.0011929221469816301,4.268063988688788,9251.922126589267,0.48925546467408854,0.6391887788225931,1.070739709998554,0.7246039249440901,1231.7284848383624,0.0009945079022498926,86.9404309252218,0.055095330117377564,80.68069390430203,1488.071609632446,111097.70088719898,195959041.2294043,63.12491848993615,0.0024689408089934983,750.7934093789607,0.4757879653859067,0.7170817455377186,1056.8176916226737,0.0012575251962655774,6.402502048396256,0.05370269534440512,110750.95778295028,0.6050249849091461,0.00031992580789401605,1546.838572457002,0.002869739841955638,2.8321776442713693
285,Training,0.0,Female,59,White,R,Tonsil,3,2b,IV,III,Former,35.0,43,70,33,N,Y,1,0.706815341587976,0.4581639618710095,20.809837506665332,45.42006626117854,48.91829923454004,45.65084884205331,47.75981574503821,49.28488612140643,16790.416666666668,32.103599649343415,0.4895272734949192,6477.611249404224,0.38579216811599215,16893.0,38.0,151.0,461830813.0,3.0120234753841744,47.0,28.703333226153717,485.0,66.00625635638583,81.08749186053394,113.0,-1036.0,1521.0,21.108171662310927,165.3438560033269,-4.831204619237871,461830813.0,0.18639565518935153,20763.409381816742,2142.886447130127,237345.4554347969,-3933.039647681621,84.69767908816644,16.646963377826232,0.6696913180482039,1.695022624316741,2.247718120183697,13.695410797205533,0.61034274350096,0.579832572047149,0.9961422611764047,0.9759766373995937,-0.1644837902693013,0.7684330154760232,0.44388658555886507,46.10715898425361,0.05615441932435813,5.306533942798703,0.7103497377083068,0.12690428209771326,92.21431796850723,3.787175424070962,25.336160616498134,6.844277220577114,952.1196353519209,0.05636178507973249,26.319552370129568,3148.781803113716,33.327742014289505,2127.756763156337,105.15414668797727,235331.8549103179,0.048405658696862884,0.0008283074928960077,0.09588848820854623,146.83111957023405,0.0002917535071017694,1875.231539854782,0.1590845456206869,45.27006548261296,2083.262483488249,2.913463484404456,6355.131195886787,0.001883454959041757,0.0009814759059591572,4.462274055703819,6685.769024895043,0.5647807396616694,0.6969659713399724,0.8261657032480372,0.779098355739084,1592.2613126580845,0.0008718798574066491,60.480706344015694,0.03955572684369895,160.28355735056402,1422.0431654676258,31643.676258992808,70785509.86461739,14.168349635452872,0.003521531103202725,787.155657292348,0.5148173036575199,0.7448340137155027,979.9876001190752,0.002871805334696341,6.613905767282321,0.09051086248742082,31521.60916845928,0.4557949070416915,0.0004855181103349585,1944.5832057457872,0.02622036082542434,3.1838074427154
293,Training,0.0,Male,42,White,R,Tonsil,2,2b,IV,III,Current,24.0,45,70,35,N,Y,0,0.4637037955742519,0.39806487877095026,22.463401092808038,56.431507251192734,58.69412236331676,59.93329625508679,34.132096331752024,61.91930232165088,18767.625,26.16750410235399,0.48951542039069135,6976.81636259183,0.3717474300872822,18861.0,31.0,172.0,509494533.0,3.3104884017214093,62.0,30.596146884044483,891.0,65.59985731156951,92.73479667037803,119.0,-993.0,1884.0,27.036883493669407,164.35669765948708,-4.7331926253694,509494533.0,0.1447665959119313,18413.381552035695,2001.9731047756775,182976.07955793638,-2977.709165917889,70.76512465961721,14.519962591510053,0.6556745188658056,1.5853852764981986,2.18647842216402,11.952661836786383,0.6068993734828849,0.5755533287409552,0.9976912189045131,0.981139104846824,-0.21294495507110048,0.8527936627422862,0.4575203408531383,44.58594911261574,0.03950062284194556,5.688569655241432,0.75463461403091,0.08970852930285729,89.17189822523142,4.114718592026033,21.32127181278182,7.207093280767467,1099.067652828588,0.0582719714134239,23.82698463060613,2730.442765494937,29.54722445891473,1985.8915752081014,98.60670165950904,204998.1552939929,0.062392909177741804,0.001325280545211489,0.09040068687608245,136.2904171466081,0.0005231784296646703,1713.2810793140866,0.1286015301443137,38.853670774768545,1951.36916279624,2.7986552939738707,5679.148263635745,0.002748044527136728,0.0015890877098544017,4.6892926262180294,7670.645643065459,0.5734316574238242,0.7058643599123956,0.7690951297958661,0.784885440746156,1508.0628673628405,0.0014206444319719148,53.33031088082902,0.034540356788101696,154.66031135064028,1391.020725388601,27930.005829015543,58218316.07059585,13.46123686666168,0.007015658354755481,771.6295336787565,0.49976006067276973,0.733844003699556,955.3579236511649,0.005826182120423937,6.7816130684670535,0.08186204336991676,27780.783148121427,0.36347486122523637,0.000543898158419845,2461.6643200795597,0.016989897264916735,3.1750368102931534
302,Training,1.0,Male,70,Hispanic,L,Tonsil,2,2b,IV,III,Never,0.0,44,70,33,Y,Y,0,0.7414822778782238,0.4642483313193444,18.813109077382602,40.523805489871656,38.07886552931954,45.45327270945405,40.80441152620633,48.744230427815765,14564.333333333334,30.04768360292411,0.6045981874215764,4770.285333330676,0.32753200741519295,14610.0,29.865319078012654,190.88011864619162,197902158.00419116,3.2501258608477026,64.93460560470638,13.42185752615856,1090.5918119041824,51.06060922629118,91.32988133624612,72.55866705201302,-289.0257987137996,1379.6176106179819,30.114645027363945,116.38584311106273,1.652297358292135,197902158.00419116,0.1558248993568112,5204.517251780111,269.4736649860726,9018.718493758728,252.72191612750754,29.193840372043894,2.9638500345098255,0.8150188686144649,1.0224608162951205,1.890407577410404,1.8693513268378015,0.6442857584985742,0.6121254307099961,0.9990926776566205,0.9825815775945705,-0.29336649296246436,0.9100265049297775,0.42179500046586604,16.214680911939123,0.053568371400367014,5.497845204261831,0.8646872612136993,0.17715028660095714,32.429361823878224,4.128228842913095,8.039422601638432,7.324258852959794,794.6136892539356,0.05438834286474577,37.86832223248214,2276.6017796030114,8.392262081281936,269.3551676933607,138.19164955509925,33527.40130047913,0.5927479746942306,0.0043283150927722345,0.048695824872357955,14.984780387099248,0.0003876483096779954,1141.2569001429986,0.11932766399107181,10.408489902838076,278.39474307489087,4.0149047934089825,1018.5363414192501,0.017254682988732874,0.00439328759137151,4.820649188953237,5221.769603583735,0.5384235050853753,0.6532248723213816,1.5440748818618641,0.7587239707462433,215.32509206754483,0.0033894097866476415,30.867424242424242,0.058461030762167125,48.564035238751146,314.7234848484849,52581.85227272727,12472091.267045455,224.7518193998392,0.009716836699730157,159.12878787878788,0.3013802800734619,0.5692606940696446,192.10714442322302,0.007460730405960625,6.6890192441403284,0.036139630390143736,51816.19821797521,0.7988674275997236,0.001038484378937386,651.4538374327366,0.004932793741033289,2.9344026964110275
312,Training,0.0,Male,40,White,R,Other,4,2c,IV,II,Current,19.0,44,70,33,Y,Y,1,0.7517802929848171,0.6108076399805462,39.19945145574727,64.17642624279512,82.76472678623425,82.20097323024831,58.463663928973865,82.915619758885,70095.08333333333,48.246572523527014,0.4712764026620939,17444.832374898608,0.24887383744078972,70270.0,64.0,127.0,954971550.0,2.344161872170135,29.0,76.83718819641187,1191.0,29.541078700506848,91.0886295716522,101.0,-956.0,2147.0,12.388169648663585,116.57629269861827,-6.984330657951435,954971550.0,0.2870842268945399,5292.893582112248,1870.8300539509796,62709.95861766178,-1100.444577041951,28.36439272839755,5.719323137226784,0.6651884964160802,0.9873026303276637,1.7506561245080372,4.729328210248316,0.691802907813864,0.6755843449645222,0.9992739704024692,0.9893001520539726,-0.15688403146387403,0.7057330638637416,0.4458898977412125,43.18759970526902,0.11373317468196785,4.208514565296659,0.7108077844144637,0.2264383672390514,86.37519941053803,3.1293099576503525,8.520928966406087,6.477308587197722,3252.9423936245907,0.04629205057100599,34.39980629797094,20173.408623879324,8.554633234079393,1871.677814145439,170.49010957734453,324650.82521702006,0.09159466692837222,0.0006962924005322007,0.055373706152505045,88.38174597659176,8.318086409427482e-05,9606.596635361217,0.23156504531818475,13.564342879011146,1851.0246209967013,4.572142217824013,8648.957986663056,0.00274092727938075,0.0007926576801378186,4.248763655914088,19044.47740257597,0.45697824242979324,0.5897778896782739,1.6547411793291278,0.7008904865277863,1283.2979942491984,0.0006176744339514983,223.03446327683616,0.06300408567142264,81.01724568291361,1526.2627118644068,369293.618079096,702279457.7124294,194.31092411804184,0.001932058219647079,1560.8762711864406,0.4409255003351527,0.690347697452848,1014.8008374610936,0.0012157145889432946,6.5195119883733765,0.05037711683506475,368899.58436432696,1.6544934275014445,0.00010766839979701967,1687.4298262516659,0.002548357514545547,1.419276048026284
313,Training,0.0,Female,64,White,R,BOT,4,2c,IV,II,Former,6.0,49,70,33,N,Y,1,0.49202144045561735,0.42504053815405113,23.737782595736334,55.84827908140104,60.959002616512684,42.941821107167776,43.01162633521314,61.09009739720506,19290.125,27.478550720598264,0.5246744474618055,6629.55287245377,0.34367599341392396,19346.0,-30.0,143.0,708149925.0,3.1904088045285244,48.0,16.812940868885413,679.0,97.16371275261154,57.11759536855164,110.0,-997.0,1676.0,23.73358478805715,191.32292639075166,-3.648770455234729,708149925.0,0.18816738657736648,33342.04246203538,1896.3408829062723,460471.6654754853,-7343.036410548348,151.90892580527043,27.778491821845282,0.6903595482542975,2.280584132969758,2.5472411576204674,22.465066762215997,0.5872350179409799,0.5551491771692867,0.9945788214348548,0.9711075093351993,-0.14638033746376067,0.75684532500963,0.4203631384247738,43.18916463174392,0.05964028951517501,5.64701528865236,0.7399894938947321,0.14509431471637324,86.37832926348781,3.9681505724474073,44.92185440677895,6.924436864341398,1089.952651710948,0.056339948915070194,30.530007541446622,3640.2862607257316,53.44475395788613,1885.6883076604984,106.56559495502947,217155.27023674143,0.09578398477869185,0.00231357108079771,0.13210532438823788,169.36993272066823,0.0008058208210242657,2035.3020936430917,0.14946473686900677,69.89806960042759,1826.1814157461777,2.910782830738033,5709.591212753551,0.004645183621298778,0.0028304834612205175,4.680283490945502,7975.9547298263005,0.584524066247379,0.70308312590955,0.8714010555675427,0.7926037640382513,1408.161564737175,0.002559836810761405,79.09763779527559,0.031140802281604565,156.8665143530287,1209.9456692913386,25419.932283464568,51882561.20393701,12.55250815515605,0.007287244541869454,1440.6417322834645,0.5671817843635687,0.7808641106734194,885.114023848056,0.005285942606887848,6.613877656349267,0.13129329060270856,25361.920671461343,0.6197058606595237,0.00033806974306213204,3032.418475808054,0.045290184188147814,2.0515248511782214
14,Test,,Male,59,White,R,BOT,4,2c,IV,,Former,30.0,44,70,33,Y,Y,0,0.7304056966489567,0.594094382527627,40.87325003992059,68.79925352268395,78.29431652425353,79.75587752636166,67.26812023536856,87.74964387392122,75485.04166666667,50.25136669816416,0.39788197972624434,21708.865123019674,0.28759161608313794,75639.0,48.0,103.0,786350300.0,2.142462849368745,26.0,93.20375445350113,770.0,26.77123427232853,73.3728896468753,82.0,-1011.0,1781.0,10.936660557020684,101.96124719396393,-7.530830000270593,786350300.0,0.3361922998547298,5012.514994216078,1988.9108523062494,45653.88880568663,-688.2786572270556,19.17390085970481,4.457717293241492,0.6184094694270139,0.8046864938036881,1.5753168990128779,3.803176806205537,0.7392152968014933,0.7282008736864254,0.9991871995236058,0.9895433016178282,-0.16658512590258703,0.6939523402425952,0.4012887144895278,44.55593488165528,0.16272155494274218,3.732079016585248,0.7422199533126409,0.3462643548989085,89.11186976331064,2.869481131640207,5.907904538236575,6.377350168986803,3106.3775962135937,0.041068464630859655,43.99778726963726,25429.24936871191,8.100485555055222,1984.4007059850078,221.71669376908739,446071.8012268803,0.11306344085570247,0.000702720921501331,0.04931860211099255,85.67252940708244,7.277310300117943e-05,9777.853665015064,0.2456264064050521,14.377963927008354,1962.8792708187725,6.632379550932987,13298.715097006807,0.003769004297816646,0.0008531782869294834,4.3430320352928256,16646.618169369634,0.4158705622819771,0.5257259431693255,2.9474107377979206,0.6680353318531722,1298.23613604586,0.0006620040249995703,174.0758783584293,0.05139529919056076,97.52636772933626,1685.5500442869795,540783.8024800709,1089482368.530558,268.5578981995428,0.002065206664519528,1597.068497195158,0.4715289333319037,0.7138737421484106,1160.577607169417,0.001116211072625501,6.640627706931382,0.04477848728830365,540285.0774516119,1.7102234434370969,0.00010053592310437558,1489.7708395120894,0.0022127152557803605,1.4211479896958443
16,Test,,Male,47,White,R,BOT,2,1,III,III,Current,30.0,41,66,30,N,N,1,0.670311484941596,0.49469490978138086,9.818089695963593,19.846757065486024,22.135943621178654,14.866068747318506,18.439088914585774,24.43358344574123,1218.375,13.30350919984105,0.4912403100108339,1122.99402898404,0.9217146026338688,1240.0,19.80000000000001,128.0,13840150.0,2.7190324158539707,40.0,15.90249180515689,180.0,41.48343392299688,79.8258064516129,98.0,-452.0,632.0,18.008945593047955,105.6475806174594,-3.2009216699985443,13840150.0,0.22186004162330908,4789.251914672216,525.387706114476,4439.707756834743,-213.28138160448117,18.21143614395801,8.668591498586819,0.35984774491260807,1.6161911684087116,2.366408801506448,5.984113897474519,0.5906918594303784,0.5542964689822913,0.9895307321441004,0.9491734307871341,-0.11514905966296715,0.6593579544031803,0.4198907055571919,22.869160995997234,0.06652425026464158,4.970025777903678,0.489838100979224,0.15705931335935508,45.738321991994475,3.484903800445954,6.720006910636209,6.1506729550242545,85.64032258064516,0.06906477627471384,21.048467741935486,275.10645161290324,7.781237643080124,523.4008064516129,72.17096774193548,40708.13629032258,0.129660881317884,0.0029704896181869766,0.15495096565884048,60.582468177629735,0.0013877828315621088,183.1640017725784,0.19301032698412512,9.55255360893277,511.6576340800738,2.2257896432989046,1200.1439174816428,0.005540807539683094,0.0033414089318249815,3.851608611382574,606.4980983083825,0.6363318405560224,0.7634615384615385,0.48142896771892596,0.8241212630758299,413.3470933618137,0.003023424823491257,15.364583333333334,0.08002387152777778,22.453748914930554,379.703125,1540.2604166666667,860883.734375,2.7699622554777275,0.009055374480439587,104.51041666666667,0.5443250868055556,0.7631900569661737,270.9232144122057,0.008459000952546687,5.103792319886007,0.15483870967741936,1498.5503472222222,0.23279190297126454,0.005103343834611241,316.9825233058601,0.0354081337357697,3.339015718570298
18,Test,,Male,68,White,R,BOT,3,1,III,II,Current,40.0,41,72,30,N,Y,0,0.7941767425617391,0.5464321976510561,16.562537646898974,30.3103252665129,31.400636936215164,35.608987629529715,27.51363298439521,36.124783736376884,6855.166666666667,24.07175538614599,0.6170422888168368,2828.2288010602674,0.41256893356255875,6893.0,40.0,103.0,47042852.0,2.1987036059112777,32.0,45.8225536471264,172.0,23.851036282379756,70.49035253155375,77.0,-537.0,709.0,13.400701759427262,82.6119136387825,-5.13902649266593,47042852.0,0.2857043907715477,1855.8384750389305,649.1016002289027,857.8964327751241,-43.091496437780606,5.450996923325411,2.584538337152634,0.3565782135401468,0.7870275800430234,1.5799045754565442,1.9574277913543356,0.7101174932111808,0.6969233690071159,0.9972480577930267,0.97529725167149,-0.13826629998885331,0.6478217100996946,0.44979130002984025,25.463402429859187,0.11321909839319369,3.8645346827579385,0.5367349321397947,0.2363051184802615,50.92680485971838,2.9093532129522206,2.0088838151195096,6.312980357418985,337.24807776004644,0.04892616825185644,31.132257100510635,1969.360365588278,3.040103108490398,645.0335122588133,164.195995937908,108133.9126650225,0.2504441462651035,0.0017919616857351606,0.056634810009178485,28.147612497526985,0.0003392264845687603,1002.5390736092963,0.24425959250082568,4.576576257812871,636.2116317863272,4.350758613641585,2842.5675929931576,0.007084075079411015,0.001975968785703272,4.000186600037839,1854.4669823116635,0.4484415344636247,0.5947951656641632,1.4572137508309266,0.6925598932319208,434.22913628450385,0.001505707155424742,31.379888268156424,0.08765331918479448,22.872795792890358,471.768156424581,36046.92458100559,23807918.318435755,54.696464047057084,0.006436216936605362,179.268156424581,0.5007490402921257,0.734087420782396,317.77877269782755,0.0059527583046553425,5.316458049935127,0.05193674742492384,35676.200750600794,0.7153728086650241,0.0011668433125031207,304.4300929362551,0.00573128784782981,1.8665820121035084
28,Test,,Male,51,White,L,Tonsil,4,2c,IV,III,Former,203.0,45,70,35,N,Y,0,0.9499010099423991,0.7840846156551358,27.59784165755396,35.19752984120827,46.87216658103186,43.41658669218482,45.89117562233506,48.394214530251446,17192.625,33.43416914364147,0.606301367274181,5313.210683927994,0.3090401078327477,17254.0,65.0,122.0,183275207.0,2.026981208779488,28.0,186.19403198574787,199.0,20.726384115504857,93.8791584560102,100.0,-923.0,1122.0,12.092478746194384,103.06399257468198,-10.646524961235649,183275207.0,0.31361486790301696,1808.8901730254308,1709.2744214512275,12406.713243500875,-235.71759047163653,8.096295321320842,1.8763253693384978,0.6200164646489655,0.640273417789466,1.3888450266682566,1.4604460487729531,0.7378361385317282,0.7286158536121259,0.9991633023238278,0.9865259825274951,-0.17639613434889748,0.6975640230617777,0.4400344548500393,41.32456068694986,0.136355622213058,3.5936457027026374,0.7223707219776784,0.27091634535518283,82.64912137389972,2.781824093928101,2.493155172664836,6.2407379657796715,801.5889648777095,0.04645815259520746,33.60587051182672,5411.110930798655,2.9593379676909928,1706.504346818129,197.49750782427265,341281.4576330126,0.11457525228893897,0.0006785081232977744,0.033924074413323575,52.192541660128036,9.969936183549728e-05,2492.3152066338703,0.26430408046175635,4.80453848128922,1693.4454074690116,5.526374278626327,9517.759932984884,0.00338500483953968,0.0007591289809469398,4.005333314650254,3847.0896759964667,0.4045879567231166,0.5460762721687725,2.0866931343799395,0.6549901896156267,1101.9439494863943,0.0005564960183742968,44.44298245614035,0.0974626808248692,54.52157875500153,1470.8223684210527,194703.69298245615,337033751.05263156,112.56161132368037,0.0037818189214149007,199.49561403508773,0.4374903816558941,0.6874199985037679,970.2779948949477,0.003333030772654395,5.7190015614900345,0.02642865422510722,193271.99998076333,0.7110169615619927,0.00048778320057454074,579.8301471241888,0.0020881315850822747,3.711081791034902
30,Test,,Male,59,White,L,Other,3,0,III,III,Never,0.0,41,60,30,N,N,0,0.8650575527672537,0.6143637703118701,17.682804741282585,28.782303898399228,34.17601498127012,29.832867780352597,34.48187929913333,42.37924020083418,6009.166666666667,24.898349373352623,0.5052623312350929,3163.564566812229,0.5264564526660206,6052.0,55.0,115.0,51453108.0,2.1857105959224388,30.0,43.549725580664926,684.0,20.906960997637132,86.00925313945802,88.0,-185.0,869.0,12.596027952899455,92.20539803235684,1.7603547477724344,51453108.0,0.2885473942727688,1104.2438006979826,144.26372435937145,320.0157358743961,0.8532469233339504,4.2124599899136745,1.8020978499754021,0.3999097330479611,0.8287110825547113,1.6697861176881323,1.1050062661605669,0.6779651406890514,0.6583152554243319,0.9986489634627996,0.9782296331673348,-0.09488798274290634,0.5520086788169263,0.46704826421995127,11.985867856163795,0.10558172407912296,4.028721700039491,0.5688248697839893,0.23202984263176654,23.97173571232759,2.8800812769441313,1.5036394599722693,6.2087201620660455,320.62227362855253,0.05297790377206751,27.65564927709575,1746.288830138797,1.8577757911276975,144.9471249173827,127.62921348314607,18728.465631196297,0.8823437011226206,0.0075436871265397295,0.0541828764517065,8.280544119693388,0.00070986120982002,983.634516899055,0.24849827276937123,2.4901321156786875,144.27743364679026,3.433908420362343,500.13911676114856,0.024790443061381853,0.007843994683852345,3.7379479883569307,2040.7826773502222,0.5119154114617608,0.6538969952717475,1.050276972699429,0.7412734950234957,106.48758565723125,0.006027520906744321,30.679715302491104,0.10918048150352706,16.73142437405808,153.06405693950177,35188.725978647686,5140431.466192171,243.03965012829565,0.014671773260054512,98.65836298932385,0.3510973771862059,0.6136990853753033,101.5852718337899,0.010700726813993224,5.6023990749915615,0.04643093192333113,34724.86782082294,1.414978913938173,0.0012545966251275265,251.5022623375226,0.0033886842832115847,1.2799910327487094
33,Test,,Male,53,White,L,Tonsil,1,2c,IV,III,Current,62.0,42,66,30,N,Y,1,0.44935520578661553,0.2716525898584078,15.64801862388509,57.60305334118564,61.68468205316454,59.30430001273095,33.54101966249684,62.185207244167,11884.583333333334,25.884231888065862,0.5191138287750932,4851.516353899961,0.408219305450335,11951.0,62.0,103.0,90655785.0,1.6671290952422098,20.0,196.6457025380216,206.0,14.764761593341557,82.04493347837001,85.0,-673.0,879.0,8.662465423545354,87.09548426179599,-10.237182276942212,90655785.0,0.4149494672206996,854.2522693265933,951.3885450707586,2630.574323635378,-70.30877456303325,3.743018438517385,1.591392659918325,0.40360803050360833,0.5906157940064232,1.363749059638305,1.2387189484777867,0.7575682238806535,0.7490790986673108,0.9989048153868885,0.9845868760189406,-0.08836593408593561,0.480899846193882,0.40650601133591824,30.835865947288088,0.21054983129810884,3.0741193041615626,0.5443880393290219,0.4083138782857731,61.67173189457617,2.321914395601578,1.3336027746089274,5.887734989241112,495.478453685884,0.04145916272160355,42.974219997323885,4959.061082754582,1.4372384556549878,950.1091958831897,218.58162496862187,209177.02627395198,0.22885831035084225,0.0011922840534373197,0.04176603929115613,36.48462752689792,0.00015339985673195098,1972.5710181840518,0.31186915538308957,2.439244558762234,944.6396248431846,6.1743645697959835,5896.980430790155,0.006742018028056356,0.0013200832454812429,3.7271080148176616,2603.9866772813434,0.408548398449313,0.5287809838893429,2.5151812802670386,0.661294130284603,621.1696762684894,0.000962099601213911,62.002444987775064,0.15159522001900994,20.070743240415826,847.6528117359413,137623.0684596577,131815016.9804401,143.76676603170927,0.004569264426709093,179.38630806845967,0.43859733024073266,0.6884769956180281,567.4890355828337,0.00375700784943461,5.0430449575797125,0.03422307756673082,136769.25720195362,0.9613600409794233,0.0006601721576531764,273.7778705848677,0.0018038125740723922,1.982350455199907
40,Test,,Male,57,White,R,BOT,3,2c,IV,,Former,50.0,44,60,33,Y,Y,1,0.6809129774605012,0.5333343269361981,31.259626300002076,58.61169011861037,67.35725647619564,62.64982043070834,52.172789842982326,69.3685807840985,46214.333333333336,39.90946043265522,0.5557814336482079,11205.499436762884,0.2424680532755974,46345.0,51.0,94.0,275996420.0,1.7970275147514974,21.0,103.36137230660238,208.0,16.23259868743015,69.97393462077893,73.0,-685.0,893.0,8.883550749046467,77.17031644911545,-7.446400946639807,275996420.0,0.3714972834401923,1058.9062145435732,985.3681339530957,805.2816332602818,-31.07948705408052,3.3655417086486725,1.372528637859361,0.4198530655029772,0.5922934800089945,1.3501183174295925,1.0186056377545112,0.7525739784984258,0.7451275920797027,0.9990598626822617,0.9848483282753594,-0.11873252569544099,0.5657333115768499,0.42427630042904735,31.382636196301632,0.17339072981453846,3.2008064326608485,0.5478114905548898,0.28113046649183104,62.76527239260327,2.4677059381378332,1.184517586627008,6.062983099127154,2096.103463156759,0.04522825468026236,37.1450608291203,17217.04160103571,1.7826418351642048,982.7772143704823,224.8448160535117,222220.0092350847,0.22784889576612097,0.0010573379906055225,0.038067728730907247,32.343621913413436,8.002709007244963e-05,7361.193011867768,0.3102144661492187,3.078679908108136,976.3487509682604,6.570567134438123,6475.567235003661,0.006751845851500188,0.0011007938504959613,3.9693917615588292,9124.52356045006,0.38203439339345824,0.5115247682514916,2.6670626848845744,0.6372246229812225,616.7160630527425,0.0007340365110414825,173.35880829015545,0.11227902091331311,23.05908044511262,814.9857512953367,502094.05764248705,496052978.5220207,508.7213477629366,0.0022870508153935007,678.8031088082902,0.43963931917635374,0.689630428222757,536.6185964529869,0.001919314967880164,5.595544515707072,0.0333153522494336,501193.0858777249,3.310555201852408,0.00014963571174922378,411.59137716479177,0.001529170622831417,0.696303791845732
50,Test,,Female,44,White,R,Tonsil,1,2b,IV,III,Never,0.0,42,66,30,N,Y,1,0.9429272782907601,0.67638124121096,9.813783279254043,14.509248159638377,16.76305461424021,18.439088914585774,17.26267650163207,18.466185312619388,1262.2916666666667,13.681165877213035,0.7749596913803344,728.8611816453422,0.5774110697966071,1278.0,72.0,114.0,11355116.0,1.53951147904575,23.0,11.635588339962135,138.0,13.32272403329733,92.58998435054774,94.0,-58.0,196.0,9.516849112426035,94.26063490474036,-1.499015433469482,11355116.0,0.3992471609346568,312.16209061008374,52.844166097533,8.540260915463488,-0.8694358682938156,1.3789150406522366,0.6087034217103293,0.38677953189434605,0.4956613885488998,1.1782410349822492,0.36062252348212076,0.766565066367956,0.7621202788933452,0.9928346727925386,0.9513501667346774,-0.10296424975489224,0.5026379797804906,0.42940067872297993,7.2561266004351115,0.18553517136049752,2.826992734933176,0.4920347356504803,0.3088024760433908,14.512253200870223,2.2072280251922494,0.49690461559064136,5.763847662261983,60.539906103286384,0.04737081854717245,33.8819507201442,510.2378716744914,0.5699486433467786,52.64006259780908,191.2097026604069,10391.082942097026,3.597298557167027,0.02082610004530416,0.03703534424250308,1.5854970630098686,0.0020302139730658765,253.89124487032416,0.3571524164474566,0.7440664989000071,51.55897892437001,4.984696781825459,266.7114720636622,0.09784140760948823,0.022303029347059238,3.3841645632009576,290.9180312357637,0.40575967428892495,0.5560370771638378,1.6735866337300132,0.6558168403081505,33.01799013887651,0.01572581562386806,8.128205128205128,0.2084155161078238,3.784352399737015,41.02564102564103,16272.820512820514,867872.4615384615,310.6463466948983,0.06241506289125336,17.871794871794872,0.45825115055884286,0.6936433913012549,26.67059677164367,0.055042341749755065,4.015920808494885,0.03051643192488263,15198.998027613412,1.8140945833004187,0.005690498098659634,19.300839430025796,0.006700282191175007,0.40425421892086727
53,Test,,Male,64,White,L,Other,4,2c,IV,II,Former,80.0,47,70,33,Y,Y,0,0.5818225756108732,0.46740424961437776,34.11611971664987,72.99060662113507,91.4166286842826,75.96051605933177,52.92447448959697,91.9565114605812,54641.833333333336,42.46758273970887,0.4059273503921929,17154.812883630264,0.3139501703572098,54752.0,36.0,123.0,686271169.0,2.690980014149009,39.0,53.38907263801259,676.0,38.45770356517617,77.78793468731736,93.0,-957.0,1633.0,17.128616558389893,111.95613138334566,-5.818613879049898,686271169.0,0.2257315855398646,6483.212571406605,1831.6260977853287,56483.97403918359,-1048.9333253936297,31.144479880560013,6.669638772964259,0.6478429307982067,1.1017449391897105,1.8944044481045397,5.4305757038895495,0.6751293163867579,0.6542114577015378,0.9986091853335685,0.984781932419435,-0.1867384554065414,0.7785223172718544,0.43183717819147505,42.72595362992881,0.08200487307143309,4.7361276256238645,0.7054623386296553,0.1727654533536813,85.4519072598576,3.489723429735273,9.453529663381072,6.8857093718681295,2520.6926504967855,0.046038366644082146,36.181585845157045,12359.255771478667,10.46677136313401,1828.1375474868498,158.33511104617182,297285.7838069842,0.08477952646108272,0.0006510207778166724,0.06726969519309733,101.29880073724959,0.00011084777567179899,6272.6940911012125,0.1865298786471439,15.783342162931953,1800.6271351213384,4.204326559165402,7814.209918266736,0.0024429379216050237,0.0007212460036139938,4.4835367965680755,16373.741428022797,0.48426367831349226,0.6133727464820393,1.4971365240308228,0.7219114079146733,1282.0882921469104,0.0005690113397678932,169.5262550490479,0.048911210343060556,76.17121903686258,1447.5421234852856,172224.85862665897,324824514.6846509,91.39333766709369,0.0018638837822259283,1599.6526255049048,0.4615270125519056,0.7063994811724744,974.9192093109385,0.0014504152358245882,6.5825664815148714,0.06330362361192285,171975.31708203908,1.1721905958507672,0.00016625621923598266,1670.3183474715295,0.003996536421961554,1.374998712394865
71,Test,,Male,58,White,R,BOT,4,2c,IV,III,Never,0.0,44,70,33,Y,Y,0,0.538209667139608,0.4617916887252009,38.65930611313724,83.71589843866222,97.71898484941399,93.7709976485267,57.9396237474839,98.96464014990404,97399.25,45.05670583296563,0.6461720191147746,15843.08375969883,0.1626612500578683,97488.0,46.0,106.0,670305845.0,2.046417189405138,30.0,101.04132505563871,258.0,19.180282393882027,77.64131995732808,80.0,-835.0,1093.0,12.747322331313136,82.92031110161675,-5.294193507416933,670305845.0,0.29871761990429857,847.6034284727133,1417.9752673186765,775.6587342299008,-22.716582356180734,3.9799283963100796,0.9985978899989226,0.596734810583859,0.5629152490638965,1.2951082061029626,0.6728969241080157,0.751397193089513,0.7439184880184997,0.9995236439661942,0.9879363926311048,-0.21347489525304553,0.7451747274179372,0.431750151399601,37.64611428477221,0.12634303358593402,3.6118730619662927,0.710772283932062,0.26297583433344035,75.29222856954439,2.853093943510065,1.2446315715772505,6.423711164216235,4538.881605941244,0.04655836211576034,33.85694576491147,29121.383329230262,1.4376680971280025,1417.22341211226,227.35073034629903,322400.5012309207,0.16066067963209724,0.0007210841020949806,0.022694312468428336,30.12770588020517,3.0449252610939493e-05,12935.287700715275,0.26328728836888665,2.1223533919460946,1415.0994638774246,7.21289042121841,10223.8434344159,0.005127808620636128,0.0007366923019388485,4.168569772037066,18299.060717767457,0.36406231496574876,0.5034536795061167,2.8314510301027487,0.6127779921441268,864.9735155638361,0.0004634568522256798,169.40203562340966,0.10776210917519699,23.99034106727787,1273.1991094147584,1719909.8091603054,2455011587.566158,1206.088174890688,0.0016139227252984602,477.22773536895676,0.30357998433139743,0.5639591709712303,683.3730033132547,0.0012822014372534042,6.0758075634271895,0.016125061546036434,1716063.915797448,3.7908134408813345,9.511351367881825e-05,493.7227790504155,0.0008192745451643722,0.5841465878780733
81,Test,,Female,60,Black,R,BOT,2,2b,IV,II,Current,25.0,49,63,35,Y,Y,0,0.643817228448992,0.579850161387214,18.053397767920032,31.134591261869602,34.48187929913333,31.953090617340916,25.298221281347036,36.51027252705737,7290.875,20.044986255109094,0.6833132274951945,2661.035887576685,0.3649816911655577,7333.0,73.0,125.0,82395488.0,1.939471767674341,27.0,82.67116537876969,166.0,20.398748261414784,97.73953361516432,104.0,-568.0,734.0,11.162189943506444,106.00122217543762,-7.254387732513682,82395488.0,0.34428975910146836,1683.2426713766488,759.7178843621665,1853.9678079966022,-70.37627873663465,5.364427580985912,1.8181698792521073,0.49359805675615454,0.589726364943224,1.3699299748583347,1.4645005758142335,0.7690794527996586,0.760728064408203,0.9982279633983752,0.9819241712735368,-0.1801849036216854,0.684253291376868,0.3811005970291967,27.546885979020683,0.17620670102509492,3.3233916683447933,0.6202677930499209,0.3503850000984866,55.093771958041366,2.6235421795923872,1.795649365059505,6.273283834775125,286.68989499522706,0.039095853674516165,50.65361911278377,2524.676803491068,2.7680182108125155,755.0966862130097,246.61925542070094,190272.99522705577,0.32065137894503964,0.0016777742221979943,0.04102674875167647,24.952021907368813,0.00038874280401539595,968.4166763306391,0.2638162775275306,4.908899957151833,740.8536965514413,7.469265181511511,5732.874817729424,0.010461950729489411,0.002055632949104306,4.124652770939324,1470.6343282975458,0.3981817064300039,0.5000472049428821,3.369128413798733,0.6537425141301253,475.8101506644321,0.0015998532792958478,21.7578125,0.084991455078125,33.94163513183594,569.97265625,69905.30859375,53873709.859375,90.83578303615137,0.011156083433047869,111.4296875,0.435272216796875,0.6858574309903617,361.6021525210828,0.010334114784935358,5.544804652437636,0.03491067775807991,69084.79942321777,0.7059039347327838,0.0011639519690409207,230.70950606338803,0.004725207601767175,2.269476594810375
88,Test,,Male,54,White,L,Tonsil,2,2c,IV,,Current,38.0,44,70,33,N,Y,0,0.332349092080873,0.19966630689918916,14.054097324298427,70.38792644867365,68.6804193347711,72.09022125087424,30.805843601498726,72.26340706055866,12342.5,23.393363448671955,0.5009772037774417,5155.469841825351,0.41770061509624073,12409.0,-27.0,313.0,906257032.0,4.202007609911787,76.0,10.235151838303922,1111.0,129.68829519874953,72.66983640905794,67.0,-1008.0,2119.0,43.64311861536418,270.2447728396598,-1.393891052028684,906257032.0,0.10229313791540787,67751.33212344008,2070.7943975199214,1494404.217731852,-11437.212952005373,368.8906077812804,39.51386767268861,0.8052518149805873,3.148459079969916,3.0571119604848294,29.321464454963913,0.5148249678444058,0.4692436233807822,0.9949838464809295,0.9677491269233781,-0.24710175936678389,0.9299590842451742,0.37073558879144713,44.59197321154049,0.02411279063728936,7.316798298651928,0.8889713634957664,0.07834169257442933,89.18394642308097,5.1836933395119145,102.10111886349227,7.766181816483286,861.1718107824966,0.06939896935953715,26.647403648971476,1269.355548392296,108.45763212436032,2082.2471593198484,76.48811346603271,141707.2356354259,0.40056863530780645,0.003619916063025241,0.1711159950444967,431.5276706522316,0.0005600089491857414,795.7236249074448,0.08354379561032553,118.71155142566742,2142.774317072358,2.2674000017831544,4516.889709229045,0.009242798788936605,0.0033290671145610224,5.392899372116698,6281.485400510734,0.6588847398147184,0.7669309496209327,0.5596281046055325,0.838518697420694,1835.707250835982,0.0026327627970776997,51.95656068069861,0.023267604424853833,241.67612266356804,2598.7286162113746,3934.270935960591,7571245.120913569,4.047655276649458,0.0032588919970238705,1057.8186296462159,0.4737208372799892,0.7154491564554354,1863.6189777199238,0.0024867329986730303,7.337168395430902,0.17995003626400194,3903.389596952764,0.23876891562205224,0.0006676332703650504,6905.1237535666105,0.06263108901363702,4.764883919446097
96,Test,,Male,53,White,R,BOT,1,3,IV,II,Former,1.0,45,70,33,Y,Y,0,0.5858204643327952,0.35622379640200325,12.105432023976638,33.98265962646555,32.31098884280702,33.1058907144937,22.20360331117452,36.15245496505044,4436.541666666667,19.90773744163938,0.5974942550718827,2185.311915170116,0.492571033782721,4470.0,42.0,96.0,30891372.0,2.1099643374671264,27.0,72.05093377180688,212.0,23.482060367651105,63.26935123042506,68.0,-814.0,1026.0,11.311509265252218,83.13135074392854,-6.9483017461283865,30891372.0,0.32332347391759125,2907.810671391179,1312.143914397588,5509.494932240219,-157.1021020243695,8.051081819331925,3.367498040410557,0.39592182928670877,0.7541006635184028,1.550478304152122,2.7797316922534727,0.7425091805532534,0.7302464212288498,0.9982815545499165,0.983556597077151,-0.1608269230698067,0.6547298166117912,0.38969670918193866,36.20734885676757,0.15443545918222323,3.591328310599402,0.7542029902629701,0.2982200362400936,72.41469771353512,2.7128463088159673,2.8546449649356203,6.328372356789767,181.9543624161074,0.040705673918592256,45.472253001616544,1445.255928411633,4.7065415471775545,1304.7042505592842,204.05190156599554,269538.59686800896,0.15489006618588347,0.0010161273038398451,0.05422356417387777,58.61336128843528,0.0002941456612410203,624.0945777868444,0.2505806543451107,8.142674630373618,1290.981673092557,6.118905960274593,8055.161171842133,0.005115677168294081,0.0012366408326336194,4.139494134565869,1098.5492191531182,0.4343342974430685,0.5541214937188091,2.529181374513101,0.6797706592085451,868.1984352378508,0.0009934623816227743,18.832635983263597,0.07879764009733724,46.831182927469754,1052.702928870293,24746.251046025103,32632488.945606694,18.78379206106854,0.0055191011299249955,89.0836820083682,0.3727350711647205,0.6337810471589392,607.3389848942952,0.005195565793311075,5.9352026480935525,0.053467561521252795,24396.451497697868,0.23870345812537228,0.001890343239096892,462.7557687838707,0.005401914792252897,5.84913882094272
110,Test,,Male,56,White,L,Tonsil,1,2c,IV,II,Never,0.0,42,66,30,Y,N,0,0.5567505360499416,0.4845087449194395,17.584064134205295,36.29256296938261,30.083217912982647,35.35533905932738,39.824615503479755,42.261093218230876,6866.041666666667,20.20590388783003,0.6088353343671751,2869.383291211773,0.41790939095841584,6903.0,70.0,130.0,77670587.0,2.2350614060596925,29.0,34.00600022728451,326.0,22.056574108857934,99.14689265536722,101.0,-424.0,750.0,12.400647688012834,106.07410033414288,-3.1360518761495566,77670587.0,0.2866733069739869,1421.6084384828998,466.80616573071217,737.1168557688087,-23.461384265315434,5.714087660448011,1.2270094354124164,0.6416432672772724,0.5789722368821105,1.3728807472083242,0.8832293321402414,0.7623285012990302,0.753535004425813,0.9987717412823395,0.9824428269225655,-0.25310973570732626,0.8002252387839381,0.392657471927043,21.579706875245805,0.13484151231264213,3.714656610233936,0.7789694693278781,0.25547068288268415,43.15941375049161,2.9818680328316103,1.7352742739651068,6.546818827522344,301.2934955816312,0.04364674715075057,38.559915321706434,1978.9058380414313,2.373812661027505,464.0291177748805,218.5969868173258,102890.21483413009,0.46703347465877404,0.002408656590449643,0.03543939315311379,13.271370504741403,0.00031881735305536586,852.0897237060873,0.23529851146868958,3.851972319497647,458.4382970422782,6.1828760186526175,2895.8076984085656,0.013743782470321968,0.002662454595932405,4.365247173222891,1383.0600474584267,0.3756707052129134,0.5223927166560804,2.2878256005850464,0.6265813257060256,283.1717309919355,0.0018602586962127403,17.78448275862069,0.07665725326991676,24.44127155172413,362.0818965517241,54162.40948275862,25248983.237068966,116.53298945416826,0.009469774128408522,75.50862068965517,0.325468192627824,0.5910043308505287,186.85650319278074,0.008396173105576624,5.922709299853687,0.03360857598145734,53277.09049866231,0.6018508230368853,0.0015186705493595023,190.19057605065083,0.002592899971666821,1.8739519430087617
129,Test,,Male,54,White,R,BOT,4,2c,IV,II,Never,0.0,45,70,33,Y,Y,0,0.7701443912406771,0.6543640872046462,30.11699945889982,46.024835481964665,48.507731342539614,52.773099207835045,46.09772228646444,53.4696175411794,33063.666666666664,35.44576890421,0.7093639430067994,7022.887167860723,0.21240497125326058,33121.0,64.0,112.0,273245658.0,1.7798131180974874,24.0,58.719891617745624,400.0,15.39150714862709,88.08502158751246,89.0,-548.0,948.0,10.415391128955207,90.82907982300223,-3.123442427760664,273245658.0,0.35552952516460734,490.9507134207773,679.4200711502363,80.54395205494826,-3.351279919971935,2.0204206571064005,0.9434231337574566,0.3629829816161182,0.6342415231454809,1.3615959160411393,0.5370345333019904,0.7170756231607912,0.7068606422258419,0.999388199434192,0.9843181599550337,-0.07504311389834842,0.4600856006407637,0.4796374690900096,26.060522237217217,0.14441569795899556,3.341586620157649,0.5457710183756174,0.2861780543990965,52.12104447443442,2.4656621452167795,0.7409609477159644,5.89914302559246,1693.037559252438,0.05111674041401039,28.51897935217341,11775.493402976963,0.8658518769270253,679.2087497358172,176.88110262371305,120300.18607529966,0.26064408979535036,0.0015113802061599364,0.03650839977574281,23.935084816454356,8.934781936398374e-05,5734.333133507899,0.30375619555302585,1.1992975981402614,678.2581108254733,4.86700955855696,3307.6992928795476,0.0072397385693158105,0.0015404861495893162,3.6335830429185014,8132.983075599696,0.4276160731706267,0.5699846483639243,1.7303306850593725,0.6752738733690588,457.1449664782933,0.001062151031499651,171.56516976998904,0.18791365801751264,9.061006347404954,644.3439211391019,413263.92223439214,281462522.96933186,607.6940796067516,0.002775192954961924,415.7316538882804,0.45534682791706504,0.7016747309455375,449.31976463236845,0.0023063274888415588,4.662269508141363,0.027565592826303553,411947.89363807905,3.6781709926689765,0.000214492895365028,218.45449835357667,0.001266277019047792,0.3200580768618327
134,Test,,Male,70,White,L,Tonsil,3,2b,IV,III,Former,8.0,39,66,30,Y,Y,1,0.4784152495551444,0.405108871640827,23.35658930395966,57.65509209748389,62.0966987850401,62.03224967708329,36.76955262170047,65.55150646628954,21549.291666666668,27.583075273942587,0.5197884753928017,7204.648729167235,0.3343334361338513,21628.0,41.0,103.0,142099055.0,2.291377028854269,25.0,22.19076121028125,323.0,22.10930463695196,72.20385611244683,72.0,-547.0,870.0,11.178540404074129,81.05641924940336,-0.7593008067895309,142099055.0,0.2922953454872851,1356.7462640281221,650.1752815628416,556.1674639657595,6.00509182630741,6.432536429972135,1.4874989367714595,0.622825101725734,0.7561813252733831,1.6069616716104476,0.9051455058381216,0.699194057547283,0.6816561331204338,0.9988089679162084,0.9795044722797799,-0.1663452727734455,0.7085664157956362,0.4450311807997316,25.47427749884816,0.12230674439851759,4.068453388646608,0.7887305171434223,0.238185538077616,50.94855499769632,3.008937837089481,1.9800088416858987,6.451320729347396,999.5859071573885,0.046217214127861506,35.082339560855985,6321.763732199001,2.2509141557794736,647.7017292398742,166.44692065840576,107308.74889032735,0.2591738424731675,0.001660605985882496,0.041222964163233976,25.686443510774648,0.00016599027234711562,3022.7783849327043,0.2331935408082827,3.185683233861785,648.6249693582985,4.602753300052566,2971.503008933866,0.007344013211126397,0.0017330625311945706,4.130156182573109,6103.224505906997,0.46753070013112275,0.5976369663257032,1.7104016701294866,0.7080669466975269,459.37621328529974,0.0012793360640920319,76.48849797023004,0.10350270361330181,15.505809152184224,606.6075778078484,173877.2449255751,111976886.661705,270.4387851567021,0.004582554305450541,206.25845737483084,0.2791048137683773,0.5411459205229436,320.1719258323846,0.003798629560201167,6.130983765329469,0.03416867024227853,173020.71242819814,2.0243995037745317,0.0003712542659507891,275.2476803485003,0.0029354066865792433,0.5307726875189455
145,Test,,Female,48,White,R,BOT,4,3,IV,III,Current,27.0,44,70,33,Y,Y,1,0.7798863793352565,0.5234682190712135,25.539288846990488,48.788613934012446,51.61395160225576,47.885279575251516,58.412327466040935,67.3349834781297,28362.541666666668,38.04957547378261,0.481990596243316,9331.303691359604,0.32900096899024756,28432.0,53.0,97.0,196527104.0,1.7322558918008746,21.0,198.93096019385152,898.0,16.12299329181668,75.79368317388858,80.0,-853.0,1751.0,8.907373984057703,83.13952176182197,-7.242338176548858,196527104.0,0.4056913360440367,1167.4976697206682,1492.1449989932046,2386.63979631706,-42.91427280319116,4.089186691195558,1.4334001128361795,0.47954078179343446,0.5212814601004906,1.2666992842705773,1.1574499962339866,0.7817668017053371,0.7755806179974548,0.999727431913771,0.9929064726746735,-0.15536412916449266,0.6195621523526345,0.378797781672675,38.61969529165256,0.22683394680476074,3.01486870195433,0.6790178480045205,0.4216205659623076,77.23939058330517,2.3820760972644988,1.380646701007935,5.9836492648410005,1126.3591024198088,0.03961589414813621,49.22537652356329,11534.616066404053,1.9385634373231522,1488.3458778840743,260.59271243669104,392545.5260973551,0.17315064976317338,0.0007185290174960033,0.034545220563709775,49.246988088957096,6.940529147740543e-05,4053.7934023201783,0.29719187732916974,3.596254181396124,1474.2814432136392,8.820950825140097,13269.92722860789,0.005964285912979414,0.0007754977929778273,4.0223331396891675,5315.656772399706,0.38681640734830314,0.47928931647980605,4.364919119598806,0.643017956012997,941.7483307120153,0.0005358237415424144,106.610513739546,0.1273721789002939,39.60775027156497,1404.720430107527,379274.3178016726,571212224.6953405,251.94465361682518,0.0022487971840273193,316.9952210274791,0.37872786263737046,0.6393784838327785,895.5659348096299,0.00198733071422853,5.721757720863311,0.02943866066404052,378120.42914259696,0.9107073064917269,0.0002881452670372745,653.5324983140745,0.000633888284249651,2.840684338296823
147,Test,,Male,61,White,L,BOT,2,2c,IV,III,Current,30.0,38,66,30,Y,N,1,0.5345037828468046,0.41381467095840235,16.074050347942734,38.84359708831719,41.48493702538308,24.186773244895647,42.7551166528639,42.7551166528639,7403.791666666667,20.76204958308266,0.6097336364302235,3012.867947050655,0.4069358083933104,7429.0,69.0,108.0,61004355.0,1.6183547999609922,19.0,39.776999723247805,152.0,13.523921317615981,88.0507470722843,90.0,-274.0,426.0,8.180920699431413,90.61816022434176,-3.707050760864703,61004355.0,0.4278488033737826,458.7169024570936,227.5288825026454,42.92211548435303,-3.3203321258524716,1.65435508718369,0.8198811786638251,0.33633247051403603,0.5304505491362242,1.2931760253670175,0.534855987866594,0.7651453778312148,0.7578411402400665,0.997564109624179,0.9727553383444698,-0.08230156172926864,0.4503201369629265,0.40545147470758747,15.077142356956573,0.22283047659756702,2.935221294048179,0.38168575005954986,0.4193941542258638,30.154284713913146,2.239922134423177,0.618559066461879,5.787437141136873,312.1506259254274,0.04201785246001176,41.62957392983274,3178.488760263831,0.8045065956736651,226.9771167048055,222.74559160048457,50837.0250370171,0.9791204227543294,0.004634927713034071,0.04068182265456551,7.878473913312116,0.0003963910027946758,1234.1320566507907,0.31860140129008097,1.3025924167237937,225.3391864186243,6.4434142483419485,1466.0646651236307,0.028821010236321047,0.004862583275388942,3.712622104429095,1540.8563558235433,0.3941305331962939,0.5208486492643176,2.6463538026081435,0.6469523758644742,144.29680342571302,0.003314232238223286,42.2,0.1562962962962963,6.859039780521263,186.0222222222222,83787.45555555556,19108753.892592594,368.0916434015858,0.01050545293974764,111.34814814814816,0.412400548696845,0.6673861127146169,117.41865894064073,0.008788327338002637,4.786753828264974,0.036344057073630365,83030.39052126202,2.2647533358559255,0.001071640805402597,73.64065595278099,0.0030043918163200995,0.4678795855668187
148,Test,,Male,52,White,L,BOT,2,2b,IV,II,Never,0.0,44,70,33,N,Y,0,0.6825011517378471,0.43069073033593286,8.251782639763093,19.159415465772426,24.041630560342615,16.64331697709324,20.396078054371138,25.03996805109783,1289.625,13.0763231220136,0.6721981844616907,852.371823596018,0.6609454869407912,1309.0,20.0,118.0,11500567.0,2.7632337316734117,51.0,41.71236823188042,168.0,36.614558317250086,66.99847211611917,77.0,-619.0,787.0,20.8633533818719,93.73241418967237,-5.011206231921157,11500567.0,0.18720779512582866,4296.970203929894,808.1761255451881,4536.846723460308,-144.9728496665916,11.135391655582161,5.685589307980142,0.3247267382365422,1.3472680763791929,2.0774909078782113,3.8183008683553217,0.5770278294170177,0.5372413111164198,0.9952045106571588,0.9621759745114465,-0.10236957617175474,0.619033441816301,0.4744936427896676,28.404427679260078,0.04789086039259268,4.958762638583585,0.6348203881030517,0.10218592971953419,56.80885535852015,3.3703620580383005,4.2052452408905765,6.171558959595021,107.79602750190986,0.08234990641857132,12.315017207660894,245.0550038197097,7.008480397506597,801.8693659281895,59.032085561497325,49047.15431627196,0.07270891186766466,0.0024779087696287757,0.09787274236044163,64.95239954459385,0.0013567578967742708,177.55363891933823,0.17480738685086752,8.51882824804991,794.5812849648725,2.090676071894775,1697.1900849675799,0.004178748063964382,0.002850577739684192,3.8049483993550868,655.1756436430903,0.6399054829604404,0.775577363812658,0.4012673840365351,0.825268867672322,650.4399464936315,0.002636855262585393,9.833333333333334,0.08194444444444444,40.016041666666666,639.0416666666666,2378.5583333333334,1969485.8916666666,2.8973842453073515,0.014767233102806919,51.233333333333334,0.42694444444444446,0.6782423817263958,400.48135973909604,0.014289395402592987,5.438100234037408,0.09167303284950344,2259.5665972222223,0.14099914158149557,0.005955370991458219,466.78239072639093,0.022476836395900805,6.871519229311174
149,Test,,Male,57,White,L,BOT,2,0,II,III,Former,1.0,39,66,30,N,N,1,0.6859020327885634,0.4404505313683974,17.97588685459015,40.812498962692665,52.392747589718944,38.01315561749642,39.20459156782532,52.54521862167861,12651.166666666666,27.993376001692035,0.5398757657191211,4863.445007967147,0.38442660160199826,12707.0,56.0,108.0,111677145.0,2.01716767063582,22.0,75.50318566286386,270.0,22.883789453341883,78.66128905327773,87.0,-742.0,1012.0,9.803928147763404,93.74770320630299,-7.0471424058358565,111677145.0,0.36612505440634197,2601.033460933762,1143.013444015303,5072.062884471302,-155.5192247909694,8.133889334663978,3.447744290613941,0.40234097984615913,0.8201142582327038,1.640212777307565,2.767882389425777,0.7183735383674856,0.704100118469682,0.9981519157110079,0.981632039344258,-0.08845153124844121,0.5121438131562237,0.41920187779035867,33.79114740065293,0.1824033147321774,3.5446640270796355,0.5809439400943318,0.377309293085696,67.58229480130588,2.603754155512514,2.895408406319481,5.973613136977715,535.1391359093413,0.042113727544608584,45.45177997633448,4652.351066341386,4.230545574431972,1137.323522467931,192.2015424569135,222459.58023136854,0.1663980603947767,0.0011045402212462598,0.06294043228198395,60.106343198523405,0.00028425967375719725,1851.8119829650375,0.25431976280595286,6.965867025979528,1122.6510952978283,5.320797571268182,6120.962761011776,0.005023184727329237,0.0012844869923208132,3.9645441968398325,3419.358190655146,0.46764401965592073,0.5725372447651507,2.2314656055534483,0.7099481172851417,787.277416579859,0.0010329672430078908,61.26379542395693,0.08245463717894608,37.70016429700987,917.7846567967698,73998.11709286676,85884026.90444146,63.783643579225085,0.004829590995205467,316.9919246298789,0.4266378527992986,0.6791029516953617,589.4098862705442,0.004490809019635148,5.822994148284895,0.05847170850712206,73705.62883729525,0.7423960404610275,0.0005723265382738886,614.3366567924211,0.004080955205103127,2.540299211378122
151,Test,,Male,81,White,L,BOT,4,2c,IV,III,Never,0.0,50,70,33,Y,Y,1,0.9103220894938778,0.6217957343961988,28.128849850006603,45.238087516507996,50.44799302251776,49.33558553417604,46.861498055439924,53.60970061472084,31360.833333333332,41.18123035273447,0.6083102959025332,7905.88853545335,0.25209433854712676,31396.0,63.0,104.0,234105470.0,1.674336783229783,21.0,67.13616250923603,585.0,14.046412566528165,83.4179513313798,85.0,-491.0,1076.0,8.650241308215621,86.3512483640203,-2.731926861014497,234105470.0,0.41516949362457556,497.98348970026865,571.2986967369723,89.1900117978481,-2.9454996999082157,1.9639862729695836,0.7990034343191501,0.4203087852580372,0.501407609473101,1.24217119054273,0.5448606739423573,0.7757192502442969,0.7699854322989551,0.9995934663543115,0.9889883204878138,-0.12463050337924002,0.5613416898397612,0.3974097357240638,23.89576183442477,0.21835565870086898,2.9982179216424467,0.538155801913761,0.41739395081363695,47.791523668849536,2.3402883089506346,0.6907474268221832,5.935349657622909,1321.3952095808384,0.042088011516780426,42.63828774764657,13034.661421837176,0.8752903433502414,570.1314817174162,255.33016944833736,146453.71378519558,0.44593696831428836,0.0018298702742767323,0.029240104359716544,15.71175941477567,0.00012280873989505873,4576.378904019277,0.30496997836508577,1.4732647196937303,566.8965502172662,8.138343168762272,4662.167352332957,0.014381985747429014,0.0019197335509336597,3.967473567244362,5493.079910656948,0.3629696143030997,0.47754000999637386,3.6278618037897226,0.620160591587542,349.5353630078684,0.0012536690276495417,92.43697478991596,0.12946355012593272,12.392455021224176,522.8739495798319,553102.4005602241,316800848.3893557,966.5343916557988,0.0049256712736288595,290.0560224089636,0.40624092774364645,0.6627249037292999,342.8655694197078,0.004267322344777439,5.378585411888631,0.022741750541470252,551168.864761591,3.24731830185464,0.0002629611819201086,178.15363519387978,0.0010569127465236139,0.40511498300734844
153,Test,,Male,70,,L,Other,3,2c,IV,II,Current,110.0,44,70,33,Y,Y,1,0.8019206091887873,0.7484781385689084,28.70023979841483,38.34479368133549,43.965895873961216,48.75448697299562,46.238512086787566,51.332251070842396,19343.75,30.74948030815492,0.4433012537291769,7861.0207998248925,0.40638556638836276,19441.0,-252.0,388.0,2480905057.0,4.464506136443253,112.0,5.971924206224679,1274.0,195.88030252935422,39.260480427961525,56.0,-1004.0,2278.0,64.26846356359951,357.22823024953914,-1.25024231063433,2480905057.0,0.08627341964716458,126070.62316378336,2021.9299782249468,3190745.3826908288,-28426.147035412134,701.995544558912,86.3796523601637,0.780869218281289,4.564625258237449,3.464513701400749,64.26477813939363,0.48687462896049916,0.4404091009403982,0.9909500263448996,0.9581652987362401,-0.22982641939184217,0.925519762611622,0.3221996819304979,43.22064971380856,0.021262809598904444,7.906755241505365,0.8945973900070869,0.0992224301651102,86.44129942761705,5.467628880128917,197.093799229769,7.948291223267297,1478.779640964971,0.07606499876369378,33.91341249060354,1677.2415513605267,201.84921406561688,2058.6208528367883,83.57671930456252,136770.31438712002,1.2045807441356227,0.007800753731795892,0.21412609866774096,561.5819435104456,0.0007988630600034587,990.1934232672313,0.06621318125107344,201.23834145703856,2166.2753307790013,2.40916512228149,4524.514794450038,0.025138759669774233,0.006402510574795838,5.63962940530405,10196.466787616431,0.6810250217900997,0.7674146233376725,0.6928994659273869,0.8502688254953378,1903.041515119169,0.004749085338369686,98.31228861330327,0.022167370600519338,279.37297987083883,2686.2322435174747,3719.7048478015786,6730334.491093574,14.46989959822772,0.0035552931639856746,2304.112965050733,0.5195294171478541,0.7486412029132282,2028.0835032710145,0.002600121206074528,7.297191786541291,0.22812612519932102,3700.489424672299,0.4032876369975295,0.0003942940888896284,11562.28953639011,0.15598427347575403,2.666569397760327
155,Test,,Male,60,White,L,Other,4,1,IV,,Former,15.0,44,70,33,N,Y,1,0.9307520505450478,0.8012994033411978,42.63093256674089,53.20225172885646,75.13321502504735,68.41052550594829,63.694583757176716,77.35631842325486,68115.83333333333,49.51810489024697,0.46120421279392615,17488.648201009506,0.2567486492520267,68248.0,48.0,112.0,615301162.0,2.273054094997035,32.0,143.88070197119654,1264.0,24.338894905972975,79.26468174891572,84.0,-964.0,2228.0,13.454200629842235,94.9508601138584,-7.464713145566115,615301162.0,0.27458715832942887,2732.776063604612,1830.9928167089763,16568.12012861489,-259.94012605958983,9.778272223248187,2.348902295372419,0.6030691525429268,0.7264195962457466,1.5157217821453677,1.8149496856541718,0.7175487874838513,0.7048154534011994,0.9997184739652737,0.992186740266511,-0.17091769083827643,0.713888744397605,0.4474023547569993,42.768385477523005,0.10974342068826601,3.9614230573521856,0.7063627191874478,0.23642508067262438,85.53677095504598,3.012049766015921,3.03179362965515,6.5792374536472025,3053.3876157543077,0.04473959113460186,36.339540918850425,18740.024381666863,4.4524998955384305,1826.9347380143008,188.1929433829563,347763.92632751144,0.10313985302612544,0.0006984920214699057,0.0440132692752544,75.03947409802129,9.108850756850894e-05,8923.728595445144,0.23150135523909404,7.1089657514124935,1814.2629814376755,5.240276553340424,9649.402732546061,0.003153955079427101,0.0008046150571114415,4.209864326122047,16951.986470172516,0.4371060520993185,0.5645045670540922,2.047421692835433,0.6845960817109401,1234.6432526639906,0.0006230123993077187,189.8896769109535,0.07481862762448917,63.62024353545572,1665.7643814026792,470542.40661938535,867177012.7431048,255.53316497563785,0.0026640560230196146,1102.0780141843973,0.434230896053742,0.6852942670746023,1127.1578245334135,0.001840083789446943,6.310575864176686,0.03718790294221076,469819.3095150715,1.3603992260826132,0.0001261186484282119,1540.63896999787,0.0010062624594744897,1.9324046877981882
157,Test,,Male,74,White,R,Tonsil,2,2b,IV,,Current,84.0,44,70,33,Y,Y,0,0.9034875242711603,0.7631130113796702,18.28805599174876,23.965069025208816,29.614185789921695,27.073972741361768,27.85677655436824,30.033314835362415,6382.125,21.652140882573384,0.809144799495418,2056.3707350374025,0.32220784378829975,6408.0,59.0,104.0,44027033.0,1.73460360218711,23.0,31.277398533893095,169.0,14.704322468325332,80.30820848938826,80.0,-238.0,407.0,9.747108057908886,82.88929732924107,-1.8876453724074527,44027033.0,0.36298893315315905,421.22726096027753,188.49763781735967,33.14871368049876,-0.882954678824076,1.849141789012954,0.7732948613382532,0.4096455588955751,0.5588426971245578,1.2806181751944683,0.4585208750015332,0.7447503073745383,0.7374841497704983,0.9974348184168561,0.969500221982512,-0.10209957228103496,0.5279416809506695,0.44922899919501863,13.719644020759311,0.15798899997289167,3.1867886613541296,0.5216831760181623,0.27427636229775704,27.439288041518623,2.425049733978656,0.6556091625878018,5.97217336858345,296.8988764044944,0.04633253377098851,34.09921236095331,2326.033083645443,0.7562209369608215,189.31694756554307,199.27465667915106,37213.7211298377,1.0754343997477205,0.005713819142761408,0.03361297699698972,6.118416538406167,0.0005515615263952159,1096.33998737814,0.31423394764264656,1.0450695807808645,190.47131447893247,5.459523379936065,1023.5527233956325,0.030068777358312947,0.0060076709923061865,3.6839985773175545,1420.1898840477343,0.4048362795557238,0.5441515413425526,2.0241453023041966,0.6568639978808799,125.47733553240313,0.004177624223870555,33.959537572254334,0.19629790504193256,6.587456981522936,176.79190751445086,81716.46242774566,15402576.514450867,435.94241014689317,0.01927025187426739,62.3757225433526,0.360553309499148,0.6214774588428948,107.4775085966581,0.0170590881739339,4.667122339210573,0.026997503121098627,80344.46657088443,3.008090076103918,0.0011611197725056343,52.99312900215092,0.004441866542803917,0.3419387796605076
160,Test,,Male,55,White,L,Tonsil,2,2b,IV,III,Former,4.0,39,66,30,N,Y,1,0.8572578691453163,0.6260024106497213,10.15257070488545,16.218101611379108,19.209372712298546,16.401219466856727,17.46424919657298,20.396078054371138,1414.8333333333333,13.903095228953076,0.7241666647305881,841.6194896976441,0.5948541569308358,1432.0,71.0,121.0,14504563.0,1.951889199431571,24.0,45.198609912242716,160.0,18.760028167035987,94.33868715083798,98.0,-291.0,451.0,10.357483555405633,100.64236074604129,-5.226919570173221,14504563.0,0.33265289004712717,1229.0968831926282,267.4873097455255,367.8556274687468,-23.66106554347219,3.568295294231061,2.09106326723016,0.2643780290327941,0.8347582047517673,1.622534360341128,1.3848594622467152,0.6770426468626014,0.6585974206474059,0.9949108619245397,0.9606220197501598,-0.06491810002303641,0.4402389844924028,0.47955233248247464,16.34373583573518,0.12556413704067526,3.6326586096247153,0.55511294118882,0.1949630430857026,32.68747167147036,2.5630037404451502,1.4148396403653047,5.813802883243074,82.46368715083798,0.057586373708685745,23.730320136699856,476.35893854748605,2.0484140437252267,266.8149441340782,116.25,31549.173882681564,0.4317979245490713,0.004913500377636292,0.07183120616091554,16.29488494405819,0.0014388493229266094,281.7087522480921,0.2940806269696745,2.830280797321772,264.5560782719276,3.1248589293458773,841.1441491033345,0.013395762926018176,0.005518121905933996,3.4383252563641684,498.8837973757963,0.5184303080823377,0.6685109583154275,0.8562481157444078,0.7461868792694842,195.7278959383733,0.004575045387586232,16.584158415841586,0.16419958827565925,16.845995490638174,223.23762376237624,6408.712871287129,1742139.0792079207,23.68439215951427,0.020401413179769692,41.15841584158416,0.407509067738457,0.6616163443897561,136.49640508102308,0.01902099211991802,4.6715090900788665,0.07053072625698324,6207.691010685227,0.4787707599006873,0.004262944956175223,141.19377062698447,0.009172614712363329,2.501618349117921
161,Test,,Male,71,Black,L,Pharyngeal_wall,4,2b,IV,I,Former,40.0,44,70,33,Y,Y,0,0.5544611210204784,0.4975789372302151,31.992167457869467,64.29566258562836,60.8276253029822,76.32168761236873,50.60632371551998,77.49838707999025,36241.208333333336,35.64944515398193,0.4931200454681692,10739.89198591999,0.296344754488824,36317.0,35.0,100.0,253863382.0,2.299154759159579,33.0,94.23274807575194,1307.0,24.092555345676047,68.4761957210122,69.0,-720.0,2027.0,13.869960558573107,83.60746346284901,3.7682680278938063,253863382.0,0.2670561855038844,2301.2185662692627,1044.3282874579056,9990.325818653655,171.8814019358958,11.202671776681065,3.279657164225851,0.5477049184794668,0.9042304649702153,1.6834944432670125,2.452786759548103,0.6706285614364847,0.6521808362304242,0.9995292856036475,0.9894028887398171,-0.1297521957157853,0.6577128174252607,0.48610928580879176,32.28540718142066,0.08925903796160481,4.244584200052131,0.6511806222464492,0.18268824449725476,64.57081436284135,3.1038883351248034,3.6205822352267285,6.326044429648961,2039.9550899028004,0.05617080402849355,23.574752874271635,9698.679488944572,3.7693247592736148,1044.3926811135282,132.18550541068922,137665.05165624915,0.12730285295584726,0.0010005463055136237,0.052452851294537785,55.52408136061481,8.613010546455883e-05,5487.231118602352,0.23688719784380738,5.386124737844681,1045.6737215775854,3.552395730300754,3704.7731817833774,0.003479649964662724,0.0010221091636928423,3.932884406358402,11338.957679314297,0.4876311515504502,0.6376289129269828,1.0681647156614373,0.7236886068956979,757.5950664234509,0.000755974299320183,135.62396956246036,0.08600124892990511,48.334618318416,1073.2276474318326,207472.3582752061,216366328.19847813,199.23413530179923,0.0017888107406841816,721.9435637285986,0.45779553819188246,0.703537847346782,749.091122308688,0.0014891851139355317,6.015610295185091,0.0434231902414847,206942.01563615206,1.3234715724961152,0.0002092109562312135,1240.8333790004056,0.0014158496577501183,1.955743219050227
162,Test,,Male,41,White,L,BOT,2,2b,IV,III,Current,6.0,44,70,33,N,Y,1,0.687804046475313,0.46361114291192185,12.151008715210068,26.209483747284633,30.0,24.331050121192877,27.784887978899608,32.69556544854363,2913.2916666666665,18.02698897741132,0.5637231685777392,1749.8771138942818,0.6006529088439876,2943.0,2.0,127.0,35256308.0,3.0240890316440803,45.0,20.87630031649062,407.0,48.18671348670382,70.66598708800544,89.0,-682.0,1089.0,21.138714831815392,109.45189489121205,-3.3851951565019514,35256308.0,0.18904190377161545,6986.035564154778,1005.1160215423347,11388.961782151122,-357.84174167282134,24.1088854680496,7.670845124223977,0.5103436771805016,1.499796003257252,2.2996031305658593,5.361794586178366,0.5958878132626493,0.559222362827625,0.9964489490683403,0.9698060915607536,-0.14814782946841104,0.7367862047691841,0.425939704981479,31.63858922638258,0.05892546360572309,5.307738181161053,0.6613243541623872,0.15158581295839724,63.277178452765156,3.7370104885747577,7.944932648068393,6.6093428688753555,176.69147128780156,0.06003787675426489,26.558240503188397,556.3503227998641,11.20027677301507,994.085626911315,90.46585117227319,94561.36051647978,0.087355190107476,0.0014960873284706078,0.12126171236074444,94.10390452353103,0.0006205592169420168,333.4935704338783,0.15454785066959062,14.400794039484158,975.9458847180402,2.5960011917269106,2640.326788243129,0.003234889677627042,0.0016955314734891128,4.317925735914132,1317.8136139981425,0.6084797051110418,0.7309914007161714,0.6883376954221883,0.8072282677789914,775.1945105684894,0.0015087622255180106,20.36813186813187,0.0559564062311315,44.384585195024755,765.3956043956044,3733.980769230769,3903780.2197802197,3.580774851722249,0.005076408842342651,158.5164835164835,0.43548484482550415,0.6858696935492347,476.91965993131714,0.004693822182738679,6.022120879158501,0.1236833163438668,3668.610878818983,0.1643404889415868,0.0030058260877661087,745.6503077891671,0.016775059926247254,4.986539459431699
163,Test,,Male,46,White,L,BOT,2,2b,IV,III,Never,0.0,39,66,30,N,Y,1,0.576974853297116,0.2863043224019531,9.359624483135091,32.6911742184415,36.22154055254967,19.72308292331602,34.92849839314596,36.932370625238775,2202.3333333333335,18.861985448795746,0.47415437598876337,1726.4462538869268,0.7839168702377448,2238.0,21.0,121.0,26509225.0,2.7221362027541125,37.0,28.63875280053566,172.0,43.45316177392524,70.92269883824844,90.0,-778.0,950.0,16.79289259259259,108.83497317115177,-4.407937231828091,26509225.0,0.22902526112856095,6815.022174664441,1277.1838557561787,8827.981745518238,-308.36024968725553,18.236892250306827,10.0971054774821,0.29676514517994834,1.5234643883967762,2.2362922814444453,7.684035056894735,0.6132737881655533,0.5823081410796863,0.9941927163263077,0.9659747625086149,-0.1031764486615398,0.6073676002929985,0.43538475785353076,35.709194693031726,0.07770125945592722,4.758987757892232,0.4918768581381738,0.18194272442629658,71.41838938606345,3.351224536268875,7.08349943194723,6.3174199585651,136.79714030384272,0.0611247275709753,25.29097376455584,512.5585344057193,11.043289361352096,1261.2882037533511,87.9964253798034,115876.43297587131,0.06748641964387356,0.0013129537171623308,0.13533110615959304,133.83610095592218,0.0006426247486970778,315.06880193487643,0.19137204204021505,14.35449466367008,1241.0761358454363,2.5245744404811665,3247.2486025145076,0.0026791375577461243,0.0015166589870675984,4.000054572942496,998.1123866712865,0.6038761678143242,0.7338970234412595,0.6359770059382597,0.8044935982502377,983.8649868746325,0.0013674611080537824,21.72077922077922,0.07052201045707539,41.55931649519311,977.5616883116883,3266.064935064935,4307374.418831169,2.482660640983589,0.004700190639590655,147.74675324675326,0.4796972508011469,0.7183310935473817,641.2579797455418,0.004449335551923166,5.540331505126211,0.13762287756925826,3213.2667819193794,0.2033337834060933,0.002740322572180834,701.2602473698734,0.032477309715167664,5.182860766928167
165,Test,,Male,60,White,L,Tonsil,2,2b,IV,,Former,,38,66,30,N,Y,1,0.7002639493188089,0.4490403633264569,13.931120659632201,31.024205834040213,29.410882339705484,32.01562118716424,29.410882339705484,37.69615364994153,5770.958333333333,21.72513290182463,0.6416132414506975,2424.987096576122,0.42020526860665064,5808.0,34.0,81.0,28429294.0,1.876918755592383,20.0,78.42998026646418,311.0,19.406489054709382,57.858815426997246,65.0,-685.0,996.0,8.664015930906995,69.96321101348055,-6.571499034232285,28429294.0,0.39665543963299404,1547.2083727014697,958.7265182365868,1465.440066993251,-57.82183544717429,4.839841476200957,1.6766875594166621,0.4765008836702588,0.5473178936607407,1.3421195546502234,1.370109945577089,0.7913113191787222,0.7830217940708386,0.9990751577441155,0.9874842083078904,-0.19413583635632348,0.6765992170889812,0.3353364601439162,30.950522940171034,0.2402951706821736,3.071085893662978,0.6569628375320914,0.4464687784764561,61.90104588034207,2.4469327781601744,1.6291322589044042,6.118660978536596,222.24586776859505,0.03826547310065342,53.42633937041337,2303.7747933884298,2.570263319473852,952.3624311294766,270.3391873278237,261748.05905647384,0.2796757068551637,0.0012468817804105789,0.04042979757159401,31.25916111977714,0.00024306268457912751,724.454616971351,0.2628216196633887,4.93249120516531,934.8951645593822,8.97602839769233,8644.063676040581,0.00975555216451112,0.0014946464448642163,4.287267450885174,1029.0284283950323,0.36773602347682605,0.47200148336511977,4.101022112810127,0.6241621864233539,571.4430364257428,0.00110497781041108,19.61946902654867,0.08681180985198528,28.676482105098284,749.5752212389381,57378.58407079646,55488950.482300885,59.36657480668002,0.006232172836326665,81.42477876106194,0.3602866316861148,0.6237964744903652,428.5050934661767,0.005779063184310123,5.796576442786552,0.038911845730027546,56718.139556738985,0.41133126311975027,0.0015026014825136377,230.65841418592603,0.002996136316399411,3.07415726949812
166,Test,,Male,47,White,L,Tonsil,2,2b,IV,III,Never,0.0,37,70,33,Y,N,1,0.905645981063163,0.6206847474270208,17.170953066981085,27.6645320159088,29.154759474226502,33.015148038438355,29.068883707497267,34.597687784012386,7734.791666666667,25.05427223820101,0.7444269689688038,2540.7451582183494,0.3284826880558105,7767.0,62.0,116.0,69487247.0,1.9106736957259327,25.0,91.65185062251858,168.0,17.700188718719296,89.92107634865457,93.0,-501.0,669.0,11.131498815805665,94.58579104791673,-6.287517153408035,69487247.0,0.3296352109442701,860.6718964596015,631.8528994049333,419.2725115572038,-19.22738048119683,3.236374414371664,1.2661629399362846,0.43603452968536816,0.670751691147755,1.4178510964180466,0.8104961993537823,0.7127644224230356,0.7014727604315986,0.998480712546589,0.9774418096168352,-0.11316421027739933,0.5738243117528026,0.4760386504858319,25.12688391025064,0.1302776386360944,3.53929731562449,0.6694298878390785,0.24059099849459314,50.25376782050128,2.6356989840928198,1.1256343385769871,6.0432713453104245,403.00566499291875,0.05188691450919515,27.361156427175555,2560.276683404146,1.4656284261078947,632.5767992790009,162.95004506244368,103598.89069138664,0.2572664866920055,0.0017653741932022497,0.039112978374485255,23.05742411106682,0.00024215159670063174,1332.7739190375007,0.2903780495835085,2.0913522318099327,630.4780743506248,4.402172446233593,2792.622501146422,0.007267128702496247,0.0018965920984807473,3.6842211670737637,2046.7661455935458,0.4424999430769715,0.5906052232819324,1.472385320703785,0.6872508452957056,431.73154424411854,0.0014023185739136484,39.15833333333333,0.16315972222222222,20.291041666666665,573.7166666666667,79909.67916666667,51183787.666666664,125.00232095304669,0.007440818259755997,103.84166666666667,0.43267361111111113,0.6836929308843814,381.50629199466914,0.006892078943812423,4.985956084726205,0.03089996137504828,78862.34776041665,1.1192037332721532,0.0009292994153615424,196.95229908212494,0.0033894568954247776,1.3790151672108557
167,Test,,Male,44,White,R,BOT,2,2c,IV,II,Never,0.0,45,70,33,Y,Y,1,0.8106923521768326,0.6690680739850141,23.73634774233266,35.47673049314308,44.27188724235731,38.05259518088089,41.593268686170845,44.553338819890925,15135.208333333334,28.760714091029723,0.6376101478860446,4640.746433426673,0.30661926358859765,15182.0,52.0,111.0,116174641.0,2.1401751438478644,30.0,74.66341647702696,353.0,20.757836533119313,80.33625345804242,84.0,-731.0,1084.0,12.617121559103381,87.47645523223586,-5.2649291607260675,116174641.0,0.29203731040584097,1198.2166003225327,1141.4590681470274,681.5733224104382,-26.577995559453186,4.501481457808935,1.4503911596357246,0.5113987436633156,0.6785427931268395,1.4520906652872219,0.9850661787888204,0.7179021806396629,0.7065026406295905,0.9993083787663447,0.9855604385902847,-0.16153062537336296,0.6899907561348342,0.4616690590737411,33.77419545620663,0.11393672817481441,3.824107234672293,0.6463931553101503,0.23883536906449043,67.54839091241325,2.903664214032749,1.4879681543611647,6.395650241720107,729.624950599394,0.04805855293106271,31.570690880999987,4433.710446581478,2.0047981171013154,1140.0382690027664,176.03899354498748,201983.68403372416,0.15381146347909336,0.0009528177972689671,0.04134203992359036,43.265815669940004,0.00011150825430229968,2214.8394534046824,0.25306596671965714,2.9523878661717413,1134.863781114533,4.727415052408372,5409.4270313610305,0.00426899038677971,0.0010116244486751953,4.004185440453974,3830.9051099184903,0.4345254364980517,0.576173201057933,1.6551331911676466,0.6812574872357055,769.2709743483151,0.0007328918090296651,49.87861271676301,0.09610522681457226,24.00200474456213,1020.8092485549133,121805.82273603082,140126467.84007707,106.01294256376865,0.0030868326348201156,218.23699421965318,0.4204951719068462,0.6740151703506063,665.4721420584482,0.002778619703039808,5.650509157163806,0.03418521933869056,120950.11933427629,0.9473166851017244,0.0005458598498725006,337.8053715224047,0.0022002087749713193,1.325142138500835
168,Test,,Female,57,White,R,BOT,2,2b,IV,II,Never,0.0,44,70,33,Y,Y,1,0.5307759045334783,0.4825980693844501,18.59614700843908,38.533405307978775,39.35733730830886,29.206163733020468,41.78516483155236,42.23742416388575,8616.666666666666,20.45260305709757,0.5814993206681255,3495.3803566523925,0.40565342630395274,8657.0,63.0,124.0,82105227.0,2.163791925979142,31.0,29.566152738374193,178.0,20.985756298042013,91.86380963382234,95.0,-474.0,652.0,12.764892469458394,97.38715846881936,-3.113730088283696,82105227.0,0.2873325663659639,1045.2991141917844,540.4101650221717,215.71219185753745,-14.689194449495353,4.061428328167953,1.5687298677725965,0.4423390996436847,0.7924455317603216,1.602717893316623,0.9334225405204598,0.6809542220923799,0.6631495633536352,0.9979189098275836,0.9725573714413359,-0.10004148319657197,0.5652431054262669,0.48040814247340463,23.23331480370696,0.1059302831589095,3.9510771925433192,0.48452801120783495,0.2100097649748328,46.46662960741393,2.8735724083392373,1.4075395489851372,6.133063070962534,465.5375996303569,0.053775857644721835,26.00873288142135,2487.438027030149,1.7474861945940208,539.5727157213815,133.6940048515652,72788.3826960841,0.24654316723961453,0.0019989667367847274,0.05377181732332925,25.52333518757469,0.0002427320510961368,1365.8334073374451,0.24656137947346293,2.373493621871387,536.464759967147,3.58015052799134,1941.1833722796275,0.006846066669636329,0.0020879486407650947,3.7743658246920258,2740.708905226838,0.49207993072241646,0.6393403293022099,1.094159478210528,0.7266140442311095,387.36954555578257,0.0015838187199041023,40.59090909090909,0.10250229568411387,12.270195643301705,453.1641414141414,51797.99747474748,28229629.17929293,95.2847599990137,0.005032444820572987,170.4090909090909,0.430325987144169,0.682056446298878,296.5798499228264,0.004353388001713263,5.274180345625275,0.045743329097839895,51320.08929573513,1.5929622141950401,0.0008642688445539139,143.23867884691535,0.006252913825699352,0.5619757128642072
171,Test,,Male,66,White,L,BOT,2,2c,IV,II,Current,,38,70,35,Y,N,1,0.621686889925009,0.4084084998917465,15.728799935789501,38.5124206277749,40.70626487409524,37.94733192202055,29.274562336608895,42.261093218230876,8804.208333333334,23.94266700356514,0.6391835393371984,3225.9087812653643,0.36640532108399265,8841.0,51.0,81.0,43758153.0,1.4071884868938904,13.0,83.99184049587566,362.0,12.37696741517286,64.28627983259813,67.0,-382.0,744.0,6.032287872637979,70.35238030315426,-5.479714452507837,43758153.0,0.5289819525359994,816.731639604535,365.79240913321877,337.9079320657956,-13.985454532509095,2.1942387030899666,1.4679792885162681,0.1927362815329405,0.4555220477566484,1.1926685904818801,1.2574642041200177,0.8241757328823636,0.8189376759027664,0.9986554045906166,0.9865054595577571,-0.12026025435792459,0.49603123847437486,0.29677411821833005,19.120947608814692,0.35182773082753965,2.4168793741844055,0.49671243294635087,0.5631796811754556,38.24189521762938,1.9129516093443892,0.9155544979015589,5.5802956212309525,360.6482298382536,0.0407926965092471,55.52105777135941,4676.729442370773,1.3774640294334626,364.7668815744825,321.2578893790295,117019.3855898654,0.8844194206703389,0.0031027562888197653,0.03576582028392785,10.846175430083905,0.00023317816638781922,1246.6447462771425,0.34087718101281567,3.11197987280823,363.58504335311966,12.87173553130405,4681.189977802933,0.0364400036896311,0.0036050184607981117,4.09379115717144,1233.7541543218967,0.33380641498663555,0.41148321195827126,6.494025287766836,0.5954891737536,214.49348456596692,0.0024838180752683346,34.28338762214984,0.11167227238485289,17.305074854905623,299.26058631921825,132514.80456026059,48188633.1465798,364.68267669012545,0.008327620566991671,126.46579804560261,0.41194071024626255,0.6653272197063292,180.32983520457753,0.004546592665437234,5.249825191515279,0.03472457866757154,131685.4771297308,1.0417108315926402,0.0009719164774109667,163.58148229453093,0.0015225054264229481,1.2861358974945662
172,Test,,Male,53,White,L,BOT,1,2c,IV,III,Never,0.0,38,66,30,N,Y,1,0.7288281400608739,0.6638229871421049,20.654086682306577,31.113846736803566,33.421549934136806,33.97057550292606,30.4138126514911,35.14256678161116,8509.166666666666,22.676647047323634,0.6023443448916406,3346.29306929542,0.3932574364072573,8559.0,18.0,92.0,73632997.0,2.3839652612654474,30.0,50.111927263233866,166.0,35.156049715246354,52.28566421310901,68.0,-924.0,1090.0,13.522749961843827,92.75230807432062,-6.032185927323146,73632997.0,0.2801481141306802,5869.1999709076945,1589.4717413550825,14791.607505990463,-401.2059733364959,17.302897564162354,7.075035334917563,0.41897603780811316,1.1466425551292085,1.898192608658964,5.7480933284015805,0.6629907406739775,0.6422860839094828,0.9968027957024733,0.9767253005549692,-0.10980353364243572,0.6100845141041217,0.45586764619883713,39.83609427156118,0.1083793128271524,4.21301334233611,0.6026277694092526,0.20117463073810166,79.67218854312237,3.043404868328071,6.094483224769979,6.314199287632505,420.08050005841807,0.04908055848328286,32.48436994946563,2397.787708844491,9.462498287352895,1578.4424582311017,136.6702885851151,222525.0801495502,0.08424932972546535,0.0008365298619349308,0.08824288064301884,111.67900038958575,0.0002644810724267936,1256.463004674918,0.22702173732374073,13.888119459270742,1553.0367423996104,3.6010509111293247,5783.446931035638,0.0025602612645269705,0.0009580352184733497,4.046964547976162,2873.5599776280806,0.5176496204327173,0.6458788319987059,1.1773890165747705,0.7468753965927607,1142.7275393790635,0.0008013610587282583,51.44993141289437,0.07057603760342164,60.309193306500624,1226.5925925925926,26604.816186556927,43357535.183813445,16.33911973250861,0.0031086205162629455,374.51714677640604,0.513740942080118,0.7444160515600874,861.7308347758496,0.0029076174748664803,5.774999226728024,0.08517350157728706,26466.971193415637,0.4484035435768759,0.0007577200675994281,1003.4958917093746,0.010809412527852533,4.252768742106625
173,Test,,Male,65,White,L,BOT,2,1,III,III,Former,26.0,42,66,30,N,N,1,0.9844029080224014,0.6807628338595572,13.353779196910772,19.615905176847075,27.459060435491963,22.67156809750927,25.553864678361276,28.337254630609507,2514.0,19.30995409957994,0.5479580887041244,1631.7249889112002,0.6490552859630868,2548.0,2.700000000000017,129.0,29370863.0,3.092176905466587,66.0,27.725130158078464,566.0,48.94902456816563,67.72723704866561,85.0,-692.0,1258.0,27.434780702416404,107.36398975044396,-3.9187356497080184,29370863.0,0.15494776584707065,6940.0476568872955,1001.9863306079351,7825.1285478864875,-253.30775479852298,19.68602401378414,9.620008390731886,0.34047335838788667,1.554265005249526,2.2672681112215782,7.171851468058505,0.58038020382564,0.5421785091819911,0.9966505406704564,0.9724577045191356,-0.1371872732289861,0.7292661861318434,0.45286343470970924,31.61425077777788,0.04071563585480496,5.429339242901177,0.6185877272348183,0.10676608183003806,63.228501555555766,3.768870277783861,7.32650810112901,6.651990044154394,176.45054945054946,0.06925060810461124,18.10187446552102,394.80690737833595,11.18394517570342,986.201726844584,69.77472527472527,73143.33594976451,0.06776617071400598,0.0017530222434627063,0.12195484962850478,96.79780685033941,0.000874040991785008,273.4909871450508,0.1407981855246294,13.661452979715346,970.5509969694393,2.2291688725130965,2249.2705913066593,0.003190666225943224,0.0019990135860499868,4.199809234541988,1237.024193110648,0.634738794821804,0.7619852674797728,0.49264326785072166,0.8238010928391893,789.0525649565886,0.0018262520541302573,19.38562091503268,0.0633517023367081,51.126158742364055,778.1862745098039,2579.8954248366013,2700499.581699346,2.4805736421219633,0.0072841027959538555,144.64705882352942,0.4727028066128412,0.7140230641922548,514.4293281428108,0.006958682279759206,5.77261004398141,0.12009419152276295,2510.5598701354184,0.16220447866133095,0.0031793570856078067,931.4050593055548,0.02086565341425449,5.733402155460536
175,Test,,Male,52,White,L,Tonsil,3,2a,IV,II,Current,30.0,44,70,33,N,Y,1,0.8078408961803791,0.4735585209477616,11.368331955112295,24.006181817529452,27.294688127912362,21.37755832643195,27.65863337187866,27.820855486487112,3463.2083333333335,19.393175433342115,0.7587065061823909,1459.024981801268,0.42129287105201624,3485.0,67.0,99.0,260964815.0,1.3685276179984562,17.0,309.0009973685383,4728.0,31.906694029958278,97.43271162123386,85.0,-922.0,5650.0,7.181919856602509,273.64630429904946,17.129544130574256,260964815.0,0.5166701316772642,65389.16656266146,1709.6336517027562,8200761.145043235,33181.26080906221,157.57838316180505,128.8126298400495,0.07224100079921038,1.134831905210236,1.089074100734023,127.44615570523754,0.835118732911424,0.8330833762926948,0.9984706992414074,0.9964036758863722,-0.1859732911393774,0.6114355364603481,0.29421198783292923,41.260581327092034,0.34217624394145496,2.35364873260514,0.6954618250268242,0.5575267684367404,82.52116265418407,1.9884185046569367,71.59775325046364,5.61037668232073,145.32367288378765,0.041699762663927595,50.19189730943643,1800.5954088952653,104.72563793589663,1819.232137733142,317.638737446198,532126.743185079,0.19988970800627065,0.002031101684334265,0.027506777448254183,125.76629292314085,0.0002550249477965589,505.89778851758547,0.3533407430863656,249.38010505467088,2024.0455602223435,11.659105080364043,19934.244038469926,0.011862336600476643,0.003892342934023577,3.9828015978803295,449.0744767919586,0.3101499179376382,0.4094691535150646,5.358464418887673,0.5706142598125938,1301.5158257025187,0.0035708948742408765,15.0,0.1724137931034483,2329.854934601665,5324.586206896552,69209.75862068965,116087286.66666667,41.559597029592055,0.012059981108268536,28.632183908045977,0.329105562161448,0.5936034813682738,3668.317100211794,0.0008062099185323246,4.724121355834912,0.02496413199426112,67605.15761659399,0.4072407660714571,0.001763470070226253,2197.9841050410805,0.7209144281636296,57.048647442554724
176,Test,,Male,77,White,L,BOT,1,3,IV,,Former,69.0,44,70,33,Y,Y,1,0.5106812462482839,0.39537344634534033,7.8725997171020845,19.911806900217915,19.697715603592208,20.591260281974,12.083045973594572,20.808652046684813,1002.4583333333334,10.168586362858465,0.6846718678668209,707.4773293206518,0.7057423793048607,1018.0,-7.299999999999997,70.0,3304619.0,2.4867683721659803,42.0,29.199359829897496,125.0,29.867809681142194,31.026522593320237,40.0,-432.0,557.0,17.88464688000754,56.975324683495955,-3.8837239721319397,3304619.0,0.2302233664375234,2283.5425185559725,399.4859204700043,1705.4254325437682,-83.75971308208895,8.907456553175086,4.011981648514017,0.3770876200976027,1.0825089200918019,1.9410819610383467,2.8132519025060416,0.6511148980692407,0.6243175548915075,0.9938780278850172,0.9602846074858644,-0.13192799053680657,0.6603159626011,0.4363472750020456,19.956439178824414,0.08458598389768743,4.424348525375001,0.5765425704391187,0.1960970850843651,39.912878357648836,3.156700404302757,3.229859550422276,6.209932701216877,56.518664047151276,0.055519316352800864,30.38089246220294,234.3673870333988,3.7170392657122675,394.303536345776,111.09823182711199,46816.00884086444,0.26675130405153397,0.003910979118231311,0.08753099821641126,27.267623829637095,0.001598551259628206,142.37492757348303,0.20146138659063254,4.757267704895191,384.9366679070117,3.0102804944157366,1224.06626824988,0.009447025236079081,0.004587446640608548,3.8044845567854955,397.8890820561355,0.5584081513694591,0.6929121958591508,0.8562096243459064,0.7737238301007902,291.85876386496636,0.004030587921709721,10.744186046511627,0.12493239588967009,18.120740941049217,301.22093023255815,2356.5581395348836,981596.5697674418,5.699706630504784,0.018924155903197067,35.04651162790697,0.4075175770686858,0.6600539265769745,181.9814854918813,0.01787997548794377,4.834589942241366,0.08447937131630648,2216.4386154678205,0.2111453015841113,0.007983223982463376,175.5686897870601,0.017180004908932105,3.966564610146759
177,Test,,Male,51,White,L,Tonsil,2,2b,IV,II,Former,31.0,39,70,35,N,N,1,0.7586924824899574,0.5922513796235003,11.919903115934142,20.12642524110579,20.248456731316587,21.2602916254693,22.47220505424423,25.768197453450252,2227.0416666666665,15.26976752982309,0.7207134365102295,1144.3013245821453,0.513821246234195,2251.0,71.0,119.0,21531243.0,1.8311094693964363,23.0,72.90308956891967,161.0,16.536245009622064,93.55975122167925,95.0,-380.0,541.0,10.206243811133922,97.80179005374376,-5.804979513891938,21531243.0,0.349256493140617,811.7630890540577,413.89934084237024,296.42851375748467,-15.810287987536542,2.8082418566749805,1.2403187031116016,0.3872102094390021,0.6225023155398524,1.3523546389043146,0.8450718419762511,0.7331753146983305,0.7245116022050738,0.9978562083007134,0.9748848470966993,-0.11170168875301008,0.5402876589639192,0.4556994003663245,20.334876539298957,0.15260902583999458,3.277961621718575,0.5754626397288837,0.2613687503073128,40.66975307859793,2.5019087882907347,1.0121401399466454,5.928613845887088,111.06574855619725,0.04934062574686684,31.202865758266082,786.1763660595291,1.3968921656024933,411.91381608174146,167.9089293647268,69772.77387827632,0.40587900327667814,0.002932797307889787,0.04129280058999468,14.796937239381464,0.0006012236441274888,400.33761703876405,0.301803856032555,2.074041563391476,409.25763888784815,4.458306133038888,1845.1795725629806,0.01166197098663899,0.0033025949314757583,3.6168045439042467,591.894936983153,0.44127845744839544,0.5887639681509074,1.4803690156095,0.6846481490390778,278.0938656055529,0.0025405077482682334,10.164556962025317,0.12866527800032046,17.265502323345615,345.37974683544303,21448.037974683546,8908560.962025316,51.77819629909052,0.01676250957614779,30.037974683544302,0.38022752763980133,0.6363221633669678,201.18363286121465,0.015773225784130256,4.805090205916239,0.03509551310528654,20636.14869411953,0.5881909147237819,0.0031625392339873224,98.62100363461742,0.006021357532005008,2.0654408729252713
180,Test,,Male,58,White,R,BOT,2,2b,IV,III,Current,0.0,39,70,33,N,Y,1,0.8628942590390065,0.7044759527426621,21.334108590694566,30.283657671545388,35.805027579936315,34.828149534535996,33.24154027718932,36.4828726939094,11330.416666666666,26.131594347479087,0.7031939440239432,3469.281896787724,0.30619190792816303,11366.0,71.0,117.0,107572940.0,1.7789365596733229,23.0,26.190219504177307,171.0,15.391804787201483,94.52067569945451,97.0,-203.0,374.0,9.718477446789251,97.28540545413895,-3.008044293496693,107572940.0,0.3552465563671643,530.2919796947588,178.70114336671324,61.70223739727494,-5.264253632044904,2.2044294387808567,0.8695082700381954,0.43313490698141666,0.5772281278394201,1.3094181309009687,0.5324844612171598,0.741827632771045,0.7343635501792483,0.9967549838029964,0.9668777078403304,-0.10951821498660763,0.5435525847299693,0.45098931888963584,13.35542400345761,0.155241170247043,3.228882913545111,0.48349793458901363,0.23202640243964326,26.71084800691522,2.474063008155895,0.7684844272047631,5.985014551166204,563.0425831427063,0.04953744352830427,30.337867747791407,4037.732359669189,0.9458789158165148,177.90656343480555,195.25444307584021,35518.79218722506,1.0828034840702832,0.005923827346540617,0.032154943841447015,4.864400260392244,0.0004048650556143039,1926.6860920598945,0.31107151411533746,1.343719710578934,175.4065734099036,5.336202383630022,963.4162939221435,0.030290977747053298,0.0062092168053563225,3.7461153610460616,2460.7279014764276,0.39401221654402757,0.5445390435712448,1.8825823332577303,0.6451403829160045,111.64138805202548,0.004209252248936105,47.58974358974359,0.1525312294543064,8.604865220249835,142.33333333333334,141676.44871794872,25658159.46153846,786.9381891659302,0.014325989768617554,113.96153846153847,0.3652613412228797,0.6264906900223094,85.13308712605507,0.011236479668866721,5.109779287915946,0.02745029033960936,140349.34118178827,4.353745702024851,0.0006488612116004501,76.12878047539557,0.0037120795904712874,0.27058721217638926
181,Test,,Male,55,White,R,Tonsil,3,2b,IV,III,Current,15.0,44,66,30,Y,N,1,0.6805682610004749,0.5343317738444083,24.198436564444954,45.28728731653394,50.695167422546305,51.07837115648854,36.22154055254967,52.478567053607705,22842.625,30.821090374442363,0.7061137585412135,5513.661807259025,0.2413760155524606,22902.0,60.0,94.0,142126920.0,1.445389837840267,17.0,127.88347438227485,136.0,11.48299968973975,76.32460047157454,77.0,-450.0,586.0,7.274980893854234,78.77736808766187,-7.065082744707898,142126920.0,0.43253164198140376,380.429085673492,466.0957826647025,111.68456524762365,-5.588791380201812,1.431535237599952,0.6828628393475016,0.35279910080756677,0.4695219858254939,1.1469448343210644,0.4603442506907617,0.7814463905218196,0.778296659383754,0.9988706170508954,0.9814875062962033,-0.08872393118378316,0.45327562197350885,0.408590644342934,21.58491570209014,0.21566706288391913,2.6370087736805696,0.5056939317327874,0.3263718611133732,43.16983140418027,2.080814413660701,0.5285995192368633,5.812327350412497,1045.02715920007,0.04563038857741987,36.88145296882638,9905.839664658108,0.7017482676754597,466.32058335516547,253.56571478473495,118520.13431141384,0.5438503461115971,0.0022229390291846137,0.026789202878415748,11.36896772723127,0.00013360438985772537,4124.700588960923,0.38096053710286076,1.15331562956822,464.81027553086705,8.015380879012755,3741.9885928776293,0.01736693148910554,0.002312832932906316,3.7093147668348645,3816.5292122620285,0.34921770512603617,0.4723000342596885,3.395167536993637,0.6060943531804864,280.4223328937718,0.0014688820384019053,85.76673427991886,0.17396903505054537,12.019312978041464,409.8316430020284,450782.79918864096,211288591.80933064,963.6727132855262,0.0057134545339099126,205.12170385395538,0.41606836481532533,0.6703222028256145,263.50716863632266,0.004944033659971265,4.921084381514085,0.021526504235437952,448624.79152763437,4.233401607778504,0.00027636049195741764,160.72890241664663,0.0012979135836095486,0.5486423089021661
182,Test,,Male,55,White,L,Tonsil,2,2b,IV,III,Former,6.0,39,66,30,Y,N,1,0.8225947024353083,0.616676356553562,14.559294721538533,23.609296135344817,27.784887978899608,24.839484696748443,27.313000567495326,29.748949561287034,4271.916666666667,19.420881929161045,0.7005873889543925,1817.3433682039567,0.4254163903487404,4299.0,62.0,124.0,40232674.0,2.138602660402753,33.0,23.739483575520847,180.0,20.427033859608372,92.54849965108164,94.0,-361.0,541.0,13.749712669885831,96.7399205881604,-1.9749270482782293,40232674.0,0.2751311440079678,793.3874477373225,371.52166597179826,103.89440726149279,-5.1013207635577515,3.1478238689997338,1.4581189896906854,0.36666102353342667,0.8375724575376323,1.6161959036082267,0.7473318268256366,0.6568180612300218,0.6349192189476633,0.9973250859966587,0.9660559951668246,-0.0692292811335861,0.4710181685981355,0.4996798845846788,19.263933021129166,0.08954929092868479,4.002468453522048,0.47567270343236856,0.16629391627379775,38.52786604225833,2.8058751227902126,1.1514857146726045,6.069800474128533,251.13351942312167,0.05841672933778126,22.058892072089122,1182.7887880902535,1.354646327948839,370.8902070248895,110.12351709699931,41056.28867178414,0.29746698825165624,0.00296967146352109,0.05607611865850325,19.250133363284657,0.0004071041587263638,726.6606852088717,0.24945465936345645,1.6731790075938422,369.928224217904,3.049071364081419,1134.3881165767218,0.008629439537709511,0.0030987453797952837,3.559442857920521,1559.3061371315537,0.5326676703728792,0.6775278687351262,0.8421527164527155,0.7565942066544523,279.18575788549236,0.0024403997210876373,29.887755102040817,0.15248854643898377,7.781965847563514,329.5816326530612,24284.178571428572,9040382.658163264,65.52623193991451,0.008389592240229917,71.40816326530613,0.3643273635985006,0.6256209372598495,199.82898791261732,0.007244045661968953,4.956487273646953,0.04559199813910211,23803.092539566846,1.300937956381861,0.0017176214800377577,90.4826033037045,0.008135957509213254,0.5345738842065184
183,Test,,Male,57,White,L,Tonsil,3,0,III,III,Former,11.0,46,70,33,N,Y,1,0.9070077947174794,0.5517408443070234,16.389189932966367,29.704507291916908,31.016124838541646,35.35533905932738,35.17101079013795,36.41428291206625,8163.708333333333,26.94221965201084,0.7271741661434473,2696.315260322689,0.33028069478098976,8193.0,83.0,128.0,92887193.0,1.6523425407467984,23.0,3.819949615318275,164.0,13.90022758798258,104.98315635298425,105.0,-2.0,166.0,9.800936766308016,106.47715585355515,-0.25860891952030574,92887193.0,0.3750433909004941,315.9216008271344,32.748118488763076,8.584199791015136,-0.3616477140400432,1.5222171985103519,0.7179560145743166,0.3585223908403421,0.5823105470682853,1.2772718711855737,0.37451701522089836,0.730457428375418,0.7223590546432455,0.9891696062123999,0.9367807724228955,-0.07111367967190087,0.4288893058449096,0.47266646747785845,5.704998213090759,0.15910244507264895,3.1264653483389226,0.39479825998329565,0.28502422460792326,11.409996426181518,2.33021961112853,0.560043303271167,5.803682536933817,415.6861955327719,0.05073675033965237,28.466444303245716,3072.730501647748,0.5873340447496888,33.37983644574637,176.47491761259613,5837.750884901745,5.557423989022762,0.032556797628526986,0.0315914813296366,1.096714445001801,0.0013425421072790977,1530.5914619160792,0.32739631240669687,0.744411144646902,33.52753733111014,4.774915841827807,158.69365512849393,0.15218651378772144,0.033236914574095854,3.477707757668488,1996.0613350009235,0.4229280037784402,0.5705433343661098,1.6278569568678913,0.6698027851202524,22.54552421776912,0.022709010322968667,47.739583333333336,0.24864366319444445,2.9947645399305554,35.046875,127511.859375,4233230.078125,3964.1497745712863,0.04824260824121315,75.01041666666667,0.3906792534722222,0.6483212467643377,23.406991159196632,0.032267171359139764,4.192137208235509,0.023434639326254118,125690.97045898438,18.685240629495745,0.0008376240605143351,15.062440248789605,0.009918992903239218,0.030319753002321516
184,Test,,Male,65,White,L,BOT,4,0,IV,II,Former,11.0,39,70,35,N,Y,1,0.8203371013921626,0.7106471530876511,22.325517532802237,31.4157559568083,33.37663853655727,37.44329045369811,34.17601498127012,38.600518131237564,11533.416666666666,25.771510179651692,0.7010642235561371,3521.261737013589,0.3053095053082208,11579.0,56.0,125.0,109445133.0,2.201968990233545,27.0,7.158763109557879,179.0,20.95939312752199,92.52102944986613,96.0,-141.0,320.0,12.380106332806681,97.22158558868816,-1.3256309922480045,109445133.0,0.28043836875696915,891.8958139156197,106.29938107986355,112.2199313313174,-10.14851603743275,4.344010087156509,1.0100440248065097,0.6210584826921959,0.6626093961192137,1.4484162590466658,0.5640879829004751,0.7139348581042714,0.7009589773230355,0.9950031002480364,0.9571786565746115,-0.17505273663246082,0.7126855036845494,0.46103373755362703,10.269651984515466,0.11414009622651825,3.88693216068504,0.6622809327635757,0.2226905899970524,20.539303969030932,2.9460030310373235,1.3385135279907547,6.397633502403245,564.6657742464807,0.04876636792870548,30.9395661137184,3247.195871836946,1.507404792280661,106.01692719578547,172.33362121081268,18597.112704033163,1.6400595458944545,0.010378013059624581,0.03699708166420635,3.3958754268724,0.0007788944169715127,1592.9994694571842,0.23668976137070968,1.9743228600098381,104.68281623608726,4.6868817612779345,501.7893386845715,0.046201283026221285,0.010938138119391276,4.028332864947907,2974.801348528817,0.4381537347384832,0.58111833757399,1.654080890722396,0.6839726102085142,70.59038401657602,0.007873159364303719,36.53753753753754,0.10972233494756017,7.535264994724454,85.64264264264264,107938.11711711712,11726877.315315315,1007.2754698312957,0.025115680736865105,135.54654654654655,0.4070466863259656,0.6629365832389394,56.457414031951345,0.019721525976557103,5.286533277093689,0.028758960186544606,106729.04100496895,6.127359431211332,0.0007508439436465032,52.053921890450404,0.00838954322497411,0.12018665348778705
185,Test,,Male,45,White,R,BOT,3,3,IV,,Former,7.0,46,70,33,Y,Y,1,0.7187486970905296,0.7031578842895573,17.4927594558078,24.877427739407047,32.01562118716424,27.65863337187866,26.92582403567252,32.264531609803356,4784.833333333333,17.880618774662615,0.6832768674654188,2009.703319966401,0.4200153234107216,4817.0,58.0,113.0,37135507.0,1.94740156011555,27.0,11.544466790925739,170.0,17.31351668708098,84.66950384056467,85.0,-180.0,350.0,11.803371292401676,87.80239363482627,-1.1706223081319924,37135507.0,0.31473995139265476,540.3354473975875,141.1228712279196,35.94328456670211,-1.7214309398428564,2.60668452449057,0.8578226511726277,0.5041215368113631,0.6185237355755633,1.3484856989870648,0.46988678996281724,0.7220914272335854,0.7121065143572974,0.996293358920159,0.962157353184325,-0.13271357585080973,0.61508263165086,0.47205910511015026,11.861091578254722,0.12549185492571255,3.552868347562715,0.5458377424236868,0.2533156034007389,23.722183156509445,2.6978307750165134,0.8661267939157995,6.10496203677188,257.21673240606185,0.05339770238863647,26.5315362702566,1516.1023458584182,0.9625430037698209,142.56611999169607,160.77288768943325,22880.82644799668,1.1456002743231808,0.007484729521151466,0.03619091471034029,4.830182806860622,0.0005814185663042325,795.6621218415492,0.2784292309889669,1.2326824585990646,142.58481991515194,4.2873990756100575,610.924941364354,0.03114833723138279,0.007731227182769306,3.6976141702698877,1258.7475798300734,0.4363703907343005,0.5928362689832485,1.3673224801875665,0.6807161041090541,97.02231133587512,0.005450367005686631,18.78102189781022,0.1370877510789067,6.407267302466834,131.2919708029197,50765.81751824817,7261988.7080291975,358.26196830525885,0.018539674490534758,51.74452554744526,0.3776972667696734,0.635431089799794,78.68926164579463,0.01575112890258991,4.819083606811192,0.02844093834336724,49529.550855133464,2.4767628979721916,0.001694144011441016,51.52601635183815,0.005887975868998611,0.36845388513607413
186,Test,,Female,41,White,R,Tonsil,2,2b,IV,III,Never,0.0,38,66,30,Y,Y,1,0.6794753449359138,0.5245996817796862,13.95015037047099,26.591991674767304,30.4138126514911,28.460498941515414,23.853720883753127,31.28897569432403,4035.0416666666665,18.06860271574546,0.6722439740349264,1823.2905834941419,0.4518641278369637,4071.0,81.0,125.0,43989108.0,1.7460653452858796,22.0,71.96967666890345,174.0,14.9061664663715,101.28518791451732,102.0,-398.0,572.0,9.4969895899269,103.94940949668216,-4.594773528710659,43989108.0,0.3644401169344842,546.7904438298318,424.1495325302282,63.14349087736213,-3.9245206818457725,1.9181892367223021,1.0092977172220956,0.3087513906055403,0.6068829559502271,1.375831409499051,0.6364905217726502,0.7363956651841586,0.726663702723483,0.9981677886088764,0.9753018448585256,-0.07610721564789497,0.45089485413516905,0.442123307184668,20.58937168303891,0.16025598736619026,3.1928235547907513,0.3746116023998156,0.24642459392249108,41.17874336607782,2.372721770944285,0.7318717384860994,5.968282017427422,182.62564480471627,0.0448601436513673,36.63404634068063,1483.635716040285,0.9598073159898658,423.96880373372636,184.13927781871777,77732.26651928273,0.43778749444210363,0.002626937241902749,0.046910904544704736,18.136263407478875,0.0003759521571232197,735.3730625853392,0.3158908325465793,1.3998232922949296,423.85070245963595,4.960468493838916,2095.7743350250953,0.012238066136537813,0.002825864229288443,3.5943591939443866,1025.5522291582106,0.43737307356569244,0.5713394932260076,1.8255873624953292,0.6845591080740027,289.37571206184987,0.0020828312433560396,28.753086419753085,0.1774881877762536,8.433661027282426,372.01851851851853,35451.58641975309,15048370.722222222,83.72820709648184,0.009085565399440132,70.11111111111111,0.4327846364883402,0.6815591280236832,245.07304230706538,0.008254002599411857,4.654836006920631,0.0397936624907885,34820.08813443073,1.252384261602442,0.001705304236146667,74.19152345509964,0.005435136690427083,0.7723599062470151
187,Test,,Male,56,White,R,Tonsil,1,2a,IV,,Never,0.0,39,66,30,N,Y,1,0.6620142220048515,0.570756577383981,17.24090106137191,30.207100092291988,31.400636936215164,30.479501308256342,28.635642126552707,33.436506994600975,5641.916666666667,19.99752986662136,0.5499887916542735,2786.643401764599,0.4939178591964194,5684.0,36.0,102.0,79818550.0,2.377102445917134,27.0,34.12960579281202,165.0,46.42943982417156,55.90007037297678,79.0,-941.0,1106.0,11.765008281251692,118.50178232327606,-5.190233988539555,79818550.0,0.30677003141279324,10917.854546089347,1694.9336906078045,42766.37311625195,-1004.0543619354487,32.27495500863099,12.53620107152822,0.44007424062360445,1.3927417789386658,2.009584786755802,10.566783324675994,0.6667384007917185,0.6474725872742852,0.9947556847073462,0.9735621715376936,-0.10730268271839731,0.5953279762951709,0.43314039694082995,41.109591359824165,0.13128453180633057,4.119676103564439,0.6847900711035779,0.2835203569699918,82.21918271964833,2.9983887582365885,11.202789020039804,6.188574292835432,271.2375087966221,0.04771947726893422,37.78140412660005,1743.6808585503168,17.572947056592056,1678.5082688247712,143.29521463757916,250702.49736101337,0.08357279890267764,0.0011268515326724358,0.10720420676448329,134.16026321292955,0.0003377749036522528,856.9760059666015,0.2338984681879343,26.10776442738129,1640.82021770652,3.7815257777405424,6505.354423364532,0.0030743824380330253,0.0014155786646844607,4.090161668722115,1937.5712489413922,0.5268181228622001,0.6433849401829697,1.3277166851419062,0.753214522834061,1211.0794254125074,0.0012568917893999508,33.99667774086379,0.05647288661273055,86.02807916027417,1211.7308970099668,15683.890365448506,27377162.872093022,8.998276600447848,0.004048634520661452,344.0797342192691,0.5715610202977892,0.783931174559888,889.8504110727176,0.0026220593403574227,5.815488869386804,0.10591133004926108,15594.741636405779,0.31327908160849866,0.0009519864469917773,1413.3495330450637,0.020857072437998034,6.757479048890634
188,Test,,Male,63,White,R,BOT,1,2a,IV,II,Former,2.0,39,66,30,Y,Y,1,0.5780119144622503,0.44234178578839084,12.295982701191178,27.79747040916767,25.942243542145693,28.653097563788805,21.37755832643195,30.757112998459398,3602.875,16.067269088410757,0.7094950617987478,1601.8956078182525,0.44461592695229574,3630.0,70.0,127.0,37668588.0,2.0224855955845196,28.0,38.75821392503654,249.0,18.376092100569934,98.39779614325069,100.0,-388.0,637.0,11.832732131363375,101.8676665463743,-2.6308163986787636,37668588.0,0.30495882946671826,694.8952017545856,421.00702944855806,81.21255107967804,-4.438117470861486,2.656911005969792,1.2168907855629572,0.37193563510386196,0.7449883506473476,1.5193835214492561,0.6562127512692562,0.6842171559934341,0.6674917412684802,0.9982451317074348,0.972983662569973,-0.0732673363681479,0.47767380702249584,0.48953102188024417,20.509677660487835,0.11350992241531022,3.7272733013228754,0.4212198215467612,0.18425637213442222,41.01935532097567,2.6730372881943447,0.9684504478831872,6.000667427137206,198.6099173553719,0.054713475855474356,24.800239510051682,1107.0005509641874,1.1879285719706456,419.59889807162534,129.88815426997246,54883.65068870523,0.30894825233400103,0.0026842119930157696,0.05113512934953682,19.588148081045155,0.00041488137691928737,626.8847978813955,0.267936200706174,1.5423804206588487,417.81066146065524,3.454653773079289,1455.2835708004375,0.008690741238464184,0.0028559655354285624,3.5866668905765113,1162.2481145338631,0.4939576128933934,0.6441830896376352,1.008928551357796,0.7282215499711009,302.8723512321873,0.0022095328963455375,24.790123456790123,0.15302545343697607,7.481481481481482,372.71604938271605,23298.506172839505,9825819.160493826,55.40530456766296,0.008993839023444583,57.28395061728395,0.3536046334400244,0.6173773973017395,221.6914034953291,0.007983897130693432,4.964048514021439,0.04462809917355372,22796.41426611797,1.1226704218868,0.0020021065934603395,72.54057269659664,0.007570901105245407,0.616140195118343
189,Test,,Male,76,White,R,BOT,4,2c,IV,III,Never,0.0,42,70,35,Y,Y,1,0.9551010970571897,0.5507841161906417,22.17711363532112,40.264620898481034,47.70744176750625,48.703182647543684,47.80167361086848,51.34199061197374,20952.125,38.456783592731085,0.6437118560645311,5709.674282635283,0.27251051063485365,21002.0,73.0,111.0,185171290.0,1.5072017635040784,19.75,6.315470524218005,156.0,12.244168401083073,92.51766498428721,94.0,-71.0,227.0,8.332233740062236,93.89803393612057,-0.8583888084257789,185171290.0,0.41304522120008696,257.32244292404675,52.79802689332546,7.044119019900841,-0.7256327522468836,1.2760321973389708,0.5475775732871121,0.39841022003310117,0.4739240539572692,1.1503546711399553,0.31991782832319393,0.7740552013442362,0.7702011299684114,0.9946429346286827,0.9574533102022588,-0.09517566450590431,0.47307461619736585,0.4199563002974015,7.25367965028208,0.20171972796337906,2.7694655416330454,0.41912129891828326,0.34413396401223184,14.507359300564158,2.1656663946435133,0.45590244265652086,5.831182930225934,950.5913722502619,0.045261945159997236,36.03834444198071,8674.775735644223,0.4984562645803859,52.65474716693648,238.8017331682697,12717.59856204171,4.5788465957386775,0.01991874843999188,0.024241287630898136,1.1760255266127893,0.0006466952442159122,3636.040908360703,0.3525466322821523,0.6756723537551681,52.062843110352475,7.303274956360385,385.47844471597915,0.1422876653169665,0.02059052384715722,3.6679984969448944,3758.862074568999,0.3602316833064313,0.4907884230805858,3.0098940097260973,0.6149064241516878,31.5352403111477,0.013125449741522745,92.71808510638297,0.24659065187867812,2.9212030330466274,46.776595744680854,468744.19680851063,24829465.135638297,8980.486389338685,0.031376908155894355,132.26063829787233,0.3517570167496605,0.6160358573701241,28.866865995449338,0.019129386489969584,4.550424636668443,0.017903056851728407,465624.2612890448,26.211839279963275,0.0003400186329865082,21.499855165488558,0.004495240628820892,0.0274863930626284
190,Test,,Male,54,Black,R,Tonsil,2,2b,IV,,Current,41.0,44,70,33,N,Y,1,0.744670966194658,0.6594278710300918,16.94015178713048,25.68916561058949,28.178005607210743,28.178005607210743,23.430749027719962,29.086079144497972,5492.125,19.12997577597226,0.7480239317345819,2012.467647382639,0.3664278666968867,5517.0,76.0,110.0,48519533.0,1.3456593462820452,18.0,22.569351589320412,146.0,10.794343017868641,92.58854449882182,93.0,-130.0,276.0,7.478490985077075,93.77926272805547,-1.7944377771004474,48519533.0,0.47617456994938023,221.91154540734556,104.61099495856283,8.364943541230195,-0.39984322033667347,1.0147224917461444,0.48845211693754087,0.3482833518196177,0.41485114510031296,1.0912888342866807,0.3148198151705657,0.8017178436229285,0.798919508570621,0.9966989078096767,0.9684518180185291,-0.08436562187530322,0.42917690760383675,0.37295748039849447,10.221516950303409,0.2676391783961938,2.476864371248097,0.3842533083207956,0.45757076326014123,20.443033900606817,1.9662114282763676,0.3757936521709214,5.644690757698536,232.8742069965561,0.04221029671860723,45.11179816310184,2627.0551024107303,0.4302858904418196,104.91299619358347,270.2967192314664,28000.020119630233,2.626084718444921,0.009888678580234176,0.028759396727651855,2.780794664972465,0.0005191931288406484,954.2708915797318,0.3746522001823483,0.6772280677637982,105.60314967538842,8.758785054253602,906.7410218531411,0.08575400075561686,0.010153739115441502,3.6301245970078764,896.8798434553635,0.34903741017093526,0.4613014319376473,3.9161111428609194,0.6075501482475135,64.14118692116725,0.006394855554468926,32.89393939393939,0.2491965105601469,3.4763544536271813,93.15151515151516,107785.44696969698,11154195.522727273,1047.158047558471,0.020186428808915857,48.34848484848485,0.36627640036730946,0.6189286237183989,55.309743806382905,0.015824504808967087,4.177201824182192,0.02392604676454595,106038.58694903582,5.1844190840909175,0.001346289223186704,21.176914217090015,0.004420938980749852,0.17201805922348012
191,Test,,Female,52,White,R,Pharyngeal_wall,3,2b,IV,II-III,Never,0.0,44,70,33,Y,Y,1,0.9473794915972078,0.5904078535641962,15.56735847867066,26.36712635967331,31.240998703626616,34.058772731852805,31.38470965295043,35.41186241925155,6072.875,24.97967476550664,0.6794025031203347,2369.299029503791,0.3901445410129125,6112.0,71.0,135.0,70492082.0,2.191878663746284,33.0,35.10354162311596,195.0,21.55661241039856,102.29679319371728,105.0,-398.0,593.0,13.888954666690614,107.39362355177867,-3.497203418648191,70492082.0,0.27207741701159505,1068.7564818629903,428.07458315090696,222.331289537581,-12.292313681141676,3.9876128143878495,1.6593223863789104,0.41190533376177096,0.8011231507942169,1.5892067061147694,1.0100628150573976,0.6770415382828551,0.6592753058863791,0.997281339423577,0.9690896764212469,-0.10618456645324882,0.5860735671303513,0.4892516600492269,20.675890667937136,0.09332929958667714,4.029105142008798,0.49313456932245914,0.19804762227170408,41.35178133587427,2.9190090184907884,1.4117338001916897,6.2262184466917425,340.9662958115183,0.055786370388010195,23.773136615635536,1662.9371727748692,1.803898668998931,426.5333769633508,128.63448952879583,55660.278795811515,0.29929318583231784,0.0025771455333006205,0.05106359291239368,18.781725390511113,0.0003437811400162999,960.5122373785017,0.24376994873071153,2.3652445628978938,423.63427297885033,3.488991776023163,1500.1825764973714,0.008505507377007946,0.0027135219864806407,3.7516291165393767,1965.7795812095007,0.49561377218635905,0.6446083366894885,1.0426338285852865,0.7289094180801055,306.8720168513751,0.0020787898712013387,30.549618320610687,0.11660159664355224,13.661922382145562,349.4465648854962,34563.78625954199,14877475.145038167,80.55479343881609,0.007648576268622385,115.19083969465649,0.4396596934910553,0.6887783270955236,226.58396484558108,0.006789448273218492,5.128515590084791,0.04286649214659686,34019.57927859682,1.1895628885020768,0.0013067888013775747,145.24124506086935,0.006541759248867573,0.7723961090388987
192,Test,,Male,56,White,R,Tonsil,1,2a,IV,III,Never,0.0,38,66,30,N,Y,1,0.9019355960064787,0.5563773755410722,16.773559586103026,30.147810323507283,34.713109915419565,33.421549934136806,31.906112267087632,35.679125549822544,8685.916666666666,27.191383272422815,0.5761354367979424,3546.799524383745,0.40833911497160097,8740.0,53.0,107.0,82495218.0,2.1154345406268034,25.0,113.19637150685624,740.0,23.818611659484,75.44370709382152,82.0,-944.0,1684.0,10.577000599376236,97.1535492308256,-8.454204386303333,82495218.0,0.32797935790625704,3747.0591880881193,1739.616610829218,15941.448221541688,-301.1726725102907,10.966129089555771,3.669211477787702,0.49482631685235223,0.8101204008834617,1.603276169258962,3.0012641527230723,0.7146335493347546,0.7003423135051896,0.9992544850970945,0.9887492101612494,-0.12592403113619868,0.6112388517795261,0.4320577094837974,41.68683041167927,0.14604205027532327,3.7284396569121414,0.7631890471265258,0.31352140195723405,83.37366082335855,2.772246583484794,3.658835141835868,6.250777438658386,378.2066361556064,0.04327307049835313,40.94555660866424,2866.5395881006866,6.065128515622955,1731.6120137299772,179.883295194508,315602.1220823799,0.10304232140934305,0.0010158691661225627,0.05767015853460076,87.35049819358754,0.00047384432781494675,1298.7812930317455,0.25372665315129134,9.930843561552336,1716.4175950221102,4.872206520307292,8509.780809612808,0.0035447398713893546,0.001335595430854888,4.002953390296331,2402.3098699112043,0.46667816600148954,0.5851082555888047,1.897915592812676,0.7086577578584036,1206.3352980694242,0.0011688870427461115,35.674057649667404,0.07909990609682352,77.45781977473071,1463.410199556541,53720.66518847007,94138233.11973393,30.680619624035256,0.009129668580099934,190.66740576496673,0.4227658664411679,0.6758894306916291,942.5224800513998,0.008918423700095835,5.944117629082463,0.05160183066361556,53345.11344585327,0.2859557137945524,0.0009007917847123764,1005.9806666443137,0.0032622716262976506,7.591776905663302
193,Test,,Male,60,White,L,Tonsil,3,2b,IV,III,Former,16.0,44,70,33,Y,Y,1,0.8724439592605775,0.5775809483431925,28.939734573743873,50.10507125755849,60.37383539249432,59.80802621722272,55.226805085936306,60.54750201288241,37604.0,43.71386674697769,0.5572649222731818,9740.437120762479,0.25902662271998933,37675.0,-6.0,118.0,455319557.0,2.884350902809483,32.0,23.69723446229042,413.0,47.7531158015525,67.4005308560053,86.0,-1027.0,1440.0,16.621039735856332,109.93387129722196,-3.5536956695740174,455319557.0,0.24394546625810365,7542.624498722837,2055.59945002325,38449.21669411863,-940.4459423061245,41.12509843154054,5.1414598486075676,0.7760876171073655,1.2215182104676479,2.0876723438980638,3.570558390685382,0.6501311131341618,0.6222730410238797,0.9985528344487287,0.9806157480592153,-0.2119075311387265,0.8207160216906816,0.40357405245597977,45.23939978732061,0.10318244948902525,5.0884680180185455,0.8213964406820938,0.2734689996551297,90.47879957464122,3.6546236718274594,11.566639570037028,6.894040730523717,1710.9856668878567,0.04541435081321451,45.9163228622544,9190.645441274055,12.118433866288223,2056.689581950896,162.34715328467152,343317.58556071663,0.07711081691122117,0.0005539216529551575,0.06789927358379436,127.03693845252518,7.927750701590084e-05,3791.909015879586,0.16143386374749427,17.281285476828717,2026.5267985128753,4.505454728186665,9424.517623199681,0.002271245142047977,0.0005989297087651277,4.704707613298023,12616.258767879724,0.5335794566542554,0.6234495431575724,1.890634840028052,0.7571089746134378,1516.7675271253709,0.00048088144042384573,126.56919170545916,0.053562924970570955,51.68840079165166,1808.3021582733813,104580.73254337706,221916290.23952603,49.30362378314887,0.001313870123495757,752.338975878121,0.3183829775193064,0.584717112626764,1056.1702806348433,0.0009553915024194237,7.012945289321828,0.06272063702720637,104326.5304757414,0.9187168460884206,0.0002498913225291809,1323.3908015687648,0.00676279986972739,1.5752072882931294
195,Test,,Male,63,White,R,BOT,1,2b,IV,III,Never,0.0,39,66,30,Y,N,1,0.7519200312564551,0.42035785182571245,9.658022654162004,22.975716076706913,22.67156809750927,25.495097567963924,21.37755832643195,26.019223662515376,2414.2916666666665,17.2759011505369,0.7076956777933815,1229.789379646827,0.5093789605564754,2436.0,48.0,97.0,15271937.0,1.8564556392372722,23.0,50.856174030839576,140.0,17.508719778042014,72.92241379310344,78.0,-354.0,494.0,9.709650175786182,79.17870965352601,-5.1730650433416905,15271937.0,0.36307400486948643,951.5896289847686,343.78882610328725,270.25107078704696,-17.333037893485848,2.951991017623456,1.605101497785823,0.29556220849020354,0.6880834896581003,1.5006199815717567,1.1258110099399443,0.7254385692350065,0.7127307306127584,0.9967092333179399,0.9701878859271678,-0.08038539265406743,0.47247985038109086,0.43251888218209145,18.53245734593562,0.1688159368800729,3.3352713392955953,0.4888402508207915,0.3239714046459071,37.06491469187123,2.457236434261868,1.13927312885232,5.9354679784023565,108.54761904761905,0.04455977793416217,37.8450776664213,884.448275862069,1.5964977647816956,341.73850574712645,174.35878489326765,61381.22208538588,0.4973479760777405,0.003459113966860442,0.057495401241634464,16.237778670715805,0.0007086998930788911,422.2405562448461,0.2936831236819771,2.39009654605616,335.7461662445009,4.496481282963289,1564.326599770164,0.013865625720348848,0.0038789902956488163,3.6606846158201116,651.9506277256982,0.4506126708641055,0.5890804597701149,1.548528504519762,0.6952948432266587,229.50107153283477,0.003000455329842595,17.363636363636363,0.1315426997245179,13.7277318640955,276.56060606060606,15677.227272727272,5499891.643939394,44.809163718732606,0.012943960351156721,55.34848484848485,0.4193067033976125,0.6715130584353289,171.33833356333437,0.011872832601077965,4.982972634784611,0.054187192118226604,15336.657024793387,0.6307198485223333,0.0028022393161341985,124.11477098574898,0.006043995334804321,1.8827687317148727
197,Test,,Male,69,White,R,BOT,4,2c,IV,II,Former,75.0,43,70,33,Y,Y,1,0.8067511928636494,0.5323218167587777,24.6431091748471,46.29362990398374,44.598206241955516,59.481089431852205,44.28317965096906,59.61543424315552,19989.708333333332,37.3474411470272,0.5130486206833795,6942.724069810949,0.34731492596286584,20046.0,38.0,106.0,385735650.0,2.3445614435867355,29.0,49.821901818935125,194.0,46.03052318189565,59.41205227975656,82.0,-988.0,1182.0,12.885611326747727,138.71742750356074,-6.624550631093552,385735650.0,0.2891311273107072,15712.732737113101,1867.250629939322,441609.7373393489,-5967.452047839946,91.68138596592827,7.185191591497074,0.8538149385259215,0.9597133249625643,1.6632904989180342,6.246695593929212,0.712318573852917,0.6994218063941005,0.9973686497642643,0.9822842485291685,-0.20800702190878045,0.7758203415914409,0.4337117515877917,42.966550958232034,0.12228310048406031,4.076790339664052,0.875618836451555,0.2737970804646232,85.9331019164641,3.1227818832843495,24.716644389356354,6.514430586902281,920.954305098274,0.04594204854326419,34.98996739306439,5795.922578070438,25.220607946430384,1865.3934949615884,179.55562206924074,343363.19804449764,0.3714074539728431,0.0028076027569178016,0.05557837562924251,81.23730568889974,0.0002053308898778111,2667.7055232789044,0.2307621363843055,33.70744960715264,1834.6695995746338,4.783494146941914,9068.09397005763,0.010762547407825682,0.0032196480580409894,4.2941033559311,5074.564520319612,0.43625026829750596,0.5760174675170185,1.7072037309325316,0.6834484583660151,1233.4808848039308,0.0023961104390510784,59.58498023715415,0.058878438969519914,116.01878153853364,1384.6314229249012,109342.59090909091,210972559.8201581,59.684741144881734,0.004884961287540963,517.0553359683795,0.5109242450280429,0.7420063493111101,965.5980123723926,0.002034404867514204,6.120637617222904,0.05048388705976255,108950.22214454217,0.6314084841211112,0.00041567410058843726,1074.6772231702053,0.015283216538196653,3.8925479785725137
198,Test,,Male,74,White,R,BOT,4,2c,IV,III,Never,0.0,41,70,35,Y,Y,1,0.8571280249704244,0.6439119996442388,27.83714539805405,43.231288457792466,53.600373133029585,49.24428900898052,49.49747468305833,54.62600113499065,27381.708333333332,37.05474889275436,0.6281953875051206,6993.529448055084,0.25540880659887305,27446.0,69.0,121.0,264649460.0,1.9823600363547844,26.0,46.8117239018476,365.0,17.897715237710237,94.02135101654157,96.0,-480.0,845.0,10.845789722536265,98.19649276542644,-3.833380794313081,264649460.0,0.32418618664119553,802.5367444547221,591.4157128873837,209.2012629379836,-11.653708155244887,3.112971768667733,1.3000067876195436,0.4098684233653217,0.7059724492709114,1.491831578486479,0.7970891430528295,0.7035678352761112,0.6896167846588729,0.9989667846963025,0.9807901043417702,-0.09103973620340805,0.5285536110514443,0.4714179376753033,24.30971946554568,0.12832717788675946,3.65671992413693,0.4943378383949002,0.23912962707996888,48.61943893109135,2.6659268429801206,1.1032446390718194,6.136147521255648,1327.9921300007286,0.04838563470089371,31.070978617547727,8897.614078554252,1.3703907072279864,590.7633899293157,167.23537127450265,99131.76725205859,0.28300778763451206,0.0017575739163483179,0.04262126924188005,22.957612845402508,0.00013293140103520562,4446.902488713195,0.27470770504673125,1.944806088291674,588.8885947411189,4.542949387908563,2688.7608456097582,0.007800659474199972,0.0018040617733391553,3.7853386425454265,7380.817344127295,0.45345591254307654,0.5896557716130696,1.6255664211739027,0.6973164224806984,409.0317721107604,0.001292287602183561,134.8477801268499,0.1425452221214058,12.930720872126548,519.4661733615222,247684.28118393235,147267253.53276956,417.3414064781122,0.0034918177414394063,388.215644820296,0.410375945898833,0.6661398978275984,333.1941056916605,0.0028595807704450203,5.254345017079902,0.03446768199373315,246842.54529363647,3.37629164294764,0.0002652957386929058,249.95812133699079,0.0023548219511666775,0.431341180318129
199,Test,,Male,63,White,R,BOT,2,2b,IV,III,Former,20.0,44,70,33,N,Y,1,0.8543444076157861,0.761581455013708,16.76330438228717,22.01117723118066,24.73863375370596,27.294688127912362,25.709920264364882,28.178005607210743,4089.9166666666665,18.805126172499122,0.670764660764933,1843.8415197737377,0.4508261830372431,4117.0,60.0,110.0,35165231.0,1.8921512549349744,23.0,96.90058355043203,175.0,18.179047296974005,85.07675491863007,90.0,-470.0,645.0,10.075722953864823,92.42007227617624,-7.677703239643583,35165231.0,0.35470332228514634,1303.4155320489947,530.2380777438292,828.0920073374424,-34.04449870197417,3.7769094039009357,1.8776794386677351,0.3344844570831276,0.6484803546321538,1.4192328861549723,1.450436362004151,0.7413022074744225,0.7319298063421839,0.9978076792735833,0.9779636425649068,-0.13501264781845645,0.6107252973918507,0.4283838594387068,23.016584268026296,0.15927130449113994,3.4099714229940834,0.6016083677374238,0.3234555297883683,46.03316853605259,2.6107090847854955,1.4136472106421678,6.112716446643047,192.38401748846246,0.04672917597485122,34.134272906128245,1460.3135778479475,2.1608092042278773,527.6582462958465,188.17269856691766,100469.6791352927,0.3549732799011729,0.0026414568993620223,0.04222388771327165,18.699081315586717,0.0006847192186387536,677.5842349367624,0.2930645687700246,3.4346242850247384,522.8388226018726,4.97503847434568,2644.0301121243224,0.010781407676041549,0.003227129438522827,3.8253979243808347,967.8138488946976,0.4152073837171878,0.5611068552530781,1.7178043285946467,0.6648351492038321,343.9631571032263,0.002587207241838944,21.443037974683545,0.1357154302195161,22.875821182502804,418.8354430379747,35375.056962025315,18931668.74050633,66.21642338906469,0.018333580623541446,58.0,0.3670886075949367,0.6289097931339925,246.00541890181356,0.01612076394693824,5.156637851643656,0.03837745931503522,34696.091692036534,0.5203642968470933,0.0018842991066796825,229.7189697429009,0.003931372616642146,3.1336846929487496
200,Test,,Female,54,White,R,BOT,2,0,II,II,Never,0.0,39,70,35,N,N,1,0.8686460290589204,0.7760834275227481,17.891267464610184,23.053278591090347,31.400636936215164,25.80697580112788,26.0,31.654383582688826,5381.958333333333,20.025138904939652,0.6394200377877206,2322.690998112138,0.43156985882378096,5416.0,58.0,138.0,77151627.0,2.5306604349630444,34.0,50.189970531614314,357.0,34.041488210434,95.03822008862629,107.0,-844.0,1201.0,15.280325370176257,119.35296619331787,-5.884390310632668,77151627.0,0.24473365475455408,5212.86726152911,1478.742234107478,32842.59502238025,-764.0042199383208,26.171688034219976,5.3555796302695455,0.6626612635031294,0.9950537822874946,1.7733409303683312,4.3332370432230345,0.6906681588108563,0.6727799815246621,0.9979557336467207,0.9814795216003792,-0.21225042401842545,0.7920825586656766,0.43357971111502364,38.38668460394193,0.0952480970706792,4.378944944676294,0.7281640921218298,0.22606993609856835,76.77336920788386,3.323935433008571,7.88181691612238,6.7057672149561105,248.17725258493354,0.045822978689980344,37.851097001280735,1325.4774741506646,8.394977972973564,1477.3251477104875,159.81979320531758,242405.64161742985,0.10712661341550433,0.0010889839713384797,0.06206040708496245,74.82219859378704,0.00017270320088789856,667.0030900773844,0.20037304171742687,12.659763322439373,1454.9289662480624,4.245153834106192,6370.679362445532,0.0035659060620421685,0.0013342813221436844,4.288022849593354,1636.8202721612092,0.4882925658925883,0.6136944665378934,1.5256247089424566,0.7247420064835938,1039.7002478566537,0.001129983773402065,16.619672131147542,0.054490728298844396,64.5422628325719,1138.6622950819672,22048.190163934425,33485139.432786886,14.546879029724709,0.004701547072227563,137.30819672131148,0.4501908089223327,0.6961205998084088,754.9332251507202,0.0019299432507659093,6.055212138797386,0.056314623338257014,21732.86572426767,0.20147478693604212,0.001671140290362423,721.1736469230198,0.006480818187313419,6.885134120873378
201,Test,,Male,59,White,L,Tonsil,2,2b,IV,II,Former,11.0,44,70,33,Y,Y,1,0.7117261629232252,0.5066840837791905,14.473967325019048,28.566058789655415,26.0,29.274562336608895,31.064449134018133,32.61901286060018,5538.041666666667,20.331211412200716,0.7463796922183812,2028.1268874804782,0.3662173399105541,5563.0,77.0,115.0,53555783.0,1.5033828682475563,20.0,62.832816996828015,158.0,12.183667744650535,96.69153334531727,97.0,-292.0,450.0,8.334398776027523,98.11799310847124,-3.0657943404690493,53555783.0,0.40759768751505204,277.8879509654079,269.16278451930805,13.647108798626938,-0.9023254391257354,1.1455298994736078,0.7257999021723891,0.2242507733863316,0.576242936298406,1.2541248633199222,0.3908148338439428,0.7315515399224375,0.724757599081535,0.9980309355429949,0.971515489346622,-0.036127912815373246,0.2898841270257052,0.4806930434337259,16.402982602960506,0.18067883451372513,2.8681968567837,0.2907313701769646,0.2595458111194246,32.80596520592101,2.102492900923758,0.4678324504114992,5.545871299443082,304.5329857990293,0.05474258238343148,25.23188199787837,2267.465935646234,0.5355297315223342,268.9521840733417,169.29660255257954,45635.34837317994,0.6307954804014555,0.003926091435377429,0.034224751297857466,8.969089591683934,0.00031569896597280673,1174.3827962172272,0.3658209571338072,0.7026836876590389,268.40561198547516,4.573206894468934,1230.668741542872,0.01740132165248518,0.004075753200901821,3.304298346016346,1371.6803771645523,0.424028260303903,0.5768193697368603,1.507038256628772,0.6711385916734993,179.63489288321992,0.002851203125645447,54.0126582278481,0.3418522672648614,4.7015302034930295,261.7151898734177,78340.12025316455,21143188.7278481,291.3276605109389,0.010352510406867289,60.56962025316456,0.383352026918763,0.6431479730315002,166.76368821578976,0.008962525183894055,3.971097093467451,0.028401941398525976,77100.45637718315,3.7823155257910024,0.001054553543319401,40.02739106644201,0.005823605602619721,0.2851041929324217
202,Test,,Female,30,Hispanic,R,Tonsil,4,2c,IV,I-II,Never,0.0,44,70,33,Y,Y,1,0.7473842362280922,0.5944444654552373,35.196831358702205,59.20962075363554,61.66036003787198,71.02112361825881,68.41052550594829,74.4983221287567,54723.583333333336,44.2523371843109,0.5075515472424542,13733.681987249971,0.2509645960790818,54819.0,69.0,138.0,715449258.0,2.3074211198457846,35.0,127.6399487817902,1369.0,24.025586251249987,105.17648990313577,105.0,-691.0,2060.0,14.990398247464752,114.24149146158584,3.8756260514559604,715449258.0,0.2520468610566688,1989.02434302317,1071.2019092202013,6379.828251143157,97.11224435166304,7.890735571122922,2.0087156400641177,0.5890971420099973,0.7027727191625567,1.4596481943379929,1.5088022668645666,0.7162415981625377,0.7047275288730689,0.9997175565376394,0.9917926798708998,-0.2024235292125468,0.7649268221734716,0.4629253635099817,32.70674738582783,0.09237802731014894,4.041329797774081,0.7202102035334196,0.1819540828484517,65.41349477165559,3.12577058228639,2.47486280279676,6.600003343720463,2752.818676006494,0.05021650661278925,29.352998424146573,13816.956876265529,3.266349105396829,1074.3438771228953,177.63678651562415,189888.41979970448,0.16677345007450653,0.0009703034772025489,0.03755277393917799,44.05090941347546,6.567621214406303e-05,7161.669396400388,0.229054168621112,4.997345935677453,1078.1872280164341,4.834160381346278,5176.484714520245,0.0045940356740339465,0.0009944195713806792,4.1769909665558504,13327.381274020852,0.42316322194668177,0.5701083425594999,1.6952544761978448,0.6714133190376265,726.6250620978519,0.0006859515393565093,112.45210494203783,0.06861019215499563,63.77554208897596,1204.3520439292251,433987.2806589384,465461649.0622331,405.4330682535194,0.0019667876025877174,757.588163514338,0.4622258471716522,0.7065568112113447,881.4428188256366,0.0016727954671477332,6.308204203047865,0.029898392892975065,432868.6046849948,1.3725116211344761,0.00017123721779826166,1330.9662994361006,0.0007507541138789328,2.3213563563593143
203,Test,,Male,64,White,R,BOT,3,0,III,,Current,4.0,41,70,35,N,Y,1,0.7039918111956646,0.555009688950686,27.2963640011944,49.18177924569484,55.60575509783138,48.76474136094644,42.95346318982906,59.472682804797024,28869.5,34.62356984900205,0.579669218050826,7851.091891797314,0.27195108650296385,28946.0,58.0,119.0,267289141.0,2.2561060161226503,28.0,60.70717521229915,426.0,23.16098143451968,85.26017411732191,89.0,-793.0,1219.0,12.157580071495994,96.09402369645476,-5.458077399589799,267289141.0,0.29069279449723734,1964.7640996587597,1298.7300583377462,1525.8215290667997,-56.38687688814905,5.982310877323026,2.6510182221461625,0.38412719490726377,0.8566490175608502,1.6789382175341296,1.9110510771489406,0.6844956359106373,0.6666822788317185,0.998985816083099,0.9837865150098671,-0.10039226941699066,0.5760461373550207,0.4637073119319982,36.02633945882838,0.11477444070937413,4.032558215697726,0.4931084287742655,0.25859010270024824,72.05267891765676,2.9020477332823273,2.1583322748672975,6.320310763167744,1351.1985075658122,0.04667997331464838,34.10571228372845,8414.393629517032,3.2162811866834153,1294.1866924618255,157.7958267118082,205871.09217162992,0.12118631635786187,0.0008563145323125253,0.060970430592900755,69.48112400162475,0.00013339944046566966,4104.255454112047,0.23208316545531302,4.841778242992072,1286.6386257969125,4.28324008319735,5569.34274899481,0.0034343722456425642,0.0009136312251265988,4.019376390170392,8612.824825820328,0.48503047240615615,0.6107074712063312,1.5716270233117666,0.7226741736963673,924.0653804184856,0.0007009628436659421,126.1324376199616,0.08069893641712195,29.07043601453805,1101.1196417146514,147237.33077415227,191887707.6775432,113.07613979951682,0.002386476102195061,739.9430582213691,0.47341206540074804,0.7151354431808243,756.4501967036276,0.002142812622966197,5.764889429270912,0.05399709804463484,146894.35838440846,1.3960021687399686,0.0002663110600437486,664.0045170816054,0.002725911873143108,1.006610958936935
204,Test,,Male,51,White,L,Tonsil,2,2b,IV,III,Former,120.0,41,66,30,Y,N,1,0.5266907939756438,0.4237902651289644,20.009635591718386,47.21589247839192,51.419840528729765,53.71219600798314,35.608987629529715,58.728187440104094,12418.333333333334,24.868175897712867,0.5570977543123388,4655.0918949462575,0.3748564134972157,12474.0,48.0,90.0,68933896.0,1.7232875898192304,20.0,128.53149351184854,316.0,14.73587849965382,69.80872214205547,73.0,-655.0,971.0,8.50435591712662,74.33845699819749,-6.787277225481665,68933896.0,0.37760608443629123,652.9485017661491,922.5494651373612,279.714163950418,-12.583526357823358,2.389074572597981,1.102096850529393,0.36806073237245346,0.607114531803274,1.362538646216086,0.7284969771614793,0.7371237314842826,0.7284958002118825,0.9993338381794075,0.9854438659794275,-0.08721223671511091,0.4790223570499744,0.4486003339070225,30.36820162411529,0.1717594941082477,3.1450045595431044,0.4944838564065137,0.24315838918742327,60.73640324823058,2.3679938888019403,0.8727928557818436,5.9074277216885,602.5297418630752,0.048302849275539135,31.52772189755782,4710.258297258297,1.1320370163430398,920.2561327561327,186.2682379349046,173351.9354657688,0.20051834699896373,0.0011742850737230847,0.03822707468628783,32.46850453555702,0.00012892488677170925,2298.235393053558,0.3285753439332516,1.6905754744508774,913.8028552728097,5.106289910420833,4733.932957325934,0.005671239991982929,0.0012504617182168196,3.652788519159597,2928.157396766238,0.41531694633304206,0.5600202266868934,1.8332792238150597,0.6644061604670457,603.083253703687,0.0008872393328722607,76.45578231292517,0.17336912089098677,12.337822203711417,834.5056689342404,129790.97959183673,120577827.23582767,139.86444415696096,0.0035784634667097677,151.75736961451247,0.3441210195340419,0.6057155884544052,491.17644123635205,0.0031101146541897885,5.163807451880957,0.03535353535353535,128990.89795918365,1.6036390244022327,0.0005058532817575345,187.97234740331936,0.0023013685739011985,0.8688452336016004
205,Test,,Male,63,White,R,Tonsil,2,2b,IV,II,Former,43.0,44,70,33,N,Y,1,0.6320852347738691,0.5325026614119103,16.153219264608786,30.334532454315152,31.064449134018133,31.064449134018133,26.019223662515376,36.069377593742864,5968.75,19.174010068141346,0.676575997740102,2351.9231692138824,0.39403948384735205,5998.0,75.0,121.0,59041241.0,1.7465080415334557,24.0,22.80794268994645,176.0,14.870527143592714,97.04218072690897,97.0,-200.0,376.0,10.015953553106531,99.21435378007895,-1.9341759787793436,59041241.0,0.35855104974971647,426.30315576460356,154.48927238636654,29.897264076596215,-1.5813121060135311,1.9077755020507436,0.8238490874369675,0.3971786005437136,0.5903567548004784,1.3192266494409732,0.47035671517537697,0.7334567763861257,0.725028815739652,0.9968758831976516,0.965969190049068,-0.0938370490960805,0.5030116093767222,0.4614840777951398,12.418464716325259,0.15117982274002834,3.2531138360773824,0.49505100748199604,0.26276713547910335,24.836929432650525,2.4494858422250214,0.6829061473719278,5.948368630287872,294.67322440813604,0.04912858026144316,30.52907988335781,2150.5891963987997,0.7663331647394747,154.67439146382128,177.71557185728577,27359.80176725575,1.165370474329657,0.006821944697517297,0.03552125988871635,4.9923876499395305,0.0005058450338783023,1081.809482221175,0.3151927528128312,1.0204179042293042,154.54959118605447,4.826195344621569,743.1327525286322,0.03216163842578998,0.007044093123202483,3.581042881751001,1473.5657368728725,0.42553158939002284,0.5718444609741709,1.680579428975103,0.6732925773003215,103.59805237356575,0.0049213195545228785,35.114285714285714,0.2006530612244898,5.551020408163266,134.21142857142857,69930.26285714285,10789887.25142857,456.40039465039035,0.01616751565761752,60.74857142857143,0.347134693877551,0.6117692811302797,79.03664642124437,0.013197269062564538,4.831027631955997,0.029176392130710237,68755.53619591836,2.7508411801108394,0.0011890117160294894,65.02663620230635,0.003519810368282144,0.3629463040132311
206,Test,,Male,51,White,L,Tonsil,2,2b,IV,III,Current,3.0,43,70,32,Y,Y,1,0.8265382713566597,0.4998408370367901,14.483895518194915,28.977015171589205,33.83784863137726,30.083217912982647,29.614185789921695,33.97057550292606,6464.541666666667,23.950612029001043,0.7285039467903881,2303.619298623504,0.3563468869729363,6492.0,77.10000000000002,117.0,62278563.0,1.6519642136519714,20.0,68.28451914350529,181.0,13.952895055633192,94.85043130006162,96.0,-376.0,557.0,8.183864404878287,97.94449605179041,-5.29612614627324,62278563.0,0.4052532165281199,596.5199890314786,413.5696430896794,100.47219971777427,-5.895924169441058,1.916076562132671,0.9644244962129946,0.3298034372944753,0.5414649237413797,1.2910663024508369,0.6689113273743851,0.7633262149501087,0.7566742644608152,0.998420710670001,0.9788854874506797,-0.09312953863463853,0.4881055697751017,0.41292240048055373,20.33055898709088,0.204215384124102,2.9552915725664137,0.45837628277132847,0.36229409087599324,40.66111797418175,2.276069754833805,0.7201252645864165,5.8582730543217565,275.96888478126925,0.04250907036063913,40.841807766438166,2630.9038817005544,1.0364789224445727,413.53558225508317,225.5622304374615,92575.25431300062,0.5510116679273352,0.0026094048342650525,0.04002845890036346,14.292835552717785,0.0002884834700476107,1106.4920485796918,0.33012821464934305,1.726280934732961,414.1189038195289,6.55083953340443,2691.3439706245945,0.016344495818368557,0.0027817922486883945,3.7603699346065795,1319.30095143134,0.3905632838527484,0.5157234940044553,2.686068452649251,0.6449182470362943,266.2587439051316,0.0019257216052462646,34.048458149779734,0.14999320770828078,10.93213530245105,341.4669603524229,72823.15418502202,30033294.43612335,176.94462582824082,0.0079679266983872,106.92070484581498,0.4710163209066739,0.712007339274335,230.61979064072924,0.007175166972866768,4.805664105853112,0.03496611213801602,72005.24458072154,1.4140791318878243,0.0010526279454265727,114.94671711341985,0.002928770216225935,0.9063976649141777
207,Test,,Female,48,White,L,BOT,2,2b,IV,II,Never,0.0,44,70,33,N,Y,1,0.5458689192214636,0.41828069160825404,14.201348504718915,33.95171900026254,37.20215047547655,25.495097567963924,29.120439557122072,40.92676385936225,5493.583333333333,18.533188156384146,0.6372487525271142,2362.7200953069264,0.43008724032102785,5528.0,-62.299999999999955,112.0,106009947.0,2.9022796381610654,35.0,16.8802618529284,190.0,73.42255464091764,44.78165701881331,83.0,-958.0,1148.0,19.4010015661122,138.48071318165415,-3.5463334692210458,106009947.0,0.23547154232315007,17171.511117948936,1758.6470300521594,70815.38934157618,-1752.8189197746005,60.7610667327369,16.76449840636008,0.5512668434957892,1.822892358480892,2.3614196968613332,13.362616426380827,0.6310161451415404,0.6039914825165767,0.9932989956217951,0.9669717048939775,-0.1634214249606668,0.7504576880077107,0.3931362549195685,41.80466019668115,0.09434665613967827,4.980867979262401,0.6483134662512274,0.2390842753653167,83.60932039336227,3.574080771373146,19.38139128477424,6.657228494856578,273.77713458755426,0.049525530858819514,40.27768696555464,1301.6866859623733,27.50201287459606,1733.8883863965268,138.60600578871203,256591.70712735166,0.07537406966652539,0.0009171904991767475,0.12848326898393514,154.30401695667496,0.0004163630703988739,616.8910323956453,0.169079176995369,38.94497536133768,1673.4912439017803,3.6164838516858655,6512.050986931066,0.0025373343932388417,0.001115496714824263,4.600592073854645,1983.9174216386282,0.5423654176917878,0.6570744740064567,1.2451456452245242,0.7639870169965526,1238.33078854922,0.0009860075191549553,29.605333333333334,0.03947377777777778,82.18688888888887,1173.388,8874.048,16425256.788,4.7999566070208175,0.0031571130671418277,381.17066666666665,0.5082275555555555,0.740616056354132,800.0587689426502,0.002920215577132116,6.235018161746429,0.13567293777134587,8819.721272888888,0.2439729901454632,0.0012570723218148009,1498.1352039371743,0.03809349804060244,5.567674584203746
208,Test,,Male,40,Hispanic,L,Tonsil,4,2c,IV,III,Never,0.0,44,66,33,Y,Y,1,0.7911984746785361,0.538769845783849,21.859008812259628,40.57207169873668,51.62363799656123,46.06517122512408,43.289721643826724,52.01922721455981,15413.208333333334,32.10056124258866,0.5665487567166251,5286.588814426918,0.3429908102256615,15471.0,66.0,114.0,139388320.0,1.8556426180956875,24.0,131.06377400419336,232.0,17.419654607962677,87.98952879581152,91.0,-676.0,908.0,10.232327157249651,94.91918460580565,-8.829774692014542,139388320.0,0.3538930498554218,1267.4944285220686,1029.4713851551812,3376.509038934281,-101.48118208286853,5.346538827033554,2.1615964185837955,0.42522527324057197,0.7537801799814788,1.5077514860311187,1.5881082055297877,0.700025867195716,0.6868398935156985,0.9986418228611177,0.9813863491937215,-0.06465973275355433,0.4379114004565881,0.4801451133650974,32.072965799441434,0.14525434401639964,3.456834008402336,0.5547054885422305,0.2845501294856383,64.14593159888287,2.4964570132816224,1.8770338114043392,5.845685475704871,769.0912675328033,0.04971180062909982,29.557516033478098,5475.079374313231,2.116845969862417,1028.9027858574107,154.1992760648956,159428.11317949713,0.14942616377176887,0.001068850696433467,0.05060102443678933,47.86721615614805,0.00014146390537916046,2788.005094675857,0.29579579684016055,3.1988004189093147,1024.9939895582652,4.140428171400858,4271.549411335814,0.004176943170481965,0.0011338610670586144,3.583856367951929,4463.180744608994,0.47141142523321616,0.6090650994664957,1.413539381388882,0.7116632735646431,726.2935112751941,0.0008546012711618543,96.15022761760243,0.14590322855478366,26.058556556699465,920.1502276176025,122870.2837632777,127307858.54779969,118.69477026039434,0.0031975814560473393,290.8300455235205,0.4413202511737792,0.6908085183945852,619.8180769289521,0.002802385031318407,5.200495409162454,0.04259582444573719,122319.13867288693,1.1565951673477546,0.00043159861123675316,465.27176774561826,0.0022427912625876717,1.7422596453682817
209,Test,,Female,74,White,R,Tonsil,2,1,III,II,Current,51.0,38,66,30,N,N,0,0.3906097156308788,0.2806282522775822,15.277157846700952,54.43912978365991,46.17358552246078,50.566787519082126,24.08318915758459,54.46099521676041,5418.75,21.264453003987903,0.41313445461072806,3611.2602308737437,0.6664378742096874,5484.0,15.0,104.0,43161862.0,2.5772536648953905,32.0,25.425209962562104,194.0,35.1627036758615,61.91028446389497,76.0,-628.0,822.0,15.133051672271526,88.71587960419501,-3.9881383948684777,43161862.0,0.2492728664675861,4037.623971545631,858.0318053761222,3360.290910273087,-147.22960704508085,12.167005753039573,5.496716673249543,0.3732418639368161,1.1563315026248264,1.9860465007770396,4.133423671685256,0.6605480041110693,0.6369625802868418,0.9956821836018671,0.9697606219776961,-0.12219982450053246,0.6453473230166786,0.4285298556697178,29.2636354362537,0.09744535919981813,4.4897933476819585,0.5519785236380506,0.22435243536558486,58.5272708725074,3.23116945353087,4.415930606572279,6.453196473602992,282.8862144420131,0.05158391948249692,32.04190786964106,1367.0123997082421,6.565242378730832,847.2056892778993,121.83515681983954,107786.78264040846,0.13837540839251808,0.0014808282979210318,0.10051992370215707,65.23400763922913,0.00043259297843118284,743.1552813769844,0.20046057812362716,9.033437844685912,830.154636575239,3.2246273076318372,2794.6424909670063,0.00417859802499135,0.001649887284494128,4.110097705717215,2019.8895393313553,0.541646427357463,0.6740026931493015,0.9689770651278281,0.7627444380781697,621.432959907434,0.001378574007600675,39.65840707964602,0.07019187093742658,27.263578980343013,636.6106194690266,6436.633628318584,5659778.47079646,7.33354240240557,0.004272143753527705,257.52389380530974,0.45579450231028273,0.7020156263540935,410.2128673526206,0.0038471746863506023,5.742939267908868,0.10302698760029176,6342.423412953246,0.47195231722928704,0.0013638911478749017,523.522533703497,0.013448372363079726,2.3323428872811616
210,Test,,Female,58,White,R,BOT,3,2c,IV,II,Current,37.0,45,70,33,Y,N,1,0.9816929262714179,0.5251415841786234,15.522733067638507,29.559138973763975,34.20526275297414,33.734255586866,35.17101079013795,35.58089374931439,8027.416666666667,29.017997637217878,0.6276054677390526,3089.213635902396,0.3848328502406207,8055.0,76.0,120.0,78482067.0,1.7277530382279154,22.0,18.80686445382143,236.0,14.597750397735002,96.48057107386717,97.0,-191.0,427.0,9.475665628153836,98.70802080164145,-1.684159195103374,78482067.0,0.37260357389317156,434.77277583774793,154.10503839121435,29.676757011073548,-1.7924532908274509,1.8134395242058772,0.7575596761140342,0.40978152250283334,0.5331648488640682,1.2921432589815436,0.47053830684816417,0.7603597379647086,0.7526909023565781,0.9977206831625095,0.9724794346653577,-0.10430243893456399,0.5238228890454094,0.41375172995736276,12.403267771957314,0.1786429913574224,3.098740405509837,0.468182440460404,0.31329511678357674,24.806535543914627,2.3714895787042405,0.6427498000799781,5.965999505568451,341.464556176288,0.04239162708582098,40.73331377505904,3001.321787709497,0.7688248813923211,153.99664804469273,219.11744258224707,33481.935071384236,1.4447269912797216,0.006788718657300726,0.03627346699000953,5.076611500444132,0.00043440257556011586,1296.035048824106,0.3062689060048613,1.1437427607392492,154.0833294873023,6.199328613721115,946.1962040078015,0.0413942280866744,0.006998540451168627,3.7776902961050185,1687.1601803418976,0.3959623072749324,0.5247672253258845,2.4851328664681542,0.6494096951788788,99.56424344580675,0.0047161089578158025,43.87659574468085,0.1867089180624717,6.14804889090086,135.42978723404255,100073.85106382979,15341472.10638298,656.8726331850506,0.013661757234270693,99.23829787234042,0.4222906292440018,0.6731496065432234,88.39341325878168,0.010794882091676132,4.7336986462157675,0.029174425822470516,98898.96604798551,2.9071113536483706,0.0009663781486121292,66.84798026323448,0.002511150251183022,0.3012804416461764
212,Test,,Male,62,American_Indian/Alaska_Native,L,BOT,2,2b,IV,II-III,Never,0.0,38,66,30,Y,N,1,0.5304244358488652,0.4848128987110634,17.253909508725155,35.58880045187919,36.61966684720111,36.89173349139343,23.769728648009426,39.21734310225516,7089.375,18.87716940222586,0.6489556797104051,2750.052931728378,0.387911900799207,7127.0,51.0,101.0,49736639.0,1.9430792470325335,26.0,118.73126847531232,933.0,18.72528606603334,75.91679528553388,79.0,-438.0,1371.0,10.879273467386966,83.53814697993886,1.2205158954366986,49736639.0,0.33852902566751375,1215.2621944162092,468.1568176694253,1870.2309654760857,20.88546102607893,4.748996654412233,2.241493048772755,0.35822117933404135,0.7567463184653185,1.5570089664455724,1.6619328568056757,0.7083905370645527,0.6945724518682647,0.9993264648984328,0.98710244488836,-0.0905512537137449,0.5208958034525395,0.45382607542081616,21.622438867634852,0.13892771381692712,3.5892776324858655,0.5934113826397688,0.2781719535907755,43.24487773526972,2.6457330595937636,1.7476224257962476,6.014541045177013,336.67447733969414,0.047239298069270956,33.113153726880526,2412.6963659323696,2.0189580571408157,466.58566016556756,165.51325943594782,78264.01038305036,0.3511773728558254,0.0023320276837011586,0.053579944258593026,22.881762258042496,0.000297060692364403,1191.0032524397948,0.28018567754868356,3.0803402892972134,463.01187256800137,4.342543880945155,2043.3857550868813,0.009564880700894323,0.002472418875947897,3.739286326156455,1945.550833866815,0.4550195241227837,0.5959029044478742,1.4754989181849427,0.6984402430415243,321.0326479959357,0.0018287844893868177,34.05555555555556,0.10510973936899863,24.65785512879134,413.0154320987654,50850.916666666664,24011854.5,107.92302329975269,0.006205606755007931,162.64814814814815,0.5020004572473709,0.7340396842643966,302.3632907048532,0.005518856250848668,5.270059269070103,0.04546092324961414,50367.05245960981,0.7976667540092249,0.0010362678162729145,325.3119279614632,0.002535819301242898,2.2273518704244144
213,Test,,Male,59,White,R,BOT,1,2b,IV,III,Never,0.0,38,66,30,Y,Y,1,0.44152807874896677,0.28405231195784725,7.358403340477072,25.90509927470347,19.209372712298546,18.439088914585774,21.93171219946131,28.0,1217.9583333333333,11.437828712561075,0.6381230703184952,864.3068716129656,0.7096358290414688,1237.0,61.0,124.0,11642504.0,2.1101944545587834,31.0,17.34918842819555,167.0,20.035294140712562,92.76313662085691,94.0,-185.0,352.0,13.262954903981973,97.01487938949762,-1.9557091819661734,11642504.0,0.2846241166825364,806.8873072190065,152.5720857852365,90.0165790134731,-4.274657099084302,3.285515338701176,1.3351247801299022,0.42444467942786684,0.7490605226311732,1.5185014833989678,0.7642457691977488,0.687267165951302,0.6711027738170348,0.9944764533037611,0.9550370452398593,-0.11348273196343964,0.5896850379133981,0.48586377823769245,12.332246080091222,0.10292833735468634,3.8515864375575997,0.5687616468078515,0.20167303135219716,24.66449216018245,2.8222562375699516,1.15516002970777,6.009660122490555,72.92886014551334,0.05895623293897602,22.411350641661148,352.0800323362975,1.3570318049836325,151.13742926434924,112.31608730800323,17313.339531123685,0.7402554647110794,0.00776587053357625,0.06657901067237225,8.185345212162211,0.0015232895340294174,214.63769587266086,0.2572942667126957,1.6764941255488455,149.59675546420888,3.060249523108648,467.0054784567054,0.021932090985119636,0.008345200106681546,3.5191671272573197,436.7257480439093,0.5189486403093756,0.6737765064361668,0.8030214728232266,0.7456850204165497,110.32711790743528,0.006665323769963771,14.15,0.176875,5.87359375,119.5625,4770.9375,733235.7625,31.320389770939585,0.02356313018055963,30.625,0.3828125,0.6393234725600083,69.99269569837557,0.02074857817747977,4.5980989968506725,0.0646725949878739,4531.848593750001,0.6631532431339965,0.0063159606155229,60.30401157207777,0.010220820511960655,1.1651637878396928
214,Test,,Male,60,White,L,Other,1,2b,IV,II,Never,0.0,37,66,30,N,Y,1,0.8147859920113323,0.573312789894039,10.58739877334667,18.46705491308411,23.08679276123039,19.1049731745428,24.73863375370596,24.73863375370596,1723.4583333333333,15.046697656884984,0.6639789404142813,1046.960616285018,0.6074766044735738,1745.0,63.0,119.0,15960058.0,1.9814577253833312,27.0,5.306308370487471,154.0,17.856878022347928,92.52836676217765,95.0,-49.0,203.0,11.306401337696812,95.63558460625387,-1.0198433098543083,15960058.0,0.31359709690396637,584.6663873038808,39.646278243815196,30.74748743802976,-3.0032395179627325,2.6020569984586484,1.1257510236485415,0.39639752499849623,0.7226361092463187,1.526903055622706,0.5953422500962106,0.6953202725007619,0.6780384685514427,0.9868508900483205,0.9311929345658706,-0.08443843533475139,0.5037631098257771,0.46284488727980055,6.267139139180178,0.12265070004304574,3.6833061468244668,0.42156582480456545,0.23441854593199293,12.534278278360356,2.65301530746257,0.9319520055267977,5.9943223463084925,90.7054441260745,0.05198019720691948,29.011158857480645,547.2269340974212,1.0127621283897505,39.623495702005734,132.37421203438396,5374.910601719198,3.4056226917276518,0.029659530415158744,0.05137447298813775,1.6359827569228043,0.003273059830288877,306.4950925635477,0.2710477743255163,1.2654349560026175,39.02276218717669,3.451614935151367,138.3469824757178,0.09530982576052095,0.03161625176585339,3.5100847371631616,570.9325557211209,0.5015486913950767,0.6474322239365219,1.0208151871811886,0.733841593375887,28.156247782823336,0.024574719724522912,15.963855421686747,0.19233560749020176,3.5505878937436495,29.156626506024097,10773.024096385541,439125.1686746988,271.3739794552359,0.07159097463170899,22.80722891566265,0.2747858905501524,0.5380435747867063,14.7864177637713,0.049927748787060806,4.603559690660182,0.04756446991404011,10331.011467556975,2.9927303656039705,0.004428542288087629,20.32848349037462,0.015344315648502931,0.17309329473572072
215,Test,,Female,57,White,R,Tonsil,3,2b,IV,,Never,0.0,44,70,33,Y,Y,1,0.543756196847505,0.5260009959887552,11.58697719837516,22.02843205000864,17.204650534085253,22.20360331117452,18.384776310850235,26.77685567799177,1634.5,11.978096434026385,0.6284356360843614,1067.7754634307619,0.6532734557545193,1648.0,67.0,122.0,15459427.0,2.0695217400454657,27.0,14.331399573002516,172.0,19.315587738005465,92.4993932038835,95.0,-179.0,351.0,11.607444180394616,96.85411848233554,-2.0767271020068803,15459427.0,0.30639300947308884,824.582523903643,151.2145718279525,69.86560963588998,-5.628186876132513,2.9727484046057553,1.5290765512331177,0.32103092319605153,0.8021466417722034,1.6243638713125974,0.8741817170381967,0.6789601131956551,0.6597010201116063,0.9935950177272233,0.9522359476265835,-0.07665935734558112,0.4782577569188527,0.4721840798202873,12.282234535471552,0.11868688677264154,3.7938589170966504,0.3811950963375574,0.233374621562079,24.56446907094311,2.6957001299538157,1.1254562389597182,5.8824249712124885,92.09466019417475,0.05588268215665944,25.271903572438493,504.93567961165047,1.396065545763031,150.7754854368932,116.16868932038835,17681.41990291262,0.771379126680547,0.007557848457642055,0.06721858890059433,8.2396030272836,0.0013092749324017429,292.4267589636088,0.2638059229866156,1.831140861630907,149.56325074230978,3.153331754507912,478.51646586188485,0.022290851272843974,0.008030081193305748,3.529603807573153,585.9063838740551,0.5244265398546815,0.6717699775952204,0.8818669342472346,0.7496395975950846,111.07438545257749,0.006376308503898498,16.39622641509434,0.1546813812744749,6.834104663581346,116.49056603773585,7438.0,1138729.4716981133,48.951439922573755,0.02038569841023677,39.60377358490566,0.37362050551797793,0.6333537619826144,68.74410239078037,0.017315156324633346,4.736812664597289,0.06432038834951456,7196.285510857957,1.0311904821480362,0.00446216967551105,49.88182781975217,0.013240507523733616,0.5952122193502278
216,Test,,Male,53,White,L,BOT,4,2c,IV,,Never,0.0,44,70,33,Y,Y,1,0.7802620150182905,0.6890100736458419,25.798983654110586,37.44355074171459,44.01136216933077,41.773197148410844,41.23105625617661,45.18849411078001,17281.125,29.21578035116983,0.6494583611533938,4977.151035257115,0.288010823094973,17344.0,79.0,140.0,228425123.0,2.140380880564807,31.0,112.76544698816602,215.0,22.09206724775245,106.6911323800738,111.0,-845.0,1060.0,13.326430604615199,114.76178676129854,-7.917492777968042,228425123.0,0.2843491741031917,1787.269972103324,1512.450791661318,3939.556426984888,-105.58357483417579,6.413538587110499,2.254666140942036,0.48041178607006824,0.7725256863312082,1.5456747070371593,1.6517750892154597,0.6968045799500575,0.6822411362128276,0.9988775641450438,0.9830476513486276,-0.12366583448994997,0.6203200890103309,0.4742702504630755,38.876869816495294,0.10378924961484828,3.877970137504108,0.6234601766240878,0.20916328448623298,77.75373963299059,2.8809615337027994,2.1670511820131346,6.299897151073175,869.8152675276752,0.05015078802627279,29.14235043638346,4931.752075645756,2.9242546206308466,1507.4731319188193,157.66086254612546,241217.17262453874,0.10329986615539456,0.0007463505630024584,0.04823829013925127,64.37932728289198,0.00011472260941044433,2646.9080108119647,0.25324936490945404,4.324159083089259,1495.4923023771719,4.191377678959808,6373.898078018946,0.0028978189603636644,0.0008060557284851207,3.878089341626487,4824.744709822554,0.4588372476803971,0.6024384402497871,1.3913703354234574,0.7013374182993347,1041.09086783432,0.0006092123364549068,74.33997155049786,0.10574675896230137,34.142963806810485,1284.665718349929,111374.94167852063,169528161.10099572,73.24509784061628,0.002731807358028376,323.07681365576104,0.459568724972633,0.7046411942635266,868.5129655408659,0.002491576520579258,5.513211894810846,0.04053274907749078,110766.26329346492,0.9243741728494774,0.0004410653233780996,565.2897286959623,0.0030437994241468698,2.0954792387069907
217,Test,,Male,55,White,R,BOT,2,2b,IV,,Never,0.0,43,66,30,Y,Y,1,0.6605206020840151,0.5972639418611565,15.617469947642368,26.148355614732388,28.0178514522438,26.92582403567252,21.587033144922902,29.223278392404914,4775.625,17.271527594149973,0.7801335606898537,1757.9316065066935,0.3681050347350752,4802.0,84.0,120.0,50990796.0,1.5185891061362937,19.0,88.44408205718192,177.0,12.173565401477,101.20533111203665,101.0,-328.0,505.0,7.870418514284204,103.04687311676189,-5.193906355875679,50990796.0,0.41421013492052894,376.13901364505045,345.57362783309867,49.49705265892575,-2.600555971696292,1.3311237579376822,0.8686692313513255,0.21113820945342476,0.5810141873846697,1.2782292250907414,0.5277820786282322,0.7362671694871883,0.729592967575483,0.9982800383790474,0.975183326184314,-0.044139093585056674,0.32389207180542723,0.4696041330142859,18.586500050361142,0.18913861771727716,2.8405840186589444,0.44598132228621035,0.26427767508744954,37.173000100722284,2.0953138261908184,0.549948247322252,5.607747748014808,249.05955851728447,0.05186579727556944,28.14221947990919,1989.0370678883799,0.7090774252224838,345.55289462723863,178.59017076218242,61624.493336109954,0.5194174675613855,0.003130437195184013,0.041236897862973014,13.205353458697521,0.00035134184132032506,1007.0873989305303,0.369767229456628,1.0250273883376626,345.53736555766255,4.8292936802487265,1667.1656300176264,0.014438760071106902,0.003306830393300594,3.3850114087429497,1146.6631221800092,0.4176524717877471,0.5667029763239676,1.637258507124968,0.6667378742041685,230.17857843231852,0.002340391475119972,49.70238095238095,0.29584750566893425,8.153025793650793,315.86309523809524,56119.03571428572,19375317.68452381,163.02053603875797,0.009535452379694208,86.21428571428571,0.5131802721088435,0.741571799559006,224.16237413608698,0.00877992119073632,3.757928620140437,0.03498542274052478,55302.02876984127,1.673326199339655,0.0011769913920692805,86.90891822583373,0.003038670620545086,0.6782989078371225
218,Test,,Male,72,White,R,BOT,2,2a,IV,II,Former,6.0,39,66,30,N,Y,1,0.5169686151356975,0.42649632959478556,13.923346699321302,32.64587695877684,36.124783736376884,30.23243291566195,24.186773244895647,36.742346141747674,4239.416666666667,16.87689380126924,0.5530324408319863,2290.5384441579627,0.5402956642992461,4277.0,37.60000000000002,110.0,39997445.0,2.3864193427856812,33.0,49.82886554785462,158.0,31.904286889069418,70.3518821603928,83.0,-804.0,962.0,14.145713860865667,96.7044590313168,-5.833137904234402,39997445.0,0.2673837785493897,4402.365073029836,1343.2247399474159,7211.1783806952335,-215.41760612461024,11.661606373272067,5.4319284109274495,0.3700441310891485,1.0223126619058334,1.807044087404164,4.365396104695566,0.6821634868492343,0.6632024530195958,0.9970039488606941,0.9770570741166871,-0.1194385647391215,0.6172313677086543,0.44071068240623085,36.62876138722856,0.10898132872853218,4.092612870064996,0.5901188055553951,0.2436034171488108,73.25752277445712,3.0048339228135745,4.273383696049878,6.330158929169448,201.92635024549918,0.04721214642167388,36.49853370702643,1143.60042085574,7.143292944426171,1327.429974281038,143.6406359597849,197701.97287818565,0.10480405481201271,0.0010582108804729697,0.08532752982041876,89.477666165353,0.0003791137588304714,598.6546355171946,0.21822209003884932,10.451616392228065,1303.2260738549633,3.7596067063984595,5094.042356294244,0.003257087212705521,0.0012448977298201312,4.017852501341589,1417.9038635836841,0.5142398229816751,0.6403481951763458,1.2733344364393635,0.7440682208794475,954.0923429146108,0.0010568083409399445,28.34857142857143,0.08099591836734694,45.03196734693878,1018.8285714285714,13217.06,18068805.474285714,9.6814830536515,0.0046164890932316295,173.65714285714284,0.4961632653061224,0.7309265714982052,687.1103426980552,0.004389648264733327,5.585766499736948,0.08183306055646482,13067.7316,0.28007748521623066,0.001683843210296006,631.3606183333089,0.01188626155021204,5.317910255061101
219,Test,,Male,52,White,R,Tonsil,3,1,III,II,Former,10.0,44,70,33,N,Y,1,0.6407239415327003,0.6274794495375388,25.58019736885869,40.76658986634807,46.57252408878007,46.95742752749558,34.88552708502482,51.088159097779204,17186.916666666668,26.120130142013572,0.6157285422075286,5230.7041002943015,0.30434220411617174,17238.0,-960.0,301.0,3811440014.0,4.47479902214042,340.0,2.607164519877449,956.0,369.5512106459419,-118.63998143636152,65.0,-1025.0,1981.0,267.2670575658274,470.22000994866244,-0.9481897787183141,3811440014.0,0.10179135799791839,207031.41256089997,1662.229415659436,4195425.625429234,-43817.3218867229,1257.4587704236105,51.63494035892101,0.9210102707715431,3.581321785273256,3.1437476067551824,38.01135207385543,0.5340412667815969,0.49378508520761544,0.9925359160628282,0.9616526396841535,-0.3201065358166336,0.967326435872659,0.33252725327705684,36.888300366029576,0.036754516227745886,7.451717946734401,0.9410372061019665,0.1413536468989154,73.77660073205922,5.461520063923631,327.2734276956325,7.996872677308632,1064.3933170901496,0.06174691478652684,41.82630596153756,1754.679429168117,331.1630276865743,1683.591599953591,112.88304907761922,164732.14235990253,3.841746165595099,0.026258985204979404,0.18151807595911976,311.0120908333993,0.0016664990483067862,801.8212514786774,0.06491224073251105,328.99082711162214,1749.2744270470996,2.9779210675091905,4700.266363400044,0.08848994930404194,0.023399748960881237,5.951826358739435,7729.599773842447,0.625662069898519,0.7142493774933732,0.996160691987635,0.8177326401147985,1463.9532557971436,0.017294421642188616,55.58041543026706,0.016492704875450168,357.198967059673,1759.8014836795253,7251.772700296736,13171579.720474778,66.64821786270768,0.008895712571002926,1680.654005934718,0.4987103875177205,0.7339695574673032,1204.0398182572733,0.0047217810930003596,7.499683671328317,0.19549831767026338,7225.608109255165,0.475584145205709,0.0004821124137667482,6030.712038556653,0.25317524291113985,3.3282387049019557
220,Test,,Female,56,White,R,Tonsil,1,2b,IV,II-III,Never,0.0,39,66,30,N,N,1,0.8234046342462127,0.22648388968099917,4.331977395903503,19.127088474173856,17.26267650163207,21.213203435596427,21.540659228538015,22.22611077089287,774.75,15.749333289272075,0.5409704682193416,754.0815069490868,0.9733223710217319,793.0,77.2,173.60000000000014,13668057.0,2.745907046031385,43.0,77.82668273947755,263.0,32.20007664797113,119.86002522068095,118.0,-713.0,976.0,18.738223410175973,131.28551041871162,-5.001751330645655,13668057.0,0.1947510451634653,2869.459599999365,1189.4365978271553,2453.783698144537,-54.49392225595413,9.103307148203875,3.3565034706534056,0.44249872897569414,1.1381450833168194,1.948311972036856,2.027237361254018,0.607296005785797,0.5730371001987329,0.9980578338867558,0.9733359673386335,-0.149662335069463,0.7064033720550733,0.4717120771534958,34.46735139125005,0.05838906980990269,4.793379654418717,0.643352634963864,0.1340097622929479,68.93470278250008,3.4052142603526097,3.1149526547143203,6.110362717574525,61.078184110970994,0.07702166974901765,14.741182700457498,154.43757881462798,4.695989021211769,1182.40605296343,62.722572509457756,73731.32156368221,0.05481715917065476,0.002114716845349356,0.08529777504169835,97.95043499011051,0.0013361839095901353,107.97819314470411,0.17614080805714447,5.668094371559419,1182.7716690328489,2.2248833651616473,2630.336866379317,0.003556304191134088,0.0025144415926510264,3.786590496878426,400.81049319924864,0.6413716500415781,0.7720438451838199,0.46050440128286857,0.8227098726897678,973.5358489104158,0.0023633585150794594,7.714285714285714,0.11020408163265306,26.901224489795915,1136.7428571428572,1397.1857142857143,1649395.7428571428,1.2000116424867657,0.015181614830959339,15.542857142857143,0.2220408163265306,0.46846278807070413,520.2329181733631,0.01470898411110269,5.330480917503612,0.08827238335435057,1268.8491836734693,0.11486371051407616,0.011526292209455762,133.8023478233609,0.030575593699705816,5.162911607184349
222,Test,,Female,49,White,L,Tonsil,3,0,III,III,Current,37.0,45,70,33,N,Y,1,0.4145612717725307,0.34534948607656196,16.028623355289177,46.412761569118786,43.08131845707603,43.60045871318328,26.832815729997478,47.644516998286385,6372.5,19.24093346256912,0.45363289526097506,3664.2588655759073,0.5750111989919039,6431.0,42.0,127.0,80843962.0,2.615205673282919,38.0,41.0914152787687,206.0,38.319290688874574,81.28502565697403,97.0,-903.0,1109.0,16.276429798598613,112.12037453533183,-5.2606189646820205,80843962.0,0.2358404024821363,5963.7229898881615,1684.373220476604,13267.353093564174,-402.4114167877382,20.009428890955114,8.007986873866916,0.4307473084830575,1.2972082335378343,2.0492001596285734,6.2931577198321484,0.6402912475812604,0.6150142449143384,0.9965961811301652,0.9747662490363229,-0.12457960330098386,0.6608095994623178,0.4496988359466966,41.0045284557666,0.08191355745887195,4.653238483754687,0.5840720088787481,0.18040207102244413,82.0090569115332,3.346383571663573,7.004353941205508,6.423967756501586,350.02161405691186,0.05442724522732263,27.50167505441119,1516.6896283626186,9.650117229508629,1672.377235266677,109.86767221271964,190790.92458404604,0.06357230159350076,0.0008083446966075985,0.09584101069091717,127.72542080599344,0.000275226930764169,882.9357349883581,0.19884774552521245,13.21118030267306,1646.268803347054,2.993412965098995,5100.364629374701,0.0020659836051990436,0.0009131606528099897,4.070598550120919,2476.549918341593,0.5549342755150469,0.6894010980467209,0.8538826341345088,0.7721029628700813,1253.1772884663494,0.0007806203733959149,41.91410048622366,0.06793209154979524,50.67203412759497,1303.0518638573744,13592.474878444084,23501812.849270664,7.870220090415796,0.002887886410428239,280.5202593192869,0.4546519599988442,0.7011595521472963,844.3281471575053,0.002681790281215616,5.924874669554588,0.09594153319856943,13483.835645369316,0.3141497330914597,0.0011303207127911468,947.1220473121572,0.01282592594465243,4.66318243247638
223,Test,,Male,49,White,R,Tonsil,4,2c,IV,II,Current,30.0,44,70,33,Y,Y,1,0.6213210400409412,0.6028162290940785,23.604138941765168,39.15644238251155,45.17742799230607,35.4682957019364,47.53945729601885,47.53945729601885,12388.0,24.328721505405266,0.6189333713696574,4183.190952551473,0.3376808970416107,12427.0,78.0,123.0,134220204.0,1.795940170197895,23.0,116.7298922148832,209.0,16.093616455353143,99.59829403717711,102.0,-694.0,903.0,9.584579762836094,103.9263795357188,-7.273651576795574,134220204.0,0.36496260394549823,880.872188286279,1058.3569421401714,524.6693421619549,-19.11702182940957,2.7267248620882114,1.334712385743343,0.3389968768364558,0.605878350669079,1.3577524578049278,0.965036324301646,0.7439858528002575,0.735979882097822,0.9990806379166612,0.9844645423136859,-0.10558594712221697,0.5418059839957937,0.43818412354581326,32.52704891553067,0.16185581260748044,3.258455600812454,0.5209189567276283,0.2726826608312553,65.05409783106136,2.4765172559886555,1.0153593119578885,6.058098360209488,564.631769534079,0.04543588714364521,35.994817145018196,4535.390279230707,1.4848604900660414,1058.0984147420938,201.82546069043212,214093.38400257504,0.19059362379246453,0.0010335213732442564,0.04145203193677313,40.13839347492477,0.00012860323832186582,2095.348815061947,0.31027388884669915,2.391585150869935,1055.4666585635632,5.554223497228277,5887.710707181552,0.005407894343405472,0.0011098187342756308,3.7988108985506654,2789.529149029193,0.4108113543910695,0.5431721252112336,2.110834720923757,0.6626506039530461,697.2983473599904,0.0007914802934455797,62.89521640091116,0.14326928565127828,20.933307735015905,950.6970387243736,124508.93166287016,132394491.35990888,117.2078661907677,0.003482100790079963,190.1981776765376,0.433253252110564,0.684136892302504,616.6249263820687,0.0031755151597406715,5.160359050725287,0.03532630562484912,123707.61613939323,1.1962740407863413,0.0005768942158612537,221.09263542236238,0.0025958328730319,1.0806806451420927
224,Test,,Male,65,White,R,BOT,1,2c,IV,III,Former,44.0,39,66,30,Y,N,1,0.37184491115509416,0.2715759126390102,8.022449613855894,29.540357743433827,27.892651361962706,28.160255680657446,13.0,28.231188426986208,1629.5833333333333,10.984431700596849,0.6755922882787551,991.251422933829,0.6082851994480157,1648.0,75.0,120.29999999999995,16478686.0,1.6599585256517695,23.0,16.47122470821401,154.0,14.305187517673673,98.19053398058253,99.0,-134.0,288.0,9.771372124897663,99.99601327004449,-1.4336801415327753,16478686.0,0.3703223678009237,357.82170651098124,110.53272307472528,11.271567460837359,-0.9598508295848002,1.472623519114163,0.8154097438770939,0.28570500659690856,0.6090575123753503,1.3198762384901346,0.4388545562217229,0.7234694355008282,0.7138401674197883,0.995339650191451,0.9574014197925345,-0.0577780697193704,0.3794358293835198,0.4733188181517979,10.505632585666763,0.15912162310028008,3.124096519693477,0.320964384787258,0.25656170130870615,21.011265171333527,2.2811373955733223,0.5720083157478142,5.601240301260229,91.14077669902913,0.05530386935620699,24.568243943821283,610.2912621359224,0.640280363370723,109.54368932038835,143.44174757281553,16169.422330097088,1.2878406691083806,0.00992996050969391,0.035002147418985226,3.5602748678468648,0.0009637624532283247,341.3841272974589,0.334239322813827,0.7958446202624306,108.23869463767947,3.8508993748269513,427.7927257305354,0.036229177327555526,0.010466090924728675,3.2687580073328064,474.27790989906765,0.4586734095813641,0.6191187453323376,1.1332573977956963,0.6983735522010254,74.79483880004474,0.007703285504600867,17.19607843137255,0.33717800845828527,4.033064206074587,99.0,19265.764705882353,2136606.3921568627,175.40871047080168,0.030300744703282527,10.96078431372549,0.21491733948481354,0.45612707273047565,44.66730086364598,0.024355436531307215,4.095198638094091,0.030946601941747573,18221.58785082661,2.733747505188134,0.00392573250745601,16.795609748965358,0.015347143884558727,0.2677139536915785
225,Test,,Male,53,Hispanic,R,Tonsil,2,2b,IV,,Former,,39,66,30,N,Y,1,0.8075463030882902,0.5943265013048232,18.630146022832783,31.34665202028,36.235341863986875,35.608987629529715,34.20526275297414,37.92097045171708,9406.375,25.3138729531722,0.6075134682377507,3547.124291383505,0.37709790343075894,9456.0,59.0,129.0,102059111.0,2.3602412287081727,33.0,66.34128229163379,398.0,25.255677175934277,93.12595177664974,99.0,-668.0,1066.0,14.085355312292592,103.88962024061607,-5.725061112622022,102059111.0,0.2609318097391498,2120.610299432531,986.0102853724115,2230.625239978258,-74.64881232878342,6.696258404544277,3.007115477195126,0.3797591136148183,0.9826098667104604,1.7926346727719915,2.0289242442329396,0.6419167792839292,0.6162171472411059,0.9984888534892817,0.9785182790145787,-0.08177763019010326,0.5321328161556514,0.4846620730302019,31.386100702159567,0.08783419454721567,4.305878888358807,0.608607341413459,0.17949698136370623,62.772201404319134,2.9921786299391306,2.4258434704348497,6.1746206125414265,529.0843908629441,0.05595224099650425,24.321639131530198,2467.371192893401,3.477626258925479,979.8748942470389,110.24450084602368,110119.37870135363,0.11077073356137976,0.0011841254295884556,0.06915733263570269,61.071516556591064,0.0002348096446607314,1445.7015914129292,0.22413266294582607,4.705657395124539,972.7346801243434,3.0372671327262193,3004.3760089700486,0.00331563591911223,0.0012670600174559217,3.813442452265279,3525.8496657152377,0.5441234520035676,0.6819439021215672,0.8634480735627097,0.7647397619876466,739.256765694867,0.001029084043826025,54.38928571428571,0.09712372448979592,30.807828443877558,854.8053571428571,38493.47857142857,38398890.91964286,38.64289857209881,0.003815350871361993,240.96428571428572,0.4302933673469388,0.6818032772128355,563.4115627081168,0.0034506277476320313,5.715827642914855,0.05922165820642978,38208.3512244898,0.6340136735205788,0.0007608377622870713,612.7774243095579,0.003998431858778745,2.211005468211343
226,Test,,Male,63,White,R,Tonsil,2,0,II,III,Never,0.0,38,70,35,N,Y,1,0.617814350663743,0.4865969021661168,17.229640032577986,35.40844579132986,37.33630940518894,38.07886552931954,30.886890422961002,39.93745109543172,7175.25,21.8758459445828,0.6002491249665378,2997.1647334322997,0.4177087534834744,7221.0,-20.0,114.0,58939975.0,2.9916954751845113,45.0,10.124668074959766,287.0,42.986149297081845,63.288602686608506,78.0,-537.0,824.0,22.14063012448392,90.34545327712584,-1.8651193224217322,58939975.0,0.1901867027153354,4156.853697825938,629.2741301208194,3231.0474048005412,-168.34573650906745,20.45556724259916,4.098896669672333,0.6638862092127801,1.2365526040501107,2.1004397073008785,2.5137483947658845,0.6132272586596511,0.579137066598988,0.9966012273615529,0.9666863863057038,-0.18629825639836953,0.794433402867029,0.4385958533273758,25.003658259326638,0.061389045615165325,5.293316840953309,0.7761695935027083,0.16834116946096306,50.00731651865327,3.7220444424247043,6.1386159780678735,6.873936811549207,406.16188893505057,0.0562473187834165,28.515236406086892,1373.3381803074367,6.718451532013762,634.1512255920233,106.36573881733833,70446.82675529705,0.1625263763788615,0.0018313423844294697,0.07665367808207665,44.43580148307204,0.00032343508430574745,772.1941036063498,0.1529272929933655,8.355034477338002,624.8354328251505,2.938943389247958,1902.385225686925,0.0049413206225063806,0.0019516503084494945,4.404649907819271,2919.087917435721,0.5747649386790438,0.699104108742663,0.8622907227634309,0.7852783282245467,485.16662609066674,0.0016131066301455707,34.335907335907336,0.06628553539750451,24.251118051311103,570.8899613899614,15784.013513513513,10526552.332046332,23.746635671786105,0.004451069408083467,154.97683397683397,0.2991830771753552,0.5661968641379663,316.6354064326834,0.0035974740206666067,6.407943770297744,0.0717352167289849,15589.685607698157,0.5954358710051548,0.0013237246639560267,431.99945837842154,0.012332235051106191,1.337600617528378
227,Test,,Male,58,Hispanic,L,BOT,1,2b,IV,,Former,18.0,39,66,30,N,Y,1,0.7031031936045234,0.6341077015927586,18.37651781981688,28.98012084328662,35.4682957019364,29.410882339705484,29.410882339705484,36.359317925395686,6288.25,20.37601551595984,0.6249622859095539,2636.231311634458,0.4192313142184961,6320.0,7.0,55.0,26144535.0,1.8713775405695987,20.0,70.21283570481893,89.0,24.23784074066656,28.546677215189874,40.0,-824.0,913.0,8.990063328809184,64.31790973483379,-7.169638949033552,26144535.0,0.39433148734177226,3321.880732629987,1215.5961223201045,8331.925769799338,-240.120612654282,10.545595281665458,2.956323267642244,0.5518405320615871,0.6574459211363817,1.432813752261682,2.5127226753586913,0.7805370254122141,0.7719442520571385,0.9980575727070272,0.9839312920066938,-0.18485050645760281,0.665701330366161,0.34224633879243577,34.83816325572946,0.22956481223843583,3.091430805718381,0.7285518567276377,0.4285118034986904,69.67632651145894,2.476556923404108,3.3754796373269267,6.0723729238250055,241.6376582278481,0.03823380668162153,52.64096208540298,2492.175,5.392650191275437,1206.6621835443038,260.44778481012656,321854.02737341775,0.21224860746447485,0.0012041379415605473,0.047221999264497445,42.470612432407464,0.0001815304545727339,835.356380674354,0.27182653550011593,10.333966785306965,1176.3856115016354,8.324688131746624,10210.076547065762,0.007638854937147408,0.0016085685486637452,4.222541135903949,1188.093394548507,0.38170330748887454,0.4840189873417721,3.811347433383493,0.6363179281859146,727.9870114862701,0.0012913857832205881,23.14189189189189,0.07818206720233747,45.27483564645727,852.1418918918919,48230.02702702703,59287542.01689189,39.26008598908801,0.005615366534047476,119.54729729729729,0.40387600438276117,0.6606728457680713,515.245806059373,0.002708361376536815,5.7987099706218,0.04683544303797468,47774.14682249818,0.3595488273547028,0.0013257400873251893,418.6374454977691,0.005510102403725808,6.147105134559288
228,Test,,Male,79,Asian,R,Tonsil,2,2b,IV,II,Former,8.0,38,70,33,N,Y,1,0.787932239782339,0.5326073623892313,16.518806222736163,31.014979118264915,32.7566787083184,34.40930106817051,33.12099032335839,37.067505985701274,7704.041666666667,24.43770196345695,0.5408279865121737,3487.953736860822,0.45274336351947153,7750.0,57.0,141.0,92926518.0,2.6313785939128573,40.0,54.601418234955204,260.0,29.296567875130073,98.22038709677419,102.0,-730.0,990.0,16.88922213339664,109.5012257995905,-4.373552262916763,92926518.0,0.21794214360041622,2343.274010172737,1197.4067722210575,2081.8606665248285,-57.00087265600344,8.567272974811656,2.6892640121713933,0.5209402392042188,0.9585077079707739,1.786571537291046,1.754799757311743,0.6465710817225467,0.6202462469131462,0.9985113878911274,0.9779822550379832,-0.14707635752783593,0.7066992208087863,0.47222434680072384,34.58231568821934,0.07188142462007965,4.659532461286132,0.67528490535095,0.1763257363135065,69.16463137643869,3.347312164485509,2.8141342467457613,6.602586162593678,425.4585806451613,0.0548978813735692,27.566816499479707,1689.0516129032258,3.825541727367326,1190.1169032258065,113.46503225806451,136535.86503225807,0.09475439047904491,0.0010207759142429594,0.06889114179066418,74.78243467621259,0.0002371932847208705,992.1920840786079,0.18763273277013914,5.009081755976803,1184.4856361533132,3.1106732687180108,3723.4656393617197,0.002869373065471984,0.0011084084235390295,4.066720945715659,2922.3551378639186,0.5497378036024941,0.6819950372208436,0.9299003407711771,0.7686314893947579,906.479543319319,0.0009148465754759536,41.84782608695652,0.0909735349716446,26.00640831758034,1053.0695652173913,25595.578260869566,30712746.439130437,21.367954465279347,0.003879529471667365,185.02173913043478,0.4022211720226843,0.6592432495435623,670.1335054348493,0.003560890512803596,5.722738345901466,0.05935483870967742,25311.729017013233,0.4735933162667161,0.0011161305820409286,490.75768757073814,0.005598644810876531,2.548162140147839
229,Test,,Female,60,Black,L,BOT,1,2a,IV,III,Never,0.0,39,66,30,N,N,1,0.5604492443124867,0.39024836336402446,10.784724716208453,27.635541180088023,29.732137494637012,23.40939982143925,19.924858845171276,30.0,2521.5416666666665,15.488318170546938,0.6161400362967148,1454.059329644187,0.5766548888983343,2548.0,43.70000000000002,98.0,25351696.0,2.149302349927252,21.0,37.71384570021063,151.0,35.153960134953635,61.212715855572995,78.0,-706.0,857.0,9.560415971074978,99.74790830855015,-5.370810408298695,25351696.0,0.3498979715059553,6202.648629515807,1044.0451383950606,12984.11106510543,-405.0902574064356,17.99566961891052,7.356100683381921,0.4062017660340497,1.0170535878476596,1.7342383578343505,6.270198457209688,0.733097046788692,0.7199407612219137,0.9952348728981016,0.9758682033276659,-0.16584997112757405,0.661136590213186,0.36989864036613773,32.27045779086034,0.18824205567184674,3.5438620554583147,0.5929058701187254,0.37043102355052704,64.54091558172068,2.7458388992213925,6.337942575573108,6.134387284304028,107.30690737833595,0.04211417087061851,46.103368542200116,891.5400313971743,10.027294470499225,1033.1734693877552,195.71428571428572,211073.6295133438,0.1823487293964913,0.0016480749293456328,0.0828472978778207,59.706928388414156,0.0007733232838687972,372.2826963521341,0.25567321947985466,16.650827957595148,1000.8355944428287,5.226871412633898,5554.091319792966,0.006143711975839915,0.002212845821846787,4.1682236415011635,644.8807118969023,0.4387154186556954,0.5680171476874774,1.953762561928863,0.684388789010418,663.376207122643,0.0019163988458614724,13.592592592592593,0.06292866941015089,55.490719307270226,705.9768518518518,10172.814814814816,10927286.361111112,9.48533155129611,0.009194512037852196,111.48148148148148,0.5161179698216736,0.7447858108207884,474.151092297631,0.0088689908234905,5.569081722761733,0.0847723704866562,10033.662208504802,0.20845516404961306,0.00244247171438669,583.4004009674114,0.01563214173946615,8.541746450927892
230,Test,,Female,63,Black,L,BOT,4,2c,IV,II,Former,22.0,45,70,33,Y,Y,1,0.797354865507438,0.590559142546296,33.18132888950316,56.186292784218416,68.26419266350405,61.032778078668514,66.85057965343307,68.36665854054884,33406.25,44.80041392632201,0.3622744762631487,13846.229906551145,0.41448022171154036,33511.0,85.0,159.0,544119539.0,2.35446301963951,40.0,57.478027892648186,353.0,24.67443126981329,122.2796395213512,126.0,-726.0,1079.0,16.605010319079874,127.4246551191612,-3.985020120002592,544119539.0,0.23583259865364029,1284.732490765582,1260.1696056806486,1372.6926187478896,-41.600767704497414,5.79464058833889,1.729375978270183,0.5402699462262175,0.8243777807291399,1.6137660870923314,1.0419108672760655,0.6676357189049261,0.6477185423521945,0.9991758931856977,0.982448902956941,-0.13409389755026419,0.6669976696419929,0.49207224889991596,35.484547219803616,0.07430731203195429,4.297679310998336,0.5970671899275207,0.15466291754192857,70.96909443960723,3.129397790354599,1.8810041416522685,6.446461371647958,1895.4423025275282,0.056561794710021436,23.184402938491047,7902.986213482141,2.139108856262653,1256.1181403121363,119.81674673987646,151923.13338903643,0.09482467420604188,0.0008360075450006213,0.05329555250164205,62.65430010771604,8.143442963477293e-05,4842.449134394918,0.2187621755415346,2.66710718504231,1250.6711782624216,3.2578648798109593,4110.966124249005,0.002646917691548223,0.0008587629124872235,3.8380880086954368,11395.421074391015,0.5121140864234613,0.6603778782167969,0.9347733359346875,0.7417170750346298,923.6619504170575,0.000653976391876097,179.98151950718685,0.1231906362129958,15.256095395641454,1144.0965092402464,161963.2094455852,205951398.37029433,127.59417801896346,0.0017020001467256453,572.3086926762492,0.3917239511815531,0.6505528216135871,732.1068529172251,0.0013993911429005972,5.508378660628816,0.04359762466055922,161437.10212642554,1.7143379929576124,0.00025662671346313274,531.6391376836316,0.0020884625993854537,0.8703996657937793
231,Test,,Male,49,White,R,Tonsil,1,2a,IV,III,Current,30.0,39,66,30,N,Y,1,0.7318581663361953,0.47925864483778696,11.450126433481529,23.89132998812575,25.96150997149434,26.248809496813376,26.627053911388696,29.359836511806396,2721.625,17.485064956442667,0.5444571082241448,1731.4341378686124,0.6361765995934827,2749.0,75.0,132.0,35906945.0,2.144464045913128,31.0,80.79228334325028,176.0,24.609559268286453,98.92433612222626,105.0,-721.0,897.0,12.679732548090747,114.28832250960257,-7.659747990886981,35906945.0,0.2939797149689407,3275.7963848357304,1130.7615720891163,7898.820582644549,-222.71393496239926,9.729284806237612,4.940497150148711,0.3152832933686194,1.0445230011620898,1.7553867096566522,3.8264078636260375,0.6430779210610216,0.6199640187740373,0.9969609760705107,0.9744532705858634,-0.06902630652276988,0.4678299990021845,0.4990421862494553,33.608982935824315,0.10248334729929838,3.924469244932154,0.6876899655813529,0.20042253968070234,67.21796587164863,2.715373271045347,3.6674454890965813,5.77032532181954,172.23826846125863,0.06265488121544512,19.397990287416928,808.1502364496181,5.3284693226850175,1126.1287740996727,90.1989814477992,103045.19825391051,0.07959326065440388,0.001413199632128044,0.08761842101312943,86.68377573272203,0.0006073424574640068,511.63798260477165,0.2602308981447289,7.207643583905307,1119.517735148933,2.640007265345934,2993.2918989640507,0.0030687246507163446,0.0016304495025740216,3.455990144349213,1136.4998930553397,0.5746557599068978,0.7148333659792372,0.6551147421112646,0.7850389013426409,873.9594127578856,0.0014417516668191203,27.87272727272727,0.12669421487603305,44.202396694214876,961.1909090909091,9151.913636363637,10448562.409090908,8.032016137242177,0.007529457298771412,106.33636363636364,0.4833471074380165,0.7217312093799066,665.1093051400765,0.007248249152409635,5.115971966537664,0.08002910149145144,8995.777252066115,0.23943633967337316,0.002334768574707942,535.8803502390379,0.010221411887981981,6.302075037435039
232,Test,,Male,51,White,R,Tonsil,2,2b,IV,III,Never,0.0,39,66,30,N,Y,1,0.8979392396522542,0.7283293818597668,22.856999366937558,31.38277808945852,36.013886210738214,38.41874542459709,36.89173349139343,40.53393639902249,12278.833333333334,28.179827895823806,0.5264726552088785,4888.921250469822,0.39815845021675417,12340.0,38.0,109.0,104915441.0,2.4006200265248463,35.0,97.6727565038556,211.0,27.75978777952607,69.69327390599676,76.0,-989.0,1200.0,15.074205289937034,92.20662486702302,-8.062265883360615,104915441.0,0.24887624806600664,3644.9092416316203,1886.959269384241,14247.908121639426,-301.7571453302728,11.394423180708172,4.250813457858683,0.4533518691271809,1.0783685016054483,1.8319279067838532,3.0735985000998634,0.6225653393924266,0.5944122915902234,0.9984004903256707,0.9794226669945227,-0.07640688600892326,0.5235557872530807,0.5001287558840641,43.418579666530476,0.07624393469173403,4.408385089825502,0.6978738228940522,0.14649011007597695,86.83715933306097,3.0340637568901294,3.9113091596417147,6.138220407944175,781.1319286871961,0.06330080459377602,18.56317350908484,3071.132901134522,5.927562157036323,1881.0421393841166,90.52965964343598,171999.79448946516,0.047833590151748366,0.0006465844065080703,0.08019230649233108,136.9143425316629,0.0001587939232868625,1956.612675461406,0.22263914713145358,7.951818490552897,1873.5840802615794,2.666788163726693,5040.084303027399,0.001574031922533607,0.0006950047661804082,3.7319538753767034,5064.003093193085,0.5745485495052183,0.7121805261189379,0.6825881123101313,0.7859044924884268,1467.005734510171,0.0005819772715197799,83.27853881278538,0.09506682512875045,54.688100748524846,1669.3333333333333,39100.66894977169,74396644.03196347,20.570368461031922,0.0021798783595621558,404.9086757990868,0.46222451575238216,0.7068837410393686,1133.6473261798615,0.0020073858808687564,5.695811696415694,0.07098865478119935,38902.23219907842,0.507541224676255,0.000554204015743375,1203.610298818216,0.005074135441198228,4.008964169332681
233,Test,,Male,81,White,R,BOT,4,0,IV,IV,Never,0.0,44,70,33,N,Y,1,0.9187119412096719,0.7097074114728678,24.491928454470433,34.50989528718873,39.05124837953327,37.20215047547655,42.5440947723653,42.96510211788167,14603.375,31.70465289023567,0.48990025714999996,5897.64483945488,0.40385491980140753,14692.0,62.0,112.0,135245467.0,1.9750066079008428,21.0,116.5084242613171,259.0,21.149491975311708,81.1412333242581,86.0,-921.0,1180.0,9.351196342109692,95.94468008318456,-8.683696526029154,135245467.0,0.3744605634645323,2621.4818908829407,1670.4669232369074,17129.60237725218,-337.28383436248924,10.7381831684611,2.8909929648442487,0.5729895366433546,0.6498110374528738,1.453675551426946,2.4638341623905404,0.7740399592360158,0.7643226807643365,0.9988649063819754,0.9874669848942431,-0.17539691864040133,0.6807113036123836,0.35117027927161476,40.84733818422115,0.22066248060621213,3.333393965757124,0.6651807862149767,0.4357222209859373,81.69467636844232,2.609891715522935,3.4072940333263353,6.213666879060979,556.2659950993738,0.03786182923355389,59.67409049443519,5501.57459842091,4.260261950826366,1666.781513748979,261.97495235502316,441317.1813231691,0.15752934357119786,0.0008310238022294455,0.0539183531297579,77.10411624791405,7.121914575186222e-05,1763.8484002030154,0.24396950233563922,8.017403890317313,1646.9296220389526,8.712968007059937,14635.182139195946,0.005733873859381596,0.001043929979754255,4.265412751433882,3087.550474077828,0.4248536705967204,0.49141343274204696,4.489244133263254,0.6768160500119698,1101.3615906390428,0.0008253443973160443,64.6246719160105,0.08480928072967257,35.045880091760175,1387.7795275590552,98715.61942257218,166434175.47506562,58.57752457247159,0.0023066966908733668,318.002624671916,0.41732627909700265,0.6711467567952931,890.1902739767254,0.000802379651333376,5.782753039627093,0.05186496052273346,98343.86863551506,0.6185558388125156,0.0005826048295556414,538.2740063781167,0.003501774442256108,3.3362053069813613
234,Test,,Male,82,White,R,BOT,3,2b,IV,III,Never,0.0,49,70,33,N,Y,1,0.8648186576364266,0.6897889711847778,22.106515861705486,32.048230379409304,34.9857113690718,42.2965719651132,44.384682042344295,44.74371464239419,11135.791666666666,27.7159075763437,0.5705652013754802,4226.617129299564,0.37955246073355636,11189.0,70.0,123.0,161411988.0,2.0793798158620005,23.0,55.18527050044628,186.0,31.70216784274668,88.28957011350434,103.0,-890.0,1076.0,10.247928930932767,120.10808877649873,-6.64352796605848,161411988.0,0.34631128984495957,6630.904798715905,1629.447939975261,23443.27619172792,-562.6643499613364,18.528914107219453,7.6801328599499445,0.40200956647480685,0.957770054130711,1.6410435891566713,6.736377151558221,0.7295569846292835,0.7181137546620067,0.9966915845316779,0.9810890921540817,-0.11992936309654288,0.5824689225336899,0.4062994619861261,40.33279026688099,0.1720237786234831,3.536881211762913,0.5428228625782178,0.3382084023609252,80.66558053376197,2.6716828676293414,6.552261741792346,6.197675191044381,457.6429529001698,0.040901148708568216,45.842781540138105,3874.8770220752526,10.698966396246023,1615.2566806685138,205.68477969434267,342180.71900974173,0.12397226917059609,0.00084946500886075,0.0680805581908693,81.88900200927,0.00027693772568868313,1613.1887357546013,0.2606323188937382,18.431948511269233,1579.3145891606694,5.682220259076713,9363.939579360931,0.0038718893000223697,0.0010517696660311668,4.141530400221908,2736.7860068984705,0.43975216166818915,0.5521975566662313,2.3268065296572917,0.6879624037878332,1063.335397323565,0.0008625162079257248,47.57221458046767,0.06543633367327054,86.68786007957938,1157.786795048143,57055.4401650619,94671618.24896836,34.406231189834486,0.004262202814750228,388.55433287482805,0.5344626311895847,0.758205859305247,802.889111357114,0.004063358409002661,5.878755470701936,0.06497452855483064,56818.568165606805,0.5762915822771905,0.0005444348693622618,1000.9887255773352,0.010312656472096258,4.069837010293203
235,Test,,Male,57,Black,L,Tonsil,3,2b,IV,II,Former,15.0,44,70,33,N,Y,1,0.7105901555408269,0.6203439844207654,33.77624391297555,54.4476044923906,72.06247289678588,61.0,74.81310045707235,75.0133321483588,36512.541666666664,38.68993174507327,0.43303809171387075,12290.967433173406,0.3366231676058361,36633.0,24.0,116.0,824573176.0,2.809147352221441,36.0,31.050438878825542,1281.0,60.467919133877,55.55253459995087,83.0,-976.0,2257.0,16.275066621548635,150.0300860645557,-4.680958435444293,824573176.0,0.22736414984031064,19422.942624059247,1859.9526751063104,365664.3775959365,-5353.213081491052,99.93369866621137,12.912105041929273,0.7714824925784511,1.4214454305092432,2.0296598417455893,10.845134219273408,0.6531210764227572,0.6321463681647279,0.998548428082013,0.9858247313394423,-0.1941390040782684,0.796252294658828,0.44951305756891197,42.87419682678193,0.08064543153937623,4.858179310325066,0.8698859943253396,0.19107946262873643,85.74839365356382,3.6126494144985353,28.21145092703512,6.743607570395259,1875.018125733628,0.0511838540587347,30.070945144413013,8329.0309011001,31.15675921849042,1858.0127207708897,135.17192149155133,261678.21461523764,0.10221488122120644,0.0014332231115692213,0.08803305428121927,124.8291352143583,0.00022850537498875334,4374.677571777041,0.18507909286287655,43.713808773970236,1818.2437001175215,3.588205923807445,6820.450346702151,0.0038553647645129005,0.0017165105793232837,4.525971652900861,12031.316089406911,0.5065859302420599,0.6441585875702655,1.1375218193987706,0.7382012143385193,1314.6666338779494,0.0014370125828212664,109.91725921137686,0.03552594027517028,135.2062775336379,1349.3480930833873,91544.67711700064,176958726.17000645,47.65769233174394,0.002920547864336406,1691.1603102779573,0.5465935068771679,0.7666464391904781,993.6128363541845,0.002048275275271784,6.596352416602717,0.08445936723719051,91404.49121085956,0.7058021071154872,0.00021887358399241157,3454.237516970809,0.009811673377060275,2.8774093838491126
236,Test,,Female,55,White,L,Tonsil,2,0,II,II,Former,10.0,32,66,30,N,Y,1,0.7309210610611306,0.6492992112464615,16.626921706191126,25.607487916506752,24.20743687382041,31.32091952673165,28.653097563788805,31.336879231984796,4240.208333333333,18.7170522390432,0.5519138859638385,2295.4663661262716,0.5413569772223311,4274.0,64.0,172.0,68508823.0,2.9589687721521347,48.0,44.756073209255995,328.0,36.95785313423999,110.20800187178287,109.0,-728.0,1056.0,20.89288180553173,126.60649744068222,-3.8535080757974107,68508823.0,0.17766477787687535,3883.4015176265757,1228.2689660170872,9579.812065482556,-197.3128778842347,15.615538867493266,4.375750206914329,0.5580577142887657,1.2780189672201643,2.0869263241150846,2.6167691050336495,0.5939510363711159,0.5546723804206736,0.9978888893100551,0.9728860633372415,-0.16548466644342813,0.7282650176691204,0.44064332170546283,35.00654883487419,0.049660875512100564,5.248202960795595,0.8928385482119595,0.11543823512532053,70.01309766974836,3.689920456064393,4.997822268601898,6.720934725409494,270.884885353299,0.06337971112618133,22.841163851291803,759.3392606457651,6.297692964106571,1226.0949929808141,85.62657931679925,104260.41787552644,0.07245170992288485,0.0012549643405487853,0.08807824550597167,103.93275595000283,0.0003484752000439852,485.13938384302685,0.15449184840769214,7.854802531436145,1226.4784355877835,2.6708259408371853,3267.8498540287987,0.0028430234936489113,0.0013991846958313812,4.196766319228741,1957.8276925598877,0.6124950624083755,0.733702890464706,0.715883380084726,0.8062531860917161,988.3882847618563,0.001223221406128515,26.10734463276836,0.07374956110951515,30.32870503367487,1153.90395480226,5621.960451977401,6835396.084745763,4.646460193055028,0.004653147893663674,119.85310734463278,0.33856809984359537,0.6035710159412567,691.77777987759,0.003663396325048016,6.0898162093222306,0.08282639213851194,5476.192345749943,0.2899521255975379,0.0018759592016913552,594.033432250208,0.01224969659629509,3.0251885046639666
237,Test,,Male,72,White,R,BOT,2,1,III,III,Former,0.0,45,70,33,N,Y,1,0.6893637956337131,0.5348139978808086,19.978618159726846,37.35619905030867,46.87216658103186,33.37663853655727,44.41846462902562,47.20169488482379,11405.958333333334,25.75201116776929,0.5335474394765287,4592.673849699049,0.4026556748219212,11469.0,41.0,99.0,67248450.0,2.1080795403656363,29.0,57.8103435053491,344.0,19.87647675335335,69.9353038625861,72.0,-632.0,976.0,12.433445662414151,76.57347617462501,-3.5588940781538843,67248450.0,0.29340326326025395,972.5505271136141,864.4819665586818,218.67529182082777,-9.513417980739874,3.159724258037019,1.649054889530647,0.31432029750077645,0.8355912138277878,1.6262644606790921,0.945134862780179,0.6628487789949951,0.6422456496858069,0.9989936897412642,0.9800499234059322,-0.05568100916718428,0.4272892831421095,0.49580501642977054,29.395648762579377,0.10406207565151283,3.892164555816596,0.4474029623899741,0.17985491501811332,58.791297525158754,2.712736524580087,1.2021947868919163,5.987907125686997,634.0961722905223,0.05528783436136736,24.318904319947606,3365.042026331851,1.641866624342763,861.2322783154591,118.31031476153109,103057.99537884732,0.13618505265631398,0.0012602632576437635,0.06317659495563298,51.849396115829165,0.0001712971562685228,1958.1352797001343,0.2564620036246158,2.181417049548137,857.5846808151394,3.224758256087692,2793.1774359445044,0.0038768435101148697,0.0013138901781223416,3.603391904330599,4028.6462432370845,0.52566275447656,0.6655801256899869,0.94689679322097,0.752127814558485,642.7820819830645,0.001027003857507293,83.48076923076923,0.13378328402366865,14.03595496383958,808.4807692307693,57054.53685897436,49615933.254807696,65.69916228236717,0.0029725012480433665,275.1474358974359,0.4409414036817883,0.6905039934268719,551.8529444635825,0.002590045706765232,5.223790270197776,0.05440753335077164,56716.71952816815,1.0722314129558148,0.0006199213023900433,308.80346455053837,0.0026514085230753396,0.909194346918383
238,Test,,Male,59,White,R,Tonsil,3,2c,IV,,Former,13.0,45,70,33,Y,Y,1,0.4478868515524449,0.36447456735430644,19.738260351161095,54.155384542849305,54.42425929675111,56.36488268416781,31.76476034853718,57.85326265648291,14839.625,24.255484677508715,0.5741873915629684,5086.032024083453,0.3427331906354408,14901.0,48.0,98.0,93984342.0,1.9754013190784105,24.0,65.44331020641391,418.0,18.37929625959267,71.87343131333468,75.0,-563.0,981.0,10.220456301251096,79.41820102670737,-5.149655768793566,93984342.0,0.3364142314287158,1141.4605255658644,702.2769373585028,577.9736074596847,-20.501894430106624,3.58863098869945,1.5609531600997784,0.38516969605224677,0.6443141735241487,1.4371355114965672,1.1338655164224047,0.7430518041687422,0.7329206610002093,0.9990608131974312,0.9847489578648962,-0.13725455472913278,0.6000847374758731,0.4172790184725645,26.49093537202517,0.15514616913147306,3.4596514808133865,0.6048070350180829,0.2558570980903764,52.98187074405035,2.620985488670191,1.287396037199806,6.251233067743673,651.7482719280586,0.04373855928649477,38.45027520088617,5012.908462519294,1.9006301757584445,698.6359975840547,207.99161130125495,147028.28998053822,0.294986331553586,0.0015481075418405338,0.042845863130068516,25.420060272327227,0.00018047801438805986,2227.2684832116156,0.2764885580216607,3.1452449078542295,691.8457752075567,6.45150239506193,4546.832812189606,0.00939279370655788,0.0016656192253376079,4.0539904663656605,3278.4813864929774,0.39982466378660264,0.5376613856581645,2.5843420326320303,0.6491672627638259,444.48852133804655,0.0011663003751207974,57.27072758037225,0.09690478439995305,20.794409086094003,575.9509306260576,120915.79864636209,85223275.02368866,171.82097174592406,0.004466601387624218,230.17428087986463,0.3894657882908031,0.6480496264385814,344.74048506773,0.003907861295841218,5.734986965180136,0.039661767666599554,120280.0932945107,1.1430394195845344,0.0005191842020774349,366.1852861361415,0.0017515540892859376,1.3563042690346925
240,Test,,Male,48,White,R,BOT,2,1,III,II-III,Never,0.0,39,70,35,N,Y,1,0.6319594773157193,0.5277206669196189,16.044289362124733,30.402996069450044,27.294688127912362,38.41874542459709,27.313000567495326,38.47076812334269,5839.791666666667,19.21346150488152,0.6021310083961283,2604.502033574321,0.4459922857249738,5881.0,63.0,104.0,43584580.0,1.6259266668933952,22.0,9.111862428063398,132.0,13.599400349752608,84.1826220030607,86.0,-90.0,222.0,9.242062977253408,86.08764806361188,-1.278799153721944,43584580.0,0.3930936711940941,324.36930181409843,63.476994843509914,10.512513088378066,-1.1295797222175337,1.469828542847548,0.6631498290011895,0.3778375022138168,0.5302080767840531,1.2302034806304332,0.3782280547952078,0.7530388232390551,0.7471202621588807,0.9936064242797914,0.9527306473332607,-0.08554543871941706,0.4624561968074529,0.4444170637203741,7.954559563709948,0.18612658166118365,2.9669872737571867,0.4240383782113108,0.35918854114298004,15.909119127419892,2.2680786638086863,0.5332445929621844,5.829189780792564,272.72895766026187,0.04637458895770479,33.869406436869355,2311.783880292467,0.6149642916425445,62.78098962761435,193.1972453664343,12421.61078047951,3.0558439315648926,0.01705497749648708,0.035568092546623194,1.912289316359439,0.001215733456784528,1059.9334055469424,0.32584671186710046,0.8276530403757454,61.7330204219196,5.331712145947251,339.80001269345246,0.08662503201354682,0.017954470323092768,3.5251315909994476,1359.3154549189435,0.4137981311345801,0.5529802623834251,1.972980843160104,0.663436678528795,40.25531046319457,0.012527415040686043,37.947976878612714,0.2193524675064319,3.081426041631862,49.13294797687861,72785.2774566474,4676417.589595376,1144.0551423850957,0.03938826028163352,63.63583815028902,0.367837214741555,0.6296513279375067,31.21788723429317,0.03046940915929014,4.441833159325273,0.029416765856146915,71629.6704868188,6.5456590514940665,0.0012751429045771763,25.53055031180521,0.0061338029867045955,0.11025024661727612
241,Test,,Female,54,White,R,Tonsil,1,0,I,II,Former,0.0,43,66,30,N,N,1,0.793533091596372,0.6246216761153729,12.997219020402333,20.808145982435672,21.633307652783937,23.259406699226016,25.495097567963924,29.427877939124322,2526.125,16.511952411830805,0.5636579137861516,1591.3721017169867,0.629965699130877,2557.0,80.0,173.0,45476331.0,2.697989850707091,46.0,15.962730512696444,282.0,30.631008087945254,126.39773171685569,130.0,-419.0,701.0,19.499507008134366,133.36054001526787,-1.6461947274544277,45476331.0,0.1934091222282908,1808.647049997637,519.0361003776463,365.1428834760576,-11.535527105219982,7.5096782210812005,2.241230794589905,0.5343881745034806,0.9428387730679006,1.792492701419763,1.3320865492582594,0.6531374096264974,0.628266936592197,0.9974388123873438,0.96982530512626,-0.17978503774342938,0.7622384941865277,0.46584642700414763,22.75337329961142,0.06073103619688802,4.716979164162741,0.6807170659453735,0.1238835613635544,45.50674659922285,3.4313844732436776,2.4377272539177754,6.637468957081073,146.00586624951114,0.05710045610070831,24.514313235852597,494.54712553773953,2.9686773935957467,512.5944466171294,105.85256159561986,55529.59640203363,0.20400117895745604,0.00238867483359717,0.06724298757330416,30.136668570008343,0.0005521030188856278,309.72889932395293,0.1750648764066134,3.5951347458346863,507.4409417854104,2.899224778353209,1500.8537322253203,0.006267869688169964,0.0025974105994862706,4.048177675483978,980.8289702771633,0.5493126786297828,0.6915856923678589,0.7632423394746947,0.766855298224026,385.1369328015038,0.0021472631861062293,17.03614457831325,0.10262737697779067,10.867651328204383,437.06626506024094,6221.8975903614455,3258352.578313253,11.953581618394217,0.008489790757751548,47.855421686746986,0.28828567281172884,0.5512507075400257,226.46941396171516,0.007481646722690365,5.55750037664831,0.06491982792334768,5984.626251995936,0.43649814534810477,0.003569009097356788,141.67903030549132,0.012863750244308435,1.1675165823284075
243,Test,,Male,61,White,L,BOT,2,2b,IV,,Never,0.0,34,70,33,N,Y,1,0.6806683697534537,0.5676914457919007,23.04009706121054,40.58559844788709,43.9089968002003,44.77722635447622,37.36308338453881,49.4064773081425,14640.708333333334,27.625333130991603,0.4899499354868392,5907.093052999303,0.40347044135496424,14712.0,69.0,124.0,177550331.0,2.091672424886599,27.0,102.34734171605075,177.0,24.557313986636593,91.83652800435019,100.0,-900.0,1077.0,11.51978246629891,109.85627907746584,-8.592833968549316,177550331.0,0.31514574113351557,3634.4541768522613,1622.3695676400994,36258.29807690412,-690.816658313048,18.53944036560841,4.848498076107358,0.5864811779314807,0.9465002001961715,1.695723593572668,3.936742556622902,0.6853852702450829,0.6694409791394919,0.9977992815612011,0.9804182118058697,-0.10393241484164457,0.5706023050435336,0.4678709545264744,40.23613804750332,0.12237018812470414,3.8585885542530693,0.6384719350646899,0.22743703191349762,80.47227609500662,2.8131656705924004,5.846984610428939,6.10865550554784,748.2690320826537,0.05086113594906563,28.90639284595944,4636.424143556281,5.888981421357861,1621.2710712343664,143.2358618814573,236418.9333877107,0.08892735257307229,0.0009079816742410386,0.06208210013171437,86.08798390466599,0.00011733494218181401,2485.6034323030935,0.2690915301660831,8.884097610530715,1605.7463125079084,3.8145169206443628,6248.401841880155,0.0028546465347713598,0.001060209130735506,3.7848638918928943,4514.3935517141135,0.4860942070552557,0.6272116953193626,1.2286768107055637,0.7228560066329,1150.130762589224,0.00086980204141213,88.69575471698113,0.1045940503737985,56.032395870416515,1337.132075471698,75531.48113207547,124440799.25943395,45.88734358590144,0.0029910635804129004,364.0801886792453,0.42933984514061946,0.6815591021627897,863.5109452126503,0.0014220363022074967,5.78650167210159,0.057640021750951606,75230.49136703453,0.6982415852603234,0.00044818831537163665,946.1590379368498,0.004554662370778908,3.9216754610658864
244,Test,,Male,53,White,L,BOT,1,2c,IV,II,Current,1.0,38,66,30,N,Y,1,0.8766776358805098,0.43733899492106926,9.739700170982347,22.27036757319151,27.018512172212592,22.20360331117452,26.92582403567252,27.874719729532707,2071.5,19.523933194255502,0.5390880725640009,1457.743207628901,0.7037138342403577,2100.0,40.0,109.0,15161331.0,2.269674028680738,34.0,12.95794703309242,215.0,22.809285714285714,78.56428571428572,84.0,-220.0,435.0,14.618001140646696,84.96870852597107,-1.7762892076511037,15161331.0,0.2682213151927438,1047.3344387755099,164.58536034440442,108.17013296626371,-6.745371370846088,3.81798952754828,1.8285407872573398,0.35029849243061945,0.899745568882409,1.7469453870898164,1.0092647087552629,0.6540495630593088,0.6293999180442177,0.9945882677626631,0.9548635649232291,-0.0786538882210013,0.515138922042542,0.47359241881612235,12.809659445125474,0.09861815755547901,4.138629270532577,0.5041772942471731,0.23183891684083408,25.619318890250955,2.884838512732503,1.411632578701405,5.998568015696408,121.53333333333333,0.057873015873015875,25.301610884353742,563.2647619047619,1.7607916099773244,162.24142857142857,100.94190476190477,17119.104285714286,0.6021996507452398,0.007034728179549775,0.07722915852876275,10.165310028771277,0.001267444836058498,337.3639777426898,0.22799152807443063,2.1864221195598015,159.5839871850735,2.7787318890218526,460.11429574040875,0.01813177659063924,0.007462096858640244,3.5938253116042302,839.9517064286821,0.5652444872314163,0.7039560439560439,0.7354759463888025,0.7792952300733943,122.55336293926752,0.006120259297979789,22.76158940397351,0.15073900267532125,7.133020481557827,125.66887417218543,7216.543046357616,1218236.880794702,43.08040499758987,0.017443281152877264,52.45695364238411,0.3473970439892987,0.60717752898334,69.4909676154269,0.01440340205021086,4.867327055551993,0.0719047619047619,7023.130476733477,0.7588011183939164,0.0038550695595282345,98.02095767332679,0.008873594543586697,0.8077400195929672
245,Test,,Male,49,White,R,Tonsil,2,0,II,I,Current,32.0,45,70,33,N,Y,1,0.8208648158040049,0.41552036517303803,16.469709096384708,39.63634631849178,43.93176527297759,39.408120990476064,43.93176527297759,48.91829923454004,9544.625,32.5360821198725,0.4677475827947196,4652.058342193964,0.4874008504466088,9602.0,24.0,125.0,85464835.0,2.8780615685272357,45.0,29.726501035690724,286.0,35.513342443541646,73.08508644032493,80.0,-822.0,1108.0,19.3383521618482,94.34369433015928,-3.5368573976510724,85464835.0,0.18739699659009282,3559.302799872762,1342.7378933998152,2320.397624168362,-79.81303907680875,11.518600837217388,4.5456311111481105,0.4338114370142572,1.226324081785462,2.04107992382167,3.028571756940921,0.6028073363489482,0.569030826579218,0.9978760787731507,0.9746559851260546,-0.1196443871792544,0.6822973943850553,0.47508557047888783,36.61959147023343,0.05266904119711582,5.154550710958409,0.5520430819255845,0.12946395311115103,73.23918294046683,3.5724355137884283,4.016057987091373,6.662754261617846,600.6513226411164,0.06255481385556305,20.715323271756418,1799.3859612580713,5.793427671481168,1333.576858987711,83.96104978129556,113657.18964799,0.062353112307614644,0.0008756130822999307,0.09883259543040397,114.91645584725592,0.0002042751607206668,1162.6338046689045,0.1652173414480733,7.325034125212206,1326.172806788853,2.481923291574889,3332.876329633621,0.0020234702272117306,0.0009247705807469065,4.137420630463778,4234.244094704711,0.6003101320817269,0.7325877621649336,0.60666485078091,0.8028580100176808,1059.3663811283054,0.0007783623655631926,58.287514318442156,0.06676691216316398,30.448170847717375,1140.1088201603666,15495.727376861398,21036259.86139748,11.432162355271643,0.0021893121449257148,392.31042382588777,0.4493819287810856,0.6968331133760868,740.8889138538585,0.001951029891344062,5.959053879772314,0.090918558633618,15374.752576007473,0.49705288744536075,0.0008993166875906042,688.184548943952,0.008704958956996287,1.7176788016857516
246,Test,,Male,59,White,L,BOT,1,2b,IV,III,Never,0.0,39,66,30,N,Y,1,0.650139802580428,0.5276653111565773,16.87901359234559,31.988105405960592,35.4682957019364,28.600699292150182,33.301651610693426,36.98648401781386,5104.791666666667,20.796740533553145,0.49149298919672363,2917.105563944918,0.5714445866602296,5156.0,41.0,109.0,50080358.0,2.377790891452327,31.25,60.255369089877235,162.0,31.173350201411843,69.54693560899922,81.0,-888.0,1050.0,13.705022939764618,98.55468133652342,-6.5620358008346615,50080358.0,0.2678978327688906,4876.248960741394,1564.2161420537543,14719.395119757011,-373.2218388937056,14.832030381915795,6.48657888872116,0.36797004928956023,1.1742176503464183,1.9073762278159565,5.084680077051042,0.6351830132160765,0.6103824919860255,0.9969593104753707,0.9753631206678277,-0.08274161669331102,0.5301099089382603,0.4844140924941864,39.52376458678732,0.09194042052936013,4.277626355526123,0.606544355037752,0.20101631318070914,79.04752917357463,2.993230926889372,5.329652317659239,6.045544682550197,305.2311869666408,0.05919922167700559,21.9769101624355,1381.2812257564003,7.868199491610397,1552.4222265321955,95.91155934833203,152948.45752521334,0.06047510625085286,0.0008870767860509189,0.09199648207731144,119.60784965746845,0.00030544823628821777,843.5638135207703,0.2310177108374378,10.639486107967011,1536.4421575166323,2.750778641135296,4324.872771556702,0.0020964699482624682,0.0009945930828818817,3.7466061697185933,2103.5949196347215,0.5730363105946379,0.7077490004177359,0.7272550512691697,0.7839654443232013,1193.4266164618023,0.0008580300285326556,36.414746543778804,0.08390494595340738,51.75519229544056,1254.758064516129,14624.89400921659,23231788.707373273,9.216753894744727,0.0035955978436796898,219.05990783410138,0.5047463314149802,0.7372544325714235,877.040456367402,0.003385433695588963,5.56629871347189,0.08417377812257563,14483.755229459108,0.29411877648845347,0.0012643723287635768,938.0007936962518,0.010514393300540433,5.987392690568302
247,Test,,Male,66,Hispanic,L,BOT,3,2b,IV,III,Never,0.0,44,70,33,Y,Y,1,0.6645844597188544,0.4743126903735146,23.20733967881359,48.92835496460813,55.226805085936306,47.4236228055175,43.104524124504614,57.87054518492115,23174.958333333332,32.51702434908642,0.6008683983547972,6542.103372465059,0.2822919151943125,23236.0,58.0,102.0,180539616.0,1.8297311180061526,18.0,80.96184203454708,189.0,18.931987048489496,77.83947323119298,84.0,-761.0,950.0,8.24202521408189,88.14660162205713,-6.982145958359609,180539616.0,0.42312722930899427,1710.839784608037,1209.528180821562,2008.1956692964636,-70.50812053204147,5.127571940073618,1.8427541493833344,0.4585266851935813,0.5962314833433822,1.409330320478366,1.479787804950064,0.7742184934649804,0.7645743961829617,0.9988751520302089,0.985720677820399,-0.1374142033028264,0.5834719183825953,0.35745621870299793,34.76645466149958,0.25527055502237694,3.117576932852082,0.6179762829980846,0.47305888410693214,69.53290932299916,2.3922915750605864,1.742581522364239,5.93748050306936,895.4437080392495,0.03853691289547467,58.58371438576874,9831.784300223791,2.8061036114320443,1202.977104493028,275.50301256670684,336693.2495265967,0.22561548429888353,0.000897153499145389,0.04317195072236362,42.685049732144925,0.00010501130841785559,2851.4104148914657,0.25886492106066483,5.479396920503025,1183.1328731809392,10.279552618134286,12525.100957738208,0.008582648467364166,0.0009860488335996444,4.221775020366564,4571.435084467365,0.40989705472935245,0.47199306116503575,5.482360935279133,0.6622348445382344,772.2571823697513,0.0007077602620455335,75.70689655172414,0.08158070749108204,30.097223125371585,952.4105603448276,235014.75,286846588.82543105,192.60229036629988,0.0025846590741121322,341.4935344827586,0.36798872250297265,0.6296664254853809,540.7222432531886,0.0022354299028372287,5.991883600656992,0.0399380271991737,234387.80883992274,1.1604982144656835,0.00037377559402701423,450.36346214421036,0.0022559238519704082,1.846315214379011
248,Test,,Male,53,White,L,Tonsil,1,2b,IV,,Former,28.0,43,70,33,N,Y,1,0.7613134921092392,0.14048219536465034,3.237656439449431,23.046738635066383,20.09975124224178,24.020824298928627,25.298221281347036,25.37715508089904,855.9166666666666,17.54579307199131,0.4716754990167518,924.2620662746218,1.079850530162152,874.0,58.0,102.0,6219154.0,1.7167081353500704,22.0,64.19344082030277,163.0,15.145473872722798,80.67963386727689,82.5,-269.0,432.0,9.549200555445347,84.35482702314826,-4.854377951395419,6219154.0,0.3896417743193922,606.5335211474114,218.85921628516417,84.04424329791567,-6.161118879075805,1.7673616839567359,1.0695524631154578,0.2543567621064098,0.5977272331999992,1.3652238978134674,0.7055193430184705,0.7428161737773877,0.7324005225501011,0.9969807662648585,0.9695493809597344,-0.0683500058539097,0.41812771981236635,0.42439056389526997,14.787988378558776,0.20626316762910085,2.9821172957356175,0.4050554941817068,0.39366866049511307,29.575976757117548,2.1845946081764853,0.7092285367680484,5.5936228714174145,45.077803203661325,0.05157643387146605,33.4731396195194,340.54691075514876,1.0327487707428955,218.54462242562929,124.83524027459954,27693.686498855834,0.5655944623287907,0.005831352115063413,0.08306881130670407,17.09098233648944,0.0016194255856795692,190.59362104117994,0.3231185990796034,1.4254567431116125,217.42631585836773,3.3906919839742096,747.0203477236654,0.017333329880882792,0.0064992258500858055,3.107554742179469,313.15387525411,0.5240459480161566,0.6708325998943848,1.0148927809347708,0.7464858941944518,161.7022445613398,0.005338742782990609,15.438356164383562,0.2114843310189529,6.987051979733534,210.34246575342465,3374.1917808219177,751937.8630136986,15.178751297547151,0.01935019995286044,27.136986301369863,0.3717395383749296,0.6299723052332357,124.10518669132159,0.017706665238919905,4.452184348955602,0.08352402745995423,3230.848564458622,0.4760745107120612,0.008340968102036212,42.20595656619334,0.009687414123484218,1.6896620350358542
249,Test,,Male,56,Black,R,Tonsil,3,2b,IV,II-III,Former,30.0,48,70,33,Y,Y,1,0.6410660278803262,0.6060151960591117,23.332068775978264,38.50079821051619,44.64302857109943,45.221676218380054,34.058772731852805,47.30750469005948,13256.833333333334,24.681553779037586,0.48963995684289047,5532.233103453808,0.4173118092646918,13341.0,56.0,113.0,107498477.0,2.07766264873671,29.0,98.34778347529665,192.0,19.742398132317454,83.84821227794018,87.0,-699.0,891.0,12.140477497606526,89.76498519619895,-5.859445927280053,107498477.0,0.30157438537378906,1027.2298650672985,1019.9967575122828,525.6588250276494,-20.811124700692893,3.7956213760085955,1.331806238095163,0.4820879773478426,0.682956323244455,1.4698727758948884,0.8589113834760795,0.7130943807102985,0.7001641190058953,0.999025669260158,0.9819359654937674,-0.12875880627266015,0.619380083332707,0.46071970785101996,31.92774238665191,0.11982584516243582,3.7405578839386946,0.5919905916696603,0.252920618206616,63.855484773303814,2.800402089468882,1.2818569035259393,6.255734312697948,646.3115958323964,0.04844551351715736,31.050580332769194,4023.303875271719,1.7252728096006367,1017.5766434300277,161.8486620193389,166588.84296529496,0.15769571632445478,0.0011423834130969044,0.04501095564800377,42.30221012063884,0.0002033125161231456,2062.34661207286,0.25808294737942156,2.449135233459876,1011.1903526562547,4.2908493105640675,4395.458309367486,0.004462282440796907,0.0012555925904032957,3.8442663097629914,3659.889349244098,0.4549812713418848,0.5985885039179395,1.4460649301536046,0.6982226230238189,701.853361632958,0.0009603173095895755,57.859375,0.113006591796875,17.059444427490234,915.068359375,99332.115234375,101899569.4609375,96.95518153454552,0.0051446603201684435,189.92578125,0.37094879150390625,0.6317951326488507,562.6517252791373,0.004748354019320558,5.4966580331020785,0.03837793268870399,98653.1667137146,1.1699552434534457,0.0006148269041929101,251.64546406721448,0.0030831906354963916,1.1968958025982508
250,Test,,Male,69,White,R,Tonsil,2,1,III,II,Former,10.0,38,60,30,N,Y,1,0.852853769592611,0.5815959962706989,16.213867797872304,27.878231455922364,35.73513677041127,31.400636936215164,32.7566787083184,35.958309192730404,6700.583333333333,23.776054786758696,0.6041461842325921,2845.0102112198647,0.4245914228193861,6740.0,52.0,111.0,52739053.0,2.1866504226380714,27.0,11.78921653377671,263.0,20.64519644445227,82.87344213649851,86.0,-236.0,499.0,11.890807769400608,88.45781656570945,-1.1526381503751146,52739053.0,0.30150111386029643,956.7779000211326,194.33294755075187,128.65670676139223,-4.563578456881521,3.948111442155294,1.4604332017272081,0.4573170627250892,0.7583751032694912,1.6229136667750315,0.8769246156004953,0.6996230085539035,0.6814228122972922,0.9967825714777103,0.9668059062599366,-0.11370441242267136,0.5966501191238782,0.4384736331990544,13.91799680315188,0.12912241285614368,3.937740446836017,0.5163075765606437,0.29386739476961077,27.83599360630376,2.8456659860822793,1.3521361609706253,6.349911663674563,298.94569732937686,0.04435396102809746,41.5254439151529,2032.1175074183977,1.6171867983340527,193.05356083086053,166.50059347181008,32505.46988130564,0.8598617352913913,0.005599363251237091,0.05618663877072467,9.869234728504761,0.0005937055275804562,962.4764257954897,0.23454458763979347,2.2680137973362693,191.71078334117257,4.4830530308676355,871.6036020762506,0.023874329596370893,0.005864292245674822,3.926646209919969,2051.3982168949387,0.4970422919320581,0.6084912120520429,1.7387201003653319,0.7313859029325734,139.31457912853404,0.004461182627656609,36.48640483383686,0.11023083031370652,8.756948184116613,171.83987915407855,39036.32628398792,7624686.057401813,200.9068960802971,0.011568867535545702,118.31117824773413,0.3574355838300125,0.6206812989276816,102.4375805548843,0.009069733113597232,5.384351450812234,0.04910979228486647,38621.69333978332,1.8631307810283806,0.0012434338175908752,106.05592984023183,0.005560287483357265,0.3812867348723452
251,Test,,Male,70,White,L,Tonsil,3,2b,IV,,Former,25.0,44,70,33,N,Y,1,0.7359404769345038,0.7008685478880399,25.504900390068453,36.39041938309769,42.20189569201838,40.80441152620633,36.87817782917155,44.73253849269008,16149.5,26.78118259664352,0.5886897934668305,5248.521800985599,0.32499593182362296,16198.0,65.0,197.0,266307990.0,2.949438506795041,49.0,5.05106448511447,426.0,39.54953191384656,116.1929867884924,104.0,-311.0,737.0,23.676515176668737,128.22166175235802,0.9579768903402094,266307990.0,0.17841927623617973,2939.984363705345,335.4147410471193,1021.7007456814846,68.26417279143426,15.369437479275733,2.7143749989998645,0.6992245734656254,1.1433976639664214,1.9949566960012293,1.3884116838799516,0.6003028153601131,0.5635448444695293,0.9972196392913139,0.9656694679580967,-0.17091991128429204,0.783247830202506,0.4658961722607304,18.22774723412597,0.0522178216029211,5.290614716946816,0.7671208597668268,0.11580282619069729,36.45549446825194,3.714446538949797,4.5209531195689,6.725197792320903,1007.6385973576985,0.06220759336694027,22.17411517286519,2890.0354364736386,4.788694151906215,334.7880602543524,91.57192245956291,28932.919681442152,0.29553704124014946,0.0032211896095648155,0.0707313150181886,24.878369008960416,0.0003008925181944718,1752.6699949312633,0.15061733560695773,5.628191630721228,339.9114434522304,2.675742061366146,874.6545022840975,0.008610254474446254,0.0032307672065070934,4.254851072891254,6880.476921272721,0.589443404141501,0.718056360234407,0.7203863691367967,0.7953977218073447,273.3104729500656,0.0025803311109543698,78.30463576158941,0.08642895779424879,15.562705583088462,350.0165562913907,43335.27814569537,13481973.316777041,140.86795126497915,0.004649969361764045,331.54525386313463,0.3659439888114069,0.6283480095442856,219.02237590983216,0.003429571143402403,5.912054843526544,0.05593283121373009,43015.63426555364,2.4346094689805184,0.0005689247295877531,269.71443883428077,0.011941187257463792,0.2782790308730485
252,Test,,Male,69,White,L,Tonsil,1,2a,IV,III,Former,2.0,43,66,30,N,N,1,0.6248334483198047,0.4860503186640698,15.487881928674334,31.86477065017351,33.1058907144937,33.54101966249684,24.515301344262525,34.88552708502482,5638.208333333333,19.91017452526762,0.6173413150544614,2481.5299882836994,0.44012740246095305,5676.0,14.5,96.0,49016155.0,2.5787971575256696,32.0,43.39242860367331,188.0,36.62579268768118,52.403629316420016,67.0,-835.0,1023.0,14.261165433960077,92.92839298455579,-5.455003339407559,49016155.0,0.25262544814882687,5889.545857159282,1363.247208589265,14396.06707867709,-390.48934121477885,17.93617237024391,6.022039297163679,0.4828383240997899,1.0116193931151032,1.777845829875278,4.9675460443616455,0.7009100914747819,0.6843516816045226,0.99698700656574,0.9785333312238246,-0.20125395251911696,0.765801897168945,0.41781964703945823,36.88178491253221,0.10903086987572805,4.305626328879083,0.6555589991919165,0.23548426121466914,73.76356982506437,3.270642813273085,5.989552916851897,6.69530192778494,248.3368569415081,0.04375208896080129,40.69097757654226,1433.9020436927415,9.542390912170031,1350.0491543340381,171.92988019732206,239713.67177589852,0.1240305750153442,0.0012243654578162407,0.06798260469044606,67.68656862734748,0.0005387964652768692,663.4724877818013,0.1944866842759951,15.00351621253026,1321.77494546643,4.731126424304853,6517.170854700042,0.004263779568208474,0.0015774587082386315,4.446130869641585,1634.5620184048892,0.4736607158809001,0.5978478885455629,1.7672802968899606,0.7116775606322505,921.9928712471726,0.001368475678539102,19.602597402597404,0.050915837409343905,63.43724742789678,968.4311688311689,19539.98961038961,27121479.29090909,14.097963428976925,0.007976100247412929,160.31428571428572,0.4164007421150278,0.6706809784435447,567.3224458958437,0.007671339622960996,6.181461093618361,0.06782945736434108,19322.637773654915,0.2672541246144168,0.0014311786337616727,802.9175605114375,0.010176911519920572,6.190308878613738
253,Test,,Male,55,White,R,BOT,2,2c,IV,II,Never,0.0,43,70,33,N,Y,1,0.8429000635472749,0.5055510809751166,15.146793263654482,29.960955151038466,32.984845004941285,38.2099463490856,39.21734310225516,40.3732584763727,7037.041666666667,25.254091000747373,0.5330364613474045,3331.6084559578358,0.4734387849000708,7081.0,16.0,117.0,213083467.0,2.9549562468226944,45.0,26.77382128420778,944.0,69.32041613973963,49.447394435814154,80.0,-989.0,1933.0,19.225963800815173,173.47127878795115,-4.355038460982717,213083467.0,0.199231057666068,27647.239747836087,1840.8089734865482,582842.9356310823,-7943.490661744968,142.59852016577221,24.722359830351106,0.7022868813191467,1.9792749527596503,2.348782505860202,20.68010361256522,0.5773532426566323,0.5414606388133241,0.9963789595538481,0.9777225409553144,-0.14927439767365533,0.7497868608397378,0.4577096739921234,42.55983341514683,0.052684491800332155,5.372779371607789,0.7751506272691302,0.12724755216432942,85.11966683029365,3.755013848764781,41.83021999903087,6.5905619406683424,470.19333427481996,0.06640210906296003,18.39980398304678,1410.7551193334275,44.32229108884522,1850.2421974297415,75.74283293320153,144588.5427199548,0.1472750814153298,0.003755799884109692,0.10947728281999013,182.78298795901077,0.0008612849369079434,930.2983451503793,0.17577074341916132,52.838131289309985,1834.131684859645,2.3603968987681063,4422.88375636695,0.007206616340850467,0.004203911491050826,4.194091120774736,3282.841337305395,0.6183201135670049,0.7472108459257166,0.554966992225755,0.8138653988990436,1482.2564885040806,0.0036964479543153167,36.92717086834734,0.051718726706368824,176.36151911745088,1617.7016806722688,12156.39075630252,23435269.26190476,6.895020800385305,0.009742186635434828,356.46498599439775,0.49925068066442263,0.7337560116445399,1173.4212223526279,0.006836259735407379,6.407239321868646,0.10083321564750741,12058.036589145464,0.1994450026117835,0.0008784383195420686,3696.8333705642217,0.023217820270716227,8.182726592212065
254,Test,,Male,81,White,R,BOT,2,1,III,III,Former,18.0,44,70,33,N,Y,1,0.5903635095491648,0.41506326106267677,14.895726021642487,35.88784510463611,39.698866482558415,32.89376840679705,25.612496949731394,41.14608122288197,7128.083333333333,21.186874186129796,0.601376627838743,2978.4210405610966,0.41784318466550335,7179.0,59.0,138.0,89276261.0,2.526185607186447,36.0,37.9033361792762,215.0,30.319342211707266,96.02354088313136,104.0,-540.0,755.0,15.770637958960867,111.51570130128853,-4.829630267914717,89276261.0,0.23406324272201184,3215.231232983807,706.7656595918138,3062.945526649476,-116.37981144302883,9.835117386341402,4.449435271099099,0.37059179364763367,1.088320176093577,1.8677016035032326,3.2472376421771014,0.6375783273965958,0.612302267381879,0.9959579891698523,0.9684591491104659,-0.1117423191235798,0.6278380521643501,0.48346990855830757,26.55972033132841,0.0739726446875679,4.553023071884638,0.5423503283258027,0.16785798779378114,53.119440662656835,3.2404423888404428,3.571138164360126,6.362177328040248,423.90263267864606,0.0590475877808394,22.1291012205916,1680.3400195013232,5.22030381403127,700.2429307703022,105.10168547151414,75875.21688257417,0.14660441603357383,0.00176138063383686,0.0756804078758187,41.41678624962927,0.0004400954013523015,1018.4884853198104,0.20605498826805674,7.008154675247021,691.1418972880856,2.9367314925446135,2087.316056872632,0.004631316393639914,0.0019281620994782327,3.947067865050327,2708.1579073405974,0.54491520931203,0.6881181223011562,0.7945051563396089,0.7650780326464932,522.291668781634,0.001598487072447812,40.26464646464647,0.08134272013059891,33.406060606060606,517.4060606060606,21999.379797979796,15824806.650505051,30.657508007934627,0.006346669859660698,231.7919191919192,0.46826650341801856,0.7111711105028319,337.6193205287831,0.0057726566091419705,5.6651812644980275,0.06895110739657334,21789.041910009182,0.6921815104210277,0.001018534847410893,505.0067043405083,0.009776852222843838,1.91015313355762
255,Test,,Male,53,Black,L,BOT,4,3,IV,II,Current,50.0,44,70,33,Y,Y,0,0.7558645049776729,0.6544226474694618,51.715894318022215,79.0252209607943,95.12623192369179,94.04786015641186,79.2464510246358,99.65440281292142,153167.375,59.732359522282,0.42543962599331037,32540.460847203263,0.2124503396836517,153426.0,43.0,101.0,997646277.0,2.1166908834353095,29.0,149.45135445477297,778.0,20.488927991713272,70.71483972729524,73.0,-1009.0,1787.0,12.307607941671472,80.63782621123225,-8.220607902186327,997646277.0,0.2963062982486956,1501.870458415841,1969.5548087852114,5572.429061302143,-108.86496480276205,5.99498469246366,1.842346687965809,0.5291462449389729,0.7211387248212218,1.4767463739337896,1.3173650965045476,0.7050535615431269,0.6926475610802046,0.9996651203866999,0.9904307712012729,-0.13600566600171687,0.6454911239716294,0.4786890501980926,44.36796866258812,0.11167540905256053,3.840512766466565,0.6414704339810136,0.19747869688422945,88.73593732517628,2.8773298107031895,1.9593328451073655,6.317593733790163,7776.594227836221,0.050686286729995055,28.765297170956195,45461.09011510435,2.4869536647730177,1969.3689270397456,168.52742038507162,333123.4839401405,0.08539014503010031,0.0005238636377630644,0.04144229231992701,76.89132378693394,3.412002130929957e-05,23164.03582794767,0.25858200834340533,3.744825968409669,1964.3080495027864,4.6056488816641385,9090.985899092737,0.0023634018303681234,0.0005358884915384295,3.9509527064657934,39969.61191400349,0.44382758916090875,0.5837652629330703,1.631578339671873,0.6894643118377,1350.6231671037142,0.00037822549192110074,538.4790182106096,0.10658729576615393,35.87129608210792,1809.928345209818,1309503.2945368171,2586750965.760293,663.3751655733308,0.0009361506716607687,2253.449326999208,0.44605093566888526,0.6945654729637593,1231.5709271156181,0.0007304907724727301,5.790876846141792,0.03292792616636033,1308580.9965908001,3.79608866465242,4.983079982626727e-05,1240.7980038714284,0.0007218690265084877,0.6829324170640273
256,Test,,Male,57,White,L,Tonsil,1,2a,IV,II-III,Current,0.0,39,66,30,N,Y,1,0.6601674179381634,0.441202425755041,16.069264133419217,36.42152262857457,38.27531841800928,36.71511950137164,31.89043743820395,40.65710270051225,8228.916666666666,24.044302551082463,0.6133860066676836,3213.5029524585416,0.3905134883034675,8270.0,47.0,109.0,60685167.0,2.195788136529279,30.0,33.215486362837076,176.0,21.90281885985241,78.18754534461911,83.0,-435.0,611.0,12.68042860129156,85.66206134885188,-3.6515513583273163,60685167.0,0.2894921548874225,1224.696507517593,474.81891929916804,378.63025631197644,-22.471790613265405,4.363049474956939,1.7857507188694586,0.4149408683043528,0.8270377703528756,1.6449020007628061,1.0809752454631107,0.6761355779947037,0.6562065352844664,0.9974848079110507,0.9704806943319321,-0.09629186695258386,0.5252725492564442,0.47031182228653656,21.775532824093354,0.11016122053900071,3.9738971810810395,0.5196779821339574,0.240237459212075,43.55106564818671,2.836352827535534,1.5372000484565993,6.195545499225781,421.7567110036276,0.05099839310805654,29.072409270552935,2394.1001209189844,2.047796247856137,470.77291414752113,136.30882708585247,65648.28440145103,0.28444795650062266,0.0024212406145367837,0.0507760392132914,20.41176575303736,0.000390779333004277,1283.682620101073,0.2417533673330835,2.8050487750267856,465.1770116662878,3.9515257236289054,1885.6393730842535,0.008779754026140018,0.002615443265795341,3.813744354781286,2715.555217185581,0.5030429323717651,0.6401730071621246,1.317822411536873,0.731188977939082,336.4981719483652,0.002049475580803764,45.56923076923077,0.11684418145956607,12.935989480604865,382.36410256410255,47387.41025641026,22821081.65641026,98.64288867276754,0.008248947167046944,103.77435897435898,0.2660880999342538,0.5225654867302585,183.73476395523053,0.006984305893835317,5.785367009942843,0.0471584038694075,46937.752794214335,1.4489638332036232,0.0009032354686907435,176.41872265105522,0.006330603678283289,0.6420309035467009
257,Test,,Male,61,White,R,BOT,1,2a,IV,III,Never,0.0,39,66,30,N,Y,0,0.5472717835942186,0.30166317684079874,13.13534549681242,43.54308548485695,41.10960958218893,42.15447781671598,26.419689627245813,43.474130238568314,5421.75,23.829902056493196,0.5105205154201577,2923.460638616417,0.5392097825640092,5475.0,14.0,903.0,1350464105.0,5.302506896641047,509.0,3.0499740256776735,1550.0,293.6701316486312,349.69844748858446,223.0,-169.0,1719.0,219.99627776354814,496.6488805003824,0.9821215442168856,1350464105.0,0.03800891557723984,124371.10632635682,643.7823228901171,1519451.435505367,17321.258185411945,746.6909478579217,78.45887575969303,0.8102421124271366,5.580039406399599,3.960846845709177,45.965847050795254,0.36219647025931795,0.29344793978791145,0.9854363026248154,0.9328020814061662,-0.23864799392938102,0.9560387111214108,0.2464180892538505,21.833647329600453,0.006515711528829392,9.397373030388577,0.8672158812576539,0.04223967671398748,43.6672946592009,6.2828687949601285,206.28745590440377,8.033296357966776,807.0003652968037,0.14739732699484998,17.866397247763807,208.09881278538813,198.8836241446175,661.6874885844749,36.448401826484016,5947.548310502283,0.44435048785819403,0.006737489259312126,0.3303228819582889,341.3481928426644,0.0012875568552879531,146.98190991056097,0.03069711805369638,202.61131929864672,722.6020171661856,1.5775178820183033,848.5851198083353,0.012699273335060645,0.006111643784114611,5.9549581840670545,3861.2619581177883,0.8067095692754856,0.8726659641728135,0.25719758648156005,0.9162868805608697,698.1284809812335,0.005240537283305812,43.03768115942029,0.020791150318560526,196.10523209409786,1039.3763285024154,124.10772946859903,14530.713526570049,1.6078339333794112,0.003786413534595014,964.7429951690822,0.4660594179560783,0.7098894180504551,787.1518122474304,0.002528969555259323,7.266163796432188,0.3780821917808219,117.11208779668138,0.3808428748746115,0.0027298998378303286,5558.214300957221,0.25517812086290326,6.421614208946474
258,Test,,Male,45,White,L,BOT,1,X,X,,Never,0.0,37,66,30,N,Y,1,0.8131470809504587,0.6740033792276312,17.39001163134849,25.80107484220099,29.732137494637012,29.732137494637012,25.612496949731394,33.0,5993.458333333333,20.980068693320053,0.7094329824874296,2249.181016099084,0.37527265411857386,6021.0,61.0,109.0,47186371.0,1.7937156969242305,24.0,43.89341330713407,146.0,15.763769617610025,85.31821956485634,88.0,-304.0,450.0,10.077541542560617,88.5266388518971,-3.7589393103546827,47186371.0,0.35830345879329883,557.7671966971825,290.1544789427329,114.82321507494154,-7.215081240242938,2.1650161344517778,0.9057417184558566,0.40194728175609323,0.571012119152041,1.3031636870307912,0.5678997117169057,0.7465274853373448,0.7381265547479985,0.9976324086863987,0.972121503150492,-0.11672063021291068,0.5226134665484884,0.4347761832507945,17.024659636846255,0.17186941525663296,3.1703647712184226,0.5576828051928762,0.3344560929022896,34.049319273692504,2.4086387164423906,0.7676894632269085,5.998226739900425,268.4263411393456,0.044581687616566286,37.38732644237667,2157.3451253944527,0.9753118693441911,287.6759674472679,201.10064773293473,58950.01976415878,0.6890645369852254,0.003722879004095188,0.028653590903882004,6.9746462978593495,0.00032611340119866213,963.159210000845,0.29195916407016187,1.4288195550111702,283.7063204547186,6.289859794795212,1830.4070449835717,0.022150578402799773,0.003972562938407551,3.732563504363271,1413.4782510740113,0.41724562557538175,0.5463442055370307,2.510195351712643,0.6632815909910158,185.55143511490084,0.002808359765278767,20.811023622047244,0.16386632773265547,9.64473928947858,222.29921259842519,98293.28346456694,28687113.83464567,337.83492364164493,0.014344778286202512,36.30708661417323,0.28588257176514353,0.5520574067525995,109.1597517191913,0.012436206112331023,5.1955472048867755,0.02109284172064441,96045.62762725526,1.539645389138518,0.0013342015311957895,97.78602836873644,0.0033481986118989015,0.8070117771144536
259,Test,,Male,55,White,L,Tonsil,1,1,III,III,Current,0.0,44,70,33,N,N,1,0.5524356975149513,0.33590675430115524,11.964718656003521,35.61916663716926,28.792360097775937,34.713109915419565,27.51363298439521,43.0,5070.666666666667,19.67729916610588,0.5366307203968291,2659.818290403318,0.5245500178286848,5113.0,53.200000000000045,108.0,39196831.0,1.976903942923157,25.0,52.13636427292577,159.0,19.017034806068175,81.7216898102875,87.0,-435.0,594.0,11.108973949377049,87.55633653413946,-4.7965790834029285,39196831.0,0.3375640506940945,987.6774818306355,479.1655804540169,444.38518248830985,-25.911264129006838,3.8991970578708695,1.7276611569839166,0.3864699340750584,0.7584718977306311,1.5811138914783542,1.1442569211410836,0.7007622792427348,0.6849157005447482,0.9974137381070766,0.9719973381770054,-0.0871486033742869,0.5105606251726225,0.45480734673672607,21.877438262625997,0.1445353946298753,3.6269508235788184,0.4769994443645388,0.30958927835836914,43.754876525251994,2.654133453868518,1.4067145537136967,5.958920120709367,242.40543712106395,0.0474096297909376,33.75621786659248,1725.9649911989047,1.6671587466499815,476.383727752787,149.36182280461568,72815.56385683552,0.30736801575632344,0.0023840272967864885,0.05922532141649727,24.366661042241695,0.000409352640031427,864.0347422664934,0.27012008342105387,2.353545087401287,470.45606431375495,3.9498419834519827,1905.5451692615025,0.008659950250258737,0.0025786273647710745,3.632723085591325,1588.0038998598407,0.49329283475009117,0.6249228963877899,1.3397714057731287,0.7283976396041597,338.68711894073243,0.002015864739940332,38.96363636363636,0.14168595041322313,11.530578512396694,396.40363636363634,29438.054545454546,14291102.632727273,60.731115387484024,0.007464120895408044,108.09818181818181,0.39308429752066115,0.6505216736728496,246.83755296352177,0.006603200164177403,5.10104883026215,0.05378447095638569,29092.365038016527,0.8248653929789693,0.001457626799922902,192.32794298203964,0.00424522817037939,1.5402335707947628
260,Test,,Male,58,White,R,Tonsil,3,0,III,II,Current,1.0,44,70,33,N,Y,1,0.43727211707403174,0.41195548043701563,22.739185740595616,55.19816295798069,54.12947441089743,57.38466694161429,36.76955262170047,58.08614292583042,13514.916666666666,24.136617575233615,0.4676559456373323,5867.231789990237,0.43413007528646036,13593.0,24.200000000000045,162.0,313481446.0,3.3248603442321576,41.0,13.891725887994996,959.0,58.018867189599966,99.82829397484,93.0,-755.0,1714.0,19.245090329842128,151.86170175021505,0.7914388727166387,313481446.0,0.18293021166046597,13096.2881805442,1284.5995851197013,69631.60878751498,463.6503075835992,73.3792331354226,9.728404761761157,0.7651559118337019,1.6406108458255664,2.3725121222457837,6.897877138919055,0.6002656878497261,0.5658759855755472,0.99806780606036,0.9783010845857556,-0.2316630278289041,0.8758377421618728,0.4126488964878027,35.61861853922942,0.06057518522204471,5.861844498934019,0.8362125387948715,0.16169313505553237,71.23723707845889,4.205725335467634,20.776909474295948,7.1923767059966375,738.5822849996322,0.054335487751021275,32.15070403689515,2486.5703671007136,20.989514885098906,1282.422864709777,109.59148090929155,136561.55565364525,0.08887397618221467,0.0009495330392526279,0.10227105615384541,142.31427414343767,0.00018070418885290118,1335.8053168322904,0.14020832469078556,27.83960157620512,1296.596211074351,2.96008963975983,3743.177515723154,0.002603181134310662,0.001006313156943129,4.837089479842672,5574.370426558876,0.582897545170817,0.6999983022936014,0.8916999312180371,0.790943146683261,1034.7549708581805,0.0008337286780553889,58.241573033707866,0.040899981062997096,82.1500126246686,1440.362359550562,11032.83356741573,13746406.396067416,8.871085014107818,0.001814470636158542,504.11095505617976,0.3540105021461937,0.6163539023340114,877.2967261287774,0.0013718396335354263,7.050141186896183,0.10475980283969691,10941.71420857136,0.3765588297402361,0.0006703450188964147,2079.208052017097,0.010757285283687332,3.4714827265937744
261,Test,,Male,69,White,R,BOT,1,1,III,,Never,0.0,39,66,30,N,N,1,0.9211518239249201,0.7442880241511557,13.816943782166023,18.563974340342163,22.80350850198276,20.615528128088304,20.591260281974,25.0,2706.8333333333335,17.1002388229016,0.693881077193857,1353.6511538039406,0.5000866278445689,2736.0,45.0,106.0,20080833.0,2.119073687126021,26.25,39.254458336589146,150.0,21.967734730344382,76.95431286549707,84.0,-416.0,566.0,11.715375711727345,85.67079867500965,-4.471990950968635,20080833.0,0.3191179550972949,1417.519477013226,432.8433574275754,578.7297036767026,-32.057171098315784,4.669782409400996,2.0143733451326393,0.39791052705545155,0.7644378902252549,1.614619675327108,1.4234901804719595,0.7121743687709752,0.6964433711363373,0.9967813146046279,0.9710188250702155,-0.11317775476740143,0.58359881014873,0.4277531442099894,20.78890066613649,0.1508959670449889,3.694369522790213,0.5440552304313769,0.3325502113321623,41.57780133227297,2.75624047760605,1.6710389386334095,6.035586114226002,120.36330409356725,0.04399243570671318,42.08964243271434,873.1067251461989,2.366064424737526,426.656798245614,171.91301169590642,76239.85928362573,0.38912959728787505,0.0028753090046522416,0.06297823616923233,20.957319749988006,0.0006869479931002177,395.31910973450783,0.24041868377234857,3.480989627719863,416.885309466013,4.4074678422107265,1923.8554131088001,0.011009048443676383,0.003279270229576902,3.8636139198856636,785.1513345380203,0.4753221470997584,0.6002305443094916,1.586253287688772,0.7154816806363353,291.97602648038406,0.002627217541410985,20.7375,0.129609375,13.637500000000001,311.2,14451.7125,6343192.70625,32.999521270164834,0.011695833977539278,65.725,0.41078125,0.6643979537534561,191.505254859444,0.010692665520468447,4.93233768505012,0.05847953216374269,14159.302500000002,0.579440463887858,0.0028193903709032254,129.47117732652484,0.009627956320803465,1.7141192636406337
263,Test,,Male,61,White,R,BOT,1,2a,IV,III,Current,,39,66,30,N,Y,1,0.6104187836059991,0.3724214693862166,9.46669930585612,25.419316779610135,29.546573405388315,27.459060435491963,18.439088914585774,29.614185789921695,2019.2083333333333,15.516428428705181,0.5997711488712966,1288.1090760220695,0.6379277733544432,2043.0,32.0,98.0,13430309.0,2.240171492525827,31.0,43.40920859645624,147.0,26.2352500054506,65.34165442976015,76.0,-505.0,652.0,13.54878824609734,81.07908130556778,-5.169755067940121,13430309.0,0.29298975597823496,2304.2856217366752,593.4472539120017,2257.998884451665,-91.59455522806185,7.40447616823072,2.71422703114221,0.45923419562329815,0.849333710123799,1.7114696112394479,1.9711006536313394,0.7029354779035596,0.6839196339223833,0.9966135697052542,0.9715478718484136,-0.13785744712691186,0.6261237229759474,0.4113665311057954,24.33663310957106,0.1383743130307637,3.8569107546170422,0.7238822721988909,0.30806179099177977,48.673266219142114,2.861268354982115,2.529675799843232,6.192090262733548,92.1443954968184,0.04510249412472756,42.21956616063494,598.578071463534,3.790353220732231,586.7185511502693,157.62163485070974,96913.28634361233,0.25757456495593944,0.002312798447884013,0.07150973576723363,32.95539148135952,0.0007314099477735142,293.7730763643371,0.22891620371863966,5.5236678657767575,572.4598981697884,4.349652518476543,2626.053523625859,0.008217560274135002,0.002735028601512927,3.8854995324353085,647.6141738575237,0.4974978354505559,0.6252870966527355,1.5859585829045932,0.7291852190488406,408.81100035638843,0.0022839155136778516,16.320261437908496,0.10666837541116665,22.385065573070182,451.66013071895424,7349.483660130719,4490792.849673202,12.054705273929274,0.00995561517970997,49.69281045751634,0.32478961083344016,0.5873826082669713,233.93699731558786,0.00907185000183699,5.492677349962392,0.07488986784140969,7171.182622068435,0.2777189018850181,0.0039992993434728825,210.83842237586245,0.010806479904853459,4.094171745418566
264,Test,,Male,52,White,L,BOT,1,1,III,II,Current,15.0,42,66,30,N,Y,1,0.5315223166448311,0.4008130748543482,13.076734963705091,32.6255199345906,34.36568055487916,20.808652046684813,32.38826948140329,35.014282800023196,3680.6666666666665,17.34119193737571,0.5353919475748424,2153.2607043546595,0.5850192096598423,3719.0,27.0,91.0,21957649.0,2.136976427238629,27.0,76.12826307118924,453.0,24.04569733079285,61.9260553912342,71.0,-785.0,1238.0,12.387350035324452,76.83866840741295,-6.031925657226062,21957649.0,0.30774542708926733,2069.3446263061546,1237.4633293012619,2017.3631113565689,-77.33273725310328,6.781338559295611,3.2625399214066944,0.35003566352732024,0.8957832255888326,1.7508603691765205,2.4506722490470776,0.6929289179563121,0.6741716160141027,0.9988025788397438,0.9835131560872411,-0.09026547615547673,0.532467354731859,0.43057766351983534,35.165078232464424,0.13490641805580159,3.7722750338616042,0.5487473027551658,0.24952533790481057,70.33015646492885,2.7533578307951396,2.5109696201755773,6.057578400045743,173.87012637805861,0.04675184898576462,36.54570264495721,1144.5052433449853,3.413234264777407,1228.9026620059155,147.78892175315946,187336.187953751,0.1170057667863046,0.001096548454757671,0.07800898256826262,84.34339706544002,0.0003506075479025912,600.555901166842,0.2548303307352854,4.894309851561551,1210.6491267677363,3.764881325908253,4707.470682000906,0.0034632013512307723,0.0012737893667723878,3.774623359432811,1180.3518761011592,0.4990776148694754,0.6328003805820424,1.230424296861644,0.7333851664789933,876.404392051844,0.0010606447699054835,33.69964664310954,0.1190800234738853,23.563410705590034,1059.356890459364,14157.671378091873,17857645.664310955,11.23792161530996,0.004604288058840313,123.8339222614841,0.4375756970370463,0.6873740357303968,709.6997304830181,0.004317751359675987,5.292185107353017,0.07609572465716591,13984.976488656368,0.30685941216977936,0.0018147971507038283,363.32610808697956,0.005935720419200268,3.7503278081084783
265,Test,,Male,56,White,R,BOT,2,1,III,,Never,0.0,45,66,30,N,Y,0,0.8436041733480082,0.5482201634459601,21.13473989164703,38.55155519782401,45.39823785126467,42.15447781671598,42.720018726587654,48.394214530251446,12050.583333333334,32.52225285394043,0.4520481160750687,5623.044335092156,0.46662009460887693,12122.0,70.0,118.0,123974291.0,1.9429376600575585,24.0,148.53622653347162,264.0,19.23676064504083,89.79450585711929,93.0,-884.0,1148.0,10.061778947547138,101.1296901932093,-10.044307089319549,123974291.0,0.34970633896092584,2164.160956450262,1616.2198363970185,15715.677072963841,-323.3685563867958,10.055198858219661,2.683961254633447,0.5779911147647129,0.7214856687754438,1.5046805286313971,2.1567683205977377,0.7294354327189781,0.7178565747575021,0.9988913395597172,0.9856340833077751,-0.11902382347720372,0.5872501375618495,0.4300163460382124,40.17930632968451,0.15706466900557522,3.5174636253842775,0.7006338861480861,0.3166328262966966,80.35861265936902,2.633872090713154,3.1847900282132793,6.1616225631466195,531.4494307869988,0.043841728327586114,39.18141870687661,4239.140240884342,3.52541865858574,1613.009816861904,182.61178023428477,295750.241461805,0.11354684867912958,0.0008022723705959869,0.04621137416716342,67.18780783641914,8.48862921995081e-05,1977.229301815681,0.2818186681523488,5.685586096628418,1605.9850303433682,5.060476503008486,8177.536325221196,0.0034767452079784936,0.000927517457313223,3.82346580236452,3206.575779787047,0.4538184989457218,0.5778368636807838,1.9896347618980224,0.6979627243296319,1114.717730604518,0.0007320618527474935,61.22754491017964,0.1222106684833925,41.60001752981064,1412.6686626746507,96815.74850299401,156770658.249501,59.827473135592754,0.0030018770648076263,174.8443113772455,0.3489906414715479,0.6123697645381595,826.749154061794,0.0012160712215147607,5.827719342190619,0.04132981356211846,96230.32101864135,0.5421024063523823,0.0006197572630169861,601.0832580874187,0.0025421021740240904,3.8135502288318515
266,Test,,Male,78,White,L,BOT,3,1,III,I,Former,53.0,44,70,33,N,Y,1,0.7567037960587675,0.6029076665584635,19.839802901510716,32.90686783726089,37.20215047547655,37.013511046643494,29.427877939124322,39.96248240537617,9105.125,24.90075180885948,0.6170250377838449,3417.4744692716295,0.3753352611053258,9145.0,35.0,110.0,101582958.0,2.4571240795104523,31.0,42.75110598962116,278.0,37.64584889399598,68.18305084745762,85.0,-918.0,1196.0,14.049280629725898,105.39465160107808,-5.54060000692388,101582958.0,0.2763261241865684,6459.104163245637,1642.3938654096055,19725.379106178825,-502.87212040714985,20.352397673484088,6.9267756695853375,0.49070628700893104,1.1244274590799734,1.9046773173695344,5.6366765336193065,0.6782909604935814,0.6580373909386732,0.9973911771879036,0.9793265032996542,-0.13521039068201202,0.6629974830838303,0.4258258132152299,40.485023120894056,0.11508516968652367,4.28895046418488,0.6542013951582945,0.27134215846482534,80.97004624178811,3.1319221516269975,6.8197933357673595,6.480711921464568,406.0313832695462,0.04439927646468521,40.406554074878315,2527.002405686167,10.441614867209866,1629.9121924548933,161.34882449425916,271900.44953526516,0.09682828373751744,0.0009127593850738787,0.07789381368028638,97.38054929604185,0.00018389424947246668,1175.7162734221465,0.2085510724592593,15.912856162282463,1597.7190455238692,4.283596551313789,7123.500499939046,0.003097027625667134,0.001098747450321799,4.25554513717197,2815.2485015040415,0.4968735747060887,0.615485553265761,1.5964947546294006,0.7314279215780302,1147.4202168936035,0.0009270335063518644,36.841409691629956,0.05409898633132152,60.76859416811677,1192.236417033774,32022.577092511012,53936300.54478708,19.031181647547168,0.0032270559853020153,337.5932452276065,0.4957316376323149,0.7313050296115602,812.4659556418341,0.0018826419881303386,6.067680311133131,0.07446692181519957,31842.244927883108,0.374657621986197,0.0008517419703639835,954.7897965670505,0.010143423051273298,4.273421440993937
267,Test,,Female,69,White,L,Other,4,2c,IV,II,Current,40.0,45,66,33,Y,Y,1,0.6993062957621599,0.5210932903439917,15.719676798627745,30.166722715333073,34.132096331752024,34.0,33.24154027718932,36.91882988394946,4477.125,21.095779117343774,0.49405046618009085,2658.962981218241,0.5938996523926049,4532.0,75.0,171.0,86420065.0,2.857824467933355,45.0,35.628911435782726,339.0,36.76869426706936,121.57127096204766,130.0,-748.0,1087.0,19.350993928172763,138.09003628080958,-4.1700921644783495,86420065.0,0.19327812266055094,4289.284196707692,1264.1954083760295,11610.696664518775,-318.798834925667,18.929867095764713,5.561639803711436,0.548915266939348,1.32663707771473,2.1328718278137946,3.7626150162379357,0.5927620040317284,0.5556843305262115,0.9973186812322641,0.9722381514219484,-0.12831321798715767,0.6979804185146181,0.45883838665477966,35.508489467676036,0.05368462067157062,5.167586071090345,0.6606400540455246,0.13190562100114603,71.01697893535206,3.5935960185565152,6.122876724869036,6.506910287453174,298.0383936451898,0.06576310539390771,20.27875716002864,875.936451897617,6.949018220145223,1259.3155339805826,77.29258605472198,99815.19549867608,0.06031229540911446,0.0010506437976138799,0.1035681623420779,116.59684766552027,0.000334760437885588,578.0066484778304,0.17039314581624315,8.672245760101951,1249.5330783300824,2.36351318007514,3006.807711584318,0.0022060651402773497,0.0011423465740988926,4.053134140004155,2107.42616298719,0.6193689927032995,0.7480480684364179,0.5615670810531365,0.8145117115605864,1010.8597503595187,0.0009970872343792866,32.11421911421911,0.07485831961356437,34.21676691606762,1088.8764568764568,7109.627039627039,9152136.125874126,5.535277349986676,0.003501303751342709,188.17016317016316,0.43862508897473934,0.6884844196893116,731.0527447242941,0.0031889481888175493,5.793112317246829,0.09466019417475728,6998.026776642162,0.25194872353549763,0.0017669481987364977,732.7217294120037,0.009879889309361413,3.952962486454289
268,Test,,Male,63,White,R,BOT,3,0,III,II,Former,20.0,42,70,33,N,Y,1,0.7108073736222364,0.6297776299614191,31.28530785017174,49.676753129653584,87.32124598286491,52.839379254491625,57.55866572463264,87.82368700982668,34713.791666666664,35.31060242216928,0.5250628244220588,9801.086510977791,0.2823398436301938,34792.0,37.0,123.0,687764445.0,2.7291928604141082,36.0,38.549791920304166,1372.0,48.1305306307812,76.39862612094734,95.0,-1004.0,2376.0,15.751778857855236,140.59833022950488,-4.359271192850263,687764445.0,0.2392997991916062,13931.140390156605,2024.2425751361277,131251.75769511212,-1613.3342412273885,54.162458356687544,10.637190532096907,0.6682990348861894,1.2600565834289752,1.9306243178133222,9.019229530276998,0.6723396692215378,0.6531260059229587,0.998897530613397,0.9878473581828136,-0.19547469694986067,0.7883036164692582,0.43845159908470255,44.87046567761869,0.09453066455173985,4.654901219471052,0.7616434501947208,0.17770975160208252,89.74093135523745,3.463679938302446,16.199912222196115,6.818869680100438,1576.6418716946425,0.04531621843224427,37.34753317167713,8325.718613474362,22.386928065781166,2009.2883421476201,159.84697631639457,329365.66980915156,0.07865046974325818,0.0007362066918587689,0.07420986833741028,124.3897701523626,0.00020930246430759383,3993.7475155992015,0.1871028280607407,34.81628471283137,1980.2572764727463,4.285351016119276,8741.100177542872,0.002515709395696011,0.0008848668830138319,4.586226286941875,10548.185483854772,0.4921871748153496,0.6127712825229495,1.5847391114929013,0.7283029613646353,1423.3810501828934,0.0007446055747310369,82.19967266775778,0.03363325395571104,187.88483101673896,1630.0196399345336,109667.49754500818,226525182.73076922,53.13688434162618,0.003151601319449253,1197.0400981996727,0.489787274222452,0.727461829176525,1126.5067342275458,0.0026677358043916116,7.0118210859735175,0.07024603357093585,109464.84298231281,0.6489922621121158,0.00022628517862947393,3021.8222968051186,0.006383235613447648,3.130750598116264
269,Test,,Female,68,White,L,Tonsil,4,3,IV,II,Former,15.0,44,70,30,Y,Y,1,0.9318455312514965,0.6642747403169338,31.63216223002362,47.61909539858692,54.42425929675111,59.54829972383762,57.706152185014034,59.682493245507096,42171.708333333336,44.37364124941192,0.5150995499036738,11374.712195649367,0.26972377086888305,42270.0,75.0,142.0,538739624.0,2.28385274424235,34.0,77.91645456105557,531.0,22.640216144045436,106.64802460373788,107.0,-785.0,1316.0,14.164521325550075,112.8946432438174,-5.0670044530956515,538739624.0,0.26035889126022965,1371.3993212693263,1355.866199924529,1051.1415312822562,-30.664374085104875,5.078036325057479,1.8320005058463142,0.4685391197184241,0.8107898822794227,1.59349137542623,1.1685196686652288,0.6737150175908919,0.6552292658789487,0.9993922758151105,0.9855499745132883,-0.1184652739299054,0.6264698649639212,0.4913388981800066,36.811067263904384,0.0886551857561296,4.156658658620726,0.6260727106651403,0.18456102580626255,73.62213452780881,3.016828616005985,1.7275092077259484,6.39662547574996,2257.775348947244,0.053413185449426165,25.664356881133365,11005.370333569908,2.2813751364276507,1355.58303761533,136.02318429145967,184707.73118050626,0.10040886050306341,0.0007733422339971678,0.049002358630909085,62.78401061157509,7.066420587359205e-05,6181.198253504169,0.23045793092699896,3.1063036861445736,1353.6627335633393,3.6845007892938977,4999.820176237064,0.0027749617598629875,0.0007940198758621478,3.9009438683396,13272.154284036897,0.4925405474495555,0.6344161161762296,1.1714724086288704,0.7275355069569488,983.1637378764258,0.0005930307261500298,176.78255675029868,0.10560487261069217,23.668690735673433,1250.0071684587813,258418.01792114697,350556821.92652327,190.73719888941318,0.0016224548702188045,686.3763440860215,0.4100217109235493,0.6655468067596222,811.7642737896241,0.001356137372658146,5.708561706760063,0.03960255500354862,257780.41016944795,1.8920846988917923,0.0001874960251955396,675.3761621172575,0.0016656199059739071,0.8683534877384156
270,Test,,Male,76,White,R,BOT,2,2c,IV,III,Never,0.0,45,70,33,N,Y,1,0.8570545653142935,0.6523325689540134,22.542106163385824,34.556156224931556,43.829214001622255,38.63935817272331,40.36087214122113,44.73253849269008,13821.916666666666,29.61651145229153,0.536478165238185,5191.715917384681,0.3756147604264735,13876.0,29.0,119.0,161274200.0,2.644919785392757,44.0,67.38484847063471,173.0,37.10043116726072,72.19097722686654,86.0,-969.0,1142.0,18.60936824459431,107.80782952124787,-6.984102712546257,161274200.0,0.21381323447865588,6410.990913112482,1822.77397778431,39156.648119516525,-755.2713142799862,22.564153554984742,6.187994162874646,0.5628100275504542,1.1623545580338694,1.8999740190655108,4.811105381191022,0.6259008607770027,0.5977204957068505,0.997475747698521,0.9769559449243927,-0.129499654106788,0.6735881541182718,0.48372749612897886,42.64596105747651,0.0664915314092746,4.710936588745746,0.6942067452258119,0.13573376194944536,85.29192211495302,3.330765805124883,7.188036929464844,6.478200682044902,818.8710002882675,0.059013476526972294,22.393601533194268,2966.8724416258287,10.358644880102236,1808.7640530412223,100.21865090804266,186846.41135773997,0.05442266802899724,0.0009036490035557952,0.07107801816802024,109.09928469720948,0.00035741921828424055,1829.1935302156419,0.1884875344118377,13.94235252246411,1789.4171778000525,2.8597321025478717,5245.553463911122,0.0020720631119704206,0.0010584790401994735,4.027075911206115,5497.676442693318,0.5633835910263433,0.6991595893296672,0.7855505656854247,0.7776649403275406,1378.9715278081178,0.000935054104245897,59.5358401880141,0.06995985921035734,89.32312714287883,1457.9753231492361,42794.434782608696,79695904.83431257,23.012376186829496,0.005879949834874086,351.58989424206817,0.41314911191782394,0.6681495042469038,910.9113534696976,0.005438803095706119,6.21933996935897,0.061328913231478814,42528.56470510258,0.5110249648470969,0.0005557208083990233,1323.878068051182,0.00870977502454536,4.145367180437264
272,Test,,Male,56,White,R,Tonsil,2,2b,IV,III,Never,0.0,45,70,33,N,Y,1,0.6738289164617366,0.450472574085816,20.76817703481331,46.10308868849567,53.48831648126533,52.0,39.0,55.21775076911409,18556.333333333332,31.065594296508376,0.5772134570591887,5872.311979923299,0.3164586383762938,18616.0,41.0,114.0,281971328.0,2.6031804926439674,35.0,47.59719078925837,296.0,42.03311765491293,68.24645466265578,87.0,-951.0,1247.0,14.959165533404127,123.07200892639025,-6.163146793001448,281971328.0,0.24332294453906966,10489.140807155552,1814.1572396434208,106017.43383058252,-1829.2456888427475,42.19922797965861,6.794992336047983,0.7166985651874007,1.0108761115632534,1.7867408640007045,5.74644962255114,0.7074657706908111,0.6905169433898996,0.9976726244293125,0.9821968372438354,-0.22416245865425627,0.8076974673548621,0.4032811016459428,42.48886642658415,0.10104945693726684,4.398801193422447,0.7642242080736711,0.21903241163011739,84.97773285316832,3.350906373689583,12.248555078926659,6.841041878119575,771.9796948861194,0.04146861274635365,43.680353011092116,4529.699935539321,16.893389737889454,1801.7107864202837,193.70337344220025,359254.27771809197,0.11672703032579065,0.0009401250491410649,0.05879728643551545,75.56440689673882,0.00021774800024682492,2040.4627878329663,0.19261326655271546,27.619543850869796,1763.7580069092235,5.397806618329467,9925.052387430238,0.003816188326503386,0.0011629167874487212,4.6188697101300935,4776.005546705707,0.4476154419609474,0.5673696737297941,2.1858107391261186,0.6928030251640871,1197.2562300457898,0.0009337064902886835,42.63915547024952,0.040920494693137736,121.8599078621137,1202.4520153550864,76791.30326295586,142197306.73512477,41.543691446663686,0.004349897196800448,468.742802303263,0.4498491384868167,0.6973926870485554,738.7350086821358,0.003493782752660716,6.645217684088023,0.05597335625268586,76472.12206335814,0.5099129543926012,0.0005095160984237094,1073.278839642338,0.010142690102423564,3.6952106986658837
274,Test,,Male,52,White,L,Tonsil,1,1,III,,Never,0.0,39,66,30,N,Y,1,0.7001946593868414,0.5075470605784883,11.829581481272038,23.307358864001703,25.0,26.019223662515376,26.92582403567252,27.477263328068172,2250.0,16.319688200986555,0.5528635401925363,1501.9466948401648,0.6675318643734066,2280.0,51.0,124.0,38698332.0,2.4118475305539895,30.0,45.67256413519704,179.0,43.30660203139428,79.9219298245614,101.0,-932.0,1111.0,13.154818597151301,130.28028489214685,-6.04770960076083,38698332.0,0.28953216374269003,10585.437764696831,1771.0962770591095,50058.2362910135,-1020.8481444777804,29.712632973447324,10.533487597268136,0.4690976829279997,1.314019450033561,2.0146162180792433,8.764815479489325,0.6608306827095972,0.63806868838993,0.9957925970740873,0.9750892439930071,-0.13095188586327433,0.6474129638062555,0.42684194145145926,42.02736721177085,0.1197751930041035,4.196685856453059,0.7640869785673865,0.26349425464773296,84.05473442354167,3.0433732134200353,10.061530142678869,6.126156721070249,116.51052631578948,0.051101108033241,32.17294475223146,660.1333333333333,16.93671206525085,1757.6561403508772,121.90701754385965,222603.30263157896,0.07058398104946459,0.001659225634658501,0.10351281603901864,143.0452674395443,0.0004896268753024848,352.89743637587134,0.22921193460458514,24.166314249147682,1727.202824177094,3.1888341277550682,5719.4250737672255,0.003519226221503339,0.002146840491646987,3.9627669481616943,836.7803913771327,0.5411048474334268,0.6741228070175438,0.9531881266752488,0.7629644766198059,1297.1113809324877,0.00197321784785652,17.33195020746888,0.07191680584011984,95.0344863208278,1365.4688796680498,5772.365145228216,10524551.834024897,3.1863154219315537,0.006766381137437614,113.2655601659751,0.46998157745217883,0.7115634407021372,890.8211252639893,0.003418860329200836,5.733918898817402,0.10570175438596491,5682.862554019386,0.12277406942207088,0.0026267848810725782,1179.670084606199,0.022116662371144773,16.080423714927605
275,Test,,Male,73,White,L,GPS,2,1,III,III,Never,0.0,43,70,33,N,Y,1,0.8299172912956246,0.7292803598376371,20.685623494914346,28.36443243791685,40.607881008493905,30.528675044947494,37.12142238654117,40.65710270051225,8410.708333333334,23.540132938013706,0.6043130987100298,3309.612629447857,0.39349986924777725,8456.0,61.0,123.0,99753785.0,2.1369888888921817,30.0,113.99125215111044,162.0,25.34686666759156,90.37594607379376,99.0,-939.0,1101.0,12.915913205584841,108.61309878213451,-9.233726745507688,99753785.0,0.30020129241556714,3628.9935983244336,1793.7714297018522,16641.749152990138,-347.5076115184712,11.278441111311935,3.650227659431179,0.5061607203893099,0.7883994589108028,1.5281709320647932,3.0159845308020077,0.7099044090451107,0.6968016571099389,0.9984683554569928,0.9838336424590669,-0.13818531631426406,0.6326544180520968,0.4569531830872987,42.33040270476584,0.13154735924096675,3.6961042963204918,0.8016778437355628,0.2677975122323076,84.66080540953168,2.772533372197844,3.732167192685779,6.1607085653113955,386.81456953642385,0.04574439091017311,35.860533495666594,2538.502128666036,5.872034512897304,1781.1549195837276,167.82237464522234,305754.06717123935,0.09237625874190898,0.0007220147142669988,0.05006437451634012,75.94707218354505,0.00018713637036250688,1240.43478825098,0.24563616856021542,9.219188926374063,1759.1121646413947,4.556046183439927,8231.831614861156,0.002795432489137087,0.0008385273174445821,3.908664968363494,2393.989463491058,0.4703302846557061,0.5966359799141256,1.6803167260674567,0.7104205048986917,1236.645113558771,0.0006774574673418219,34.7752808988764,0.09768337331145058,78.60329346042167,1445.7331460674156,56708.1797752809,102998996.98314607,31.245655074001707,0.004380888514934482,150.70224719101122,0.42332091907587427,0.6761696822130968,910.7989441435967,0.004131197475391964,5.686620411305906,0.042100283822138124,56143.983840424175,0.34964887728971583,0.000923794143075292,784.0573307123248,0.004801475682231534,6.831011708204676
277,Test,,Male,44,White,L,Tonsil,2,2b,IV,III,Current,,39,66,30,N,Y,1,0.7378318134674317,0.5537179906587482,27.296546721892387,49.29683915347989,55.036351623268054,59.90826320300064,49.39635614091387,60.58052492344384,30220.708333333332,36.37277623082436,0.6122423435632391,7663.559283663627,0.2535863553936209,30285.0,21.0,82.0,251467314.0,2.2452099841917375,25.0,51.048184807804724,496.0,33.02047853628927,47.63665180782566,62.0,-905.0,1401.0,11.216882208983103,91.12278453991665,-5.868359384442594,251467314.0,0.33153334882100316,6034.111266848055,1568.5142359320805,50109.23332447123,-993.1540359213371,28.975748365461964,4.230289181709625,0.7419583398163506,0.8217023292273057,1.6144297741121663,3.5279127754345816,0.7446829796477114,0.7323554121996191,0.9987720989429033,0.9866698538718974,-0.22303917897269873,0.7650152346935065,0.3730117220192191,39.52628226881771,0.17174486106991235,3.800326531562865,0.8010775080037636,0.35927755993530214,79.05256453763543,2.941856642863937,8.301509386792894,6.474726138411308,1182.754135710748,0.0390541236820455,48.93901253157466,10040.487469044081,9.728239498142802,1563.8346376093775,242.37810797424467,388297.49651642726,0.15245371779849773,0.0008095518575311543,0.04640447040013706,54.31743039700184,0.00011861134151971139,3457.2956925816643,0.2240835838247988,18.198399795006022,1526.63948946395,8.610524965788624,13719.226544831112,0.005794205346294975,0.0009853041463067222,4.624607682997265,6221.71475302302,0.39871499449777814,0.5035292922365731,4.161542732387665,0.6518822898931071,971.6639303869292,0.0007531678244946541,55.64035087719298,0.040672771109059196,79.95321583991655,1102.2229532163742,212266.27704678362,339995336.3874269,132.58672045177184,0.003099866245732629,530.3201754385965,0.3876609469580384,0.6470525346771898,649.1281922249835,0.0021447008065045544,6.83836974881067,0.04517087667161961,211776.17901181133,0.825411992932653,0.00028863908314627165,954.9308443309077,0.0035417148862529344,2.5201870847024495
278,Test,,Male,64,White,L,Soft_palate,2,0,II,,Former,74.0,39,70,35,N,Y,1,0.882390031821143,0.6547800593104067,19.53274350191958,29.830999316764224,35.805027579936315,33.301651610693426,37.013511046643494,39.45883931389772,9104.333333333334,26.322576436376075,0.5183996774613655,4067.4120272697696,0.44675561387651697,9152.0,32.0,92.0,84299876.0,2.2193319221038537,27.0,72.46509082537976,485.0,30.815919329796074,56.0388986013986,69.0,-949.0,1434.0,11.53238160803574,95.97441247358772,-7.336569181040187,84299876.0,0.3080687682618954,6070.729693192515,1680.4948543533064,33544.1743866436,-663.4359702288483,19.863294784071527,5.755219186296215,0.5465566269417507,0.978616757800987,1.7128775335247066,4.774114257114494,0.6838548228780307,0.6674165581008504,0.9984515194310577,0.9844784650024546,-0.1298207233108892,0.6272514801952931,0.4657946835675093,40.95078846736185,0.1240982794188715,3.90520997125589,0.6933042200325724,0.2267298132571739,81.90157693472375,2.875205548356514,6.404628492591936,6.1897925574628,459.9624125874126,0.05025813074600225,29.64501659425583,2819.445367132867,9.797019223128272,1671.4639423076924,139.697770979021,238649.06687062938,0.08230750307889295,0.0009195921787607251,0.06655501323336037,92.66981131112537,0.00033571586660468167,1486.746657852145,0.2555992513663533,14.730807083935105,1651.842069516645,3.718291266513049,6290.162144469534,0.0027138803509976373,0.0011104735968570866,3.9205679628397303,2908.4634665011513,0.49727905673896977,0.6349768020441099,1.1989154209361172,0.7309569255465517,1193.7372845492685,0.0009500821957263193,48.407917383821,0.08331827432671428,89.27909326018114,1350.44578313253,41711.94836488812,71324771.35283993,24.414432269323317,0.005423613204161006,239.8502581755594,0.4128231638133552,0.667991549871667,841.2280418618622,0.004971765808536919,6.053470425984784,0.06348339160839161,41463.818089174994,0.36230642823144954,0.0007130311245004826,1163.3491693539593,0.005967427891938364,6.192503627448868
279,Test,,Male,65,White,R,Tonsil,2,1,III,III,Never,0.0,44,70,33,N,Y,1,0.6628970037128272,0.603991395566293,23.199519007852953,38.410346866119575,41.7612260356422,41.48493702538308,39.319206502675,42.81354925721529,14010.0,25.46210384912105,0.49872052927858035,5635.325014787777,0.40223590398199693,14081.0,-24.0,157.0,308933758.0,3.569149957550975,49.0,18.937214733643152,683.0,67.96938592641746,68.9664086357503,84.0,-948.0,1631.0,24.73890427677347,148.12076092902956,-2.640810218552071,308933758.0,0.15884495137023658,17183.394298081435,1750.8173765462977,78022.38612477729,-970.0430662397376,67.39836776076444,15.252855105943317,0.6287547111042794,1.9097905961328034,2.548414629697704,11.51202291600902,0.5778175338810718,0.5368362467455865,0.9967502106362456,0.9739097824805378,-0.20714081773559695,0.8585844989492879,0.38813215941233914,41.68665560703227,0.0548638982855086,6.158157171494742,0.7759752522207164,0.18612981463961986,83.37331121406454,4.358933071112367,20.662805716676928,7.3235479404003545,809.6356082664583,0.057498445299798195,38.673619385797046,2236.695760244301,27.57654429505962,1731.253320076699,110.20886300688872,194251.31297493077,0.06355741293562125,0.001172478122941349,0.12788214433370718,190.2531623308875,0.000621460383246357,1122.3598035137143,0.11161435587844556,36.940016980283374,1718.1302226592447,3.0634628553804806,5357.497258680969,0.002602804613801588,0.001414606985164179,5.012367298492602,6288.857148046874,0.6224653602373744,0.713159576734607,1.0667365833928244,0.815109627479797,1392.1743120693272,0.0013059547772659651,62.1,0.0345,122.24699969135803,1479.3916666666667,10663.037222222221,18865424.673333332,6.037975761107612,0.004980859130012414,786.5233333333333,0.4369574074074074,0.6874149422453198,930.2523546702031,0.004612822098596285,7.010514518407742,0.1278318301257013,10601.841370061728,0.3627483318019829,0.0005881056764727417,2701.687905549194,0.01825456638734604,2.9772355212538884
280,Test,,Male,71,White,L,BOT,2,2b,IV,III,Never,0.0,43,70,33,N,Y,1,0.7561479513611188,0.7094231703721174,25.128044447691924,35.4203887004584,41.677331968349414,37.94733192202055,34.66987164671943,42.08325082500163,15384.625,26.78305435226614,0.6029925176380292,4960.9343270747195,0.3224605297220257,15434.0,40.0,103.0,258201393.0,2.2409129224675364,24.0,40.39497919564531,287.0,45.824851223942794,59.09530905792406,82.0,-971.0,1258.0,10.908937649350376,129.3421401000071,-5.8310618318675695,258201393.0,0.3427630809055247,13237.133652998304,1791.1323721796266,104614.69116973688,-1926.6176625292164,44.36929176036146,10.806274632157773,0.5985045442274416,1.1341781090389385,1.7843535556438763,9.491900876539422,0.7126502803766501,0.6978959365369152,0.9964586311899869,0.9807960498596706,-0.13817425576968229,0.6428550979224734,0.4016715994787471,42.22249008364224,0.17955701213577832,3.780097036945313,0.6722796881955966,0.37784121077994615,84.44498016728446,2.799488205800817,13.79389159812981,6.156142588911457,628.4768692497084,0.04072028438834446,53.02456446154224,5290.205390695866,21.26258264844412,1775.6587404431773,207.75404950110146,383284.8408060127,0.11570816968817549,0.0015991949800515518,0.07506974684500678,94.82866872158937,0.0006711603156592515,1943.152450935844,0.22449576149732753,35.99759244324407,1724.7834964943393,6.073079430601646,11078.20429484297,0.005296272241068606,0.0023938975888711214,4.298186379202086,4176.101228178109,0.48045117733095355,0.5600372803301401,2.835425403388461,0.7197762320192498,1211.1661213066748,0.0022137838997974913,50.9748427672956,0.045799499341685174,142.85799531631807,1191.5004492362982,70432.56064690027,129676170.34231806,38.29217297865649,0.010795989234791399,554.8436657681941,0.49851182908193536,0.7335680130654083,790.1835028403041,0.008051255910584428,6.423908519762019,0.07211351561487625,70240.26623527065,0.5712656775184655,0.00046980030377121335,1223.474699437412,0.01750991857537347,3.457728699687453
281,Test,,Female,57,Black,L,BOT,1,2b,IV,II,Current,18.0,39,66,30,N,N,1,0.8074361811937684,0.4430111830582636,8.330942590007034,18.805264762156966,21.095023109728988,20.396078054371138,22.80350850198276,26.038433132583073,1343.5833333333333,15.184051165893761,0.5799258195694705,1015.3631977859895,0.7557128557608308,1365.0,51.400000000000006,133.0,13830560.0,2.4352028811448614,40.0,38.82261926773006,179.0,26.353349702800255,92.45421245421245,97.0,-467.0,646.0,16.641454515126874,100.65921909233346,-3.614817075564054,13830560.0,0.2313274027559742,1584.4969877497351,550.490693181886,474.351983131141,-23.772366178316652,5.4605586430070066,2.0933033746592518,0.4476495014414975,0.9162175331534482,1.6975440352434572,1.2452440550393378,0.6452746708986891,0.6212669423777205,0.9973137428534665,0.9685145170132797,-0.12463282248731783,0.652619158094129,0.49852214125875705,23.44446457831034,0.07303828761271178,4.35272750896171,0.5978531045293554,0.1397814887688738,46.88892915662067,3.1094317518338475,1.8884655044165644,6.139172870896349,88.43589743589743,0.06478820324974172,18.442939526895575,315.76190476190476,2.5740187041285942,541.4600732600733,83.7032967032967,46568.26300366301,0.15206778809661067,0.0026150935271516246,0.07814904554419813,38.09205134797034,0.000906347896955568,210.24489424226158,0.21143508478072778,3.135620055931707,536.8370485838522,2.5131508510204648,1374.7891735718238,0.005668180413173161,0.0029174778957754286,3.653621344793852,586.6200240779536,0.5870802088131738,0.7277542969850661,0.5998809228484379,0.7932729841659024,422.534740678926,0.0025405513390269942,11.607843137254902,0.11380238369857747,13.622164552095349,476.7156862745098,3793.950980392157,2096175.6176470588,6.902710993530114,0.012093546130585973,35.03921568627451,0.343521722414456,0.5997567575759233,277.2610291763602,0.011251338524370227,5.006834014403533,0.07472527472527472,3614.8636101499424,0.29633586559774605,0.006068517750815535,114.09057741001241,0.014848940584433827,2.2420662747066173
282,Test,,Male,57,White,L,Tonsil,2,2b,IV,II,Former,5.0,44,70,33,N,Y,1,0.5500974334337215,0.41862308105825363,16.573156880556308,39.58968731169905,41.617304093369626,38.47076812334269,26.90724809414742,42.20189569201838,9079.708333333334,21.778185380609216,0.6838171597788353,3077.9299266221306,0.3389899558031468,9117.0,25.0,105.0,70345492.0,2.629442034569965,29.0,31.803417651466436,258.0,32.54256300213058,57.735439289239885,62.0,-760.0,1018.0,13.150345992160169,87.8399658637204,-3.9652875334577486,70345492.0,0.2672434325397921,4382.478653018059,1156.6694632580281,7308.438307680186,-194.92971903556628,16.454642617463666,4.125596334996998,0.5902692604151122,0.9630935011995347,1.7989014261417526,3.1639353364982123,0.6911952208208969,0.6716343801178041,0.9978198594835685,0.9789937496913403,-0.22736115762500436,0.8079252451954552,0.4192210530203881,33.96447422427665,0.12110223888167214,4.434346762332243,0.8437316200644912,0.2972370108054483,67.92894844855331,3.3504379548891765,5.145059738115166,6.6380418726159025,396.8128770428869,0.0435245011563987,42.559050311172356,2436.4583744652846,7.07490079757156,1151.6171986399036,174.95919710431062,204112.33761105628,0.1512765244289027,0.0011323367471837674,0.059803742256479574,53.41738974627377,0.0001522505955159019,1010.1996474933669,0.18414124966273857,11.00594470548351,1138.1821955177522,5.339152645758882,6193.449695631278,0.005112244101636818,0.0013057681961064322,4.5244467482552615,2665.710622272317,0.4818345896575473,0.5959028357843758,2.274897384111216,0.7180135260928362,806.5293448005409,0.0010465568833764546,31.415879017013232,0.059387294928191364,42.43913508027773,846.1455576559546,39397.41209829868,45631268.09073724,34.052238630950654,0.003600096356956818,191.49149338374292,0.36198770015830417,0.6228576515014801,468.5209222318264,0.0017648896281586412,6.254077830541745,0.05802347263354173,39100.38739855847,0.46726652223722454,0.0009796736335884236,526.6908724149459,0.007622559688798205,2.589587455380471
283,Test,,Male,46,White,L,Tonsil,4,2c,IV,III,Current,19.0,42,70,33,Y,Y,1,0.6213796201312628,0.5332849905783525,29.100319006074116,54.568044329382964,59.682493245507096,67.11929677819934,53.71219600798314,68.70953354520753,32298.125,33.907470656697896,0.4658164825918891,10529.008593499932,0.32599442207558277,32417.0,64.0,128.0,344855606.0,2.2263321100378537,33.0,94.61998925463153,439.0,22.565968917729016,95.2816731961625,99.0,-761.0,1200.0,13.612121959198797,103.14121299908281,-6.54331969236863,344855606.0,0.27406739174266515,1559.5125718618579,1252.7123787302182,1383.0171281990006,-47.16782567834461,5.414748074773728,2.050862636021874,0.4491291090958655,0.8140878506490522,1.6180471472669902,1.381113308985672,0.6797809308470099,0.6615731639459257,0.9991879476309814,0.9841323465249169,-0.11244210936183964,0.607658856443982,0.4786988217238957,35.381793458528385,0.09453477665013202,4.105963138355124,0.5689459389136375,0.18490425415000497,70.76358691705677,2.976012430279126,1.8664026776989004,6.364277424319795,1682.5418453280686,0.051903070775459435,27.260898015114904,8884.442638121973,2.5826779488431897,1250.7357559305303,140.11244100317734,176697.9669617793,0.11139822192012179,0.0008654312883974594,0.051108442544071014,58.96185854165215,0.00010620576878278539,4938.837434979091,0.2418188726266746,3.6176439428541944,1245.2196098307443,3.7605863298393745,4724.882731970245,0.0031021132263700274,0.0009068245594683321,3.8691162805028227,10013.271221232271,0.4877666637701805,0.6298784351040883,1.2066401414706502,0.7238506114397586,897.4585849124171,0.0006868367496783869,133.7406844106464,0.10170394251760181,29.23060677471122,1115.8228136882128,201719.56577946767,255558701.85475284,159.40128613329952,0.0024265260973523614,602.5543726235742,0.45821625294568374,0.7035721187498266,765.0938190299034,0.0021611443212886075,5.652455101503744,0.04056513557701206,201111.85892292787,1.4676312063856083,0.0002383693733856574,716.0415213861675,0.0017253913629069846,1.1993785875090202
284,Test,,Male,49,White,R,GPS,1,2b,IV,II,Former,6.0,38,66,30,N,N,1,0.819630896494099,0.4531907014588721,10.676193299758927,23.5578383788349,21.37755832643195,26.92582403567252,25.612496949731394,30.14962686336267,2975.875,19.308732189907545,0.5919504194528509,1690.214858235315,0.5679723974411947,3007.0,48.0,135.0,33383603.0,2.578091401546867,40.0,32.97878632374219,197.0,30.310853657174388,94.41469903558364,103.0,-564.0,761.0,17.575772359268175,105.36585351114638,-3.5561764080506926,33383603.0,0.22397102692099985,2187.82769215252,755.8152202582769,1115.2632117057458,-51.32224222115968,7.708927148962447,2.933313384190563,0.44896935307693325,1.0152122172293985,1.8706044951825456,1.8862955364663574,0.6411233939921678,0.6136291644694782,0.9971755358860553,0.9698067960128387,-0.12013315284540631,0.6511006660832079,0.4645740823058466,27.470355954036275,0.07684944359219598,4.599873103976715,0.6192295383470654,0.19382706444875725,54.940711908072544,3.2307447150712956,2.6605601332882522,6.4317193049547114,168.46857332889923,0.056025465024575734,27.876574878105615,673.4808779514466,3.5549778595537354,748.952111739275,105.91120718323911,81419.95843032924,0.1386588159661648,0.001710627865137513,0.08395090069793483,54.82615248440419,0.00048701688999759147,397.6374708110919,0.189156954739028,4.560422063984709,741.3270447295764,2.8812786197820417,2186.0682338198303,0.0043467614088026725,0.0018847045809888567,3.944641515099918,1196.15768945678,0.5661890619861659,0.698703026272032,0.8055442553915202,0.7796887302907981,572.8741277465169,0.0015944786810474247,23.428571428571427,0.09843937575030012,16.040833980651083,631.2058823529412,7260.466386554622,5632811.928571428,9.384443525667335,0.0061158368991862345,91.23529411764706,0.3833415719228868,0.6420149412313806,390.08431311571195,0.005557858577124337,5.332262671888486,0.07914865314266711,7100.836964197444,0.440789242340194,0.002821088365657479,212.2586571582016,0.016355122021364243,2.028544831309847
286,Test,,Male,66,White,L,BOT,1,2b,IV,III,Never,0.0,38,66,30,N,Y,1,0.6018349321349089,0.45664582735973847,14.452826432346205,31.64996933380603,32.7566787083184,33.52610922848042,29.614185789921695,39.92492955535426,5130.083333333333,19.0480571460831,0.5441664622645619,2643.4349780531684,0.5152810990178526,5173.0,61.0,123.0,49454249.0,2.1318151750674357,28.0,32.698206217715466,208.0,20.50401748076387,92.50164314710999,97.0,-402.0,610.0,12.21105985297592,97.77561726686115,-3.3197265348629488,49454249.0,0.2926222636838835,1003.5173470004348,455.57871097102486,306.45956621285296,-20.407415907824436,4.34009356189609,1.398824265661017,0.512123895889433,0.7004964858754844,1.4863965172123026,0.8982416836019103,0.7110223798991029,0.6985155335448751,0.9980274919780256,0.9748567687123065,-0.14899310137627494,0.6582001717007896,0.46485686043821245,21.327036145730652,0.11855155886323986,3.7780275966588857,0.5811015460662283,0.20062904739019743,42.6540722914613,2.8489358616661127,1.4347294568892766,6.244379161633821,268.38758940653395,0.05188238728137134,27.43045925121849,1513.7349700367292,1.699445988814096,452.06939880146916,147.80185578967718,68392.11270056061,0.32128449534684617,0.002463408983394042,0.04596316832164575,18.04778787062123,0.0003418666745826853,820.2960254381778,0.2569533497725007,2.261153276170479,446.53066601048675,3.9439464554683124,1805.7010461443604,0.00905381415052716,0.002640507197603284,3.8103820922217584,1496.3366146442897,0.46459721016601374,0.6164850034944759,1.2446897126846694,0.7044884965897875,310.7835735934418,0.001991993697262084,29.60287081339713,0.14164053020764178,10.554657631464481,372.2822966507177,35298.36842105263,16271126.866028707,76.78380963543523,0.008256122875973349,70.11961722488039,0.3355005608845951,0.6014166927099693,217.30102570308708,0.007167834767086889,5.333175205463913,0.040402087763386815,34685.74670909549,0.9477451317197403,0.0015837412425176534,126.68043651002185,0.005274586983082594,1.0874775453290793
287,Test,,Male,43,White,L,Tonsil,2,2b,IV,III,Never,0.0,44,70,33,N,Y,1,0.8965840815852456,0.7366575537974875,19.325448539109566,26.23396507574844,33.301651610693426,33.421549934136806,40.36087214122113,42.49705872175156,5210.083333333333,23.52095548377932,0.4675073126873237,3108.7955567297163,0.5966882596368676,5269.0,55.0,116.0,64941158.0,2.26612667816129,30.0,74.88412200276846,176.0,30.590627576667565,77.21806794458152,89.0,-939.0,1115.0,12.846070054690735,111.01864309917367,-7.673792940353336,64941158.0,0.28377561260009554,6362.509098487697,1749.580404520148,45857.17288412335,-847.1853016072675,21.69688591896631,6.82863727931369,0.5193053583699395,1.0745020793538662,1.780972177808619,5.643640452892454,0.662052118786441,0.6421817760352736,0.9972516481371447,0.9790317840773037,-0.10475405235750168,0.5821773122890368,0.4791375456805534,41.783523063793915,0.09927149099440455,4.094905496697037,0.7262721652771047,0.20684193818670688,83.56704612758783,2.9419550517011257,7.131380799570002,6.18641469104044,295.95691782121844,0.056169466278462414,24.29240661484086,1495.2137027899032,10.285224516747693,1741.8654393623078,109.6540140444107,194623.96109318658,0.0631163296460995,0.001007254746351153,0.07686227502405119,115.15887663326214,0.0003437454121093342,900.1139226772596,0.24994381999519538,14.387282112374278,1727.2005672553616,3.027237759837175,5322.830513891571,0.002385811973070998,0.0012020690952624384,3.729878900446373,1974.7685007048083,0.5456541926751097,0.6831102092062425,0.8573182268542041,0.7658281712651248,1312.2812437128284,0.0010598638546065993,33.426735218508995,0.08592991058742673,77.34454570086108,1452.8200514138819,17596.49614395887,31184106.275064267,9.946064509286964,0.0052067720642140995,156.03341902313625,0.40111418772014457,0.6571395902207882,903.4053614519493,0.004180706697057249,5.825660394482664,0.07382805086354147,17413.029467159216,0.26451747729905667,0.0012465915401457892,962.5870207133138,0.011333981779758338,7.701298494144745
288,Test,,Female,47,White,R,Tonsil,3,1,III,III,Never,0.0,44,70,33,N,Y,0,0.5997016383060134,0.4167637926224825,18.963487234638126,45.501762797844194,46.57252408878007,52.478567053607705,36.6742416417845,53.150729063673246,13705.958333333334,27.28748169567878,0.5773678164755492,4797.015894141991,0.3499949275692378,13764.0,40.0,115.0,154741012.0,2.5445843316974095,34.0,67.29031757929558,350.0,33.03066076876438,73.05826794536472,83.0,-966.0,1316.0,14.654653108673012,106.03039624937637,-6.957696956905539,154741012.0,0.24594495992181398,5904.93441362306,1817.049718425174,58004.27705175402,-1059.3577524903337,27.91773916038941,4.730850339023374,0.7075791870611442,0.9592537386679132,1.7511568185413844,3.7818444894406125,0.6876256729811294,0.6686418120019864,0.9984980315206115,0.9835588011675143,-0.19720782517926058,0.7690606077075507,0.4374181544757345,42.55880633032853,0.09471835030364811,4.455254482715505,0.7536398514445878,0.2330232061286144,85.11761266065704,3.3299788704115105,8.162147374853202,6.709064461442078,646.8179308340599,0.04699345617800493,35.06487215342012,3385.186428363848,9.518702935294604,1810.8809938971228,160.03530950305145,294865.81400755595,0.08739562823035785,0.0007114404662403775,0.049088084267886065,71.43552007140343,0.00015736048363719762,1668.1923739758759,0.19877683890637213,14.749048499090614,1791.6048889975589,4.426184243557031,8102.676643745213,0.002694300473619356,0.0008184649285468294,4.33599051425959,4040.6154100557546,0.47514406434550527,0.6084993181767376,1.600768403257826,0.7120634065059284,1262.6819961622823,0.0006582136772499165,31.543333333333333,0.05257222222222222,97.4099888888889,1357.4233333333334,71878.54666666666,132394540.9,39.057868487852296,0.003755389671980635,216.75666666666666,0.3612611111111111,0.6247315581796647,753.195765165259,0.00324298093995849,6.6790974728948465,0.043591979075850044,71352.30306666667,0.37452617945871874,0.0006729870721103646,1051.0520419388567,0.0049310840552708795,5.240586451364486
289,Test,,Male,69,White,L,BOT,2,2b,IV,II,Current,8.0,42,70,33,N,Y,1,0.829011311934848,0.7712408424664925,20.720820257789573,26.866860670296795,34.713109915419565,29.832867780352597,29.410882339705484,35.22782990761707,7931.208333333333,22.272931411853516,0.6772986954959171,2839.641125414096,0.3580338589114643,7970.0,-975.0,59.0,3633156807.0,4.094867339777921,1002.0,1.2728081117962915,988.0,464.86813288224823,-472.1978670012547,-623.5,-994.0,1982.0,439.66077503446166,675.1696479966421,0.15845240345911307,3633156807.0,0.11614945632067558,232883.22797537502,773.4822363622553,2561097.779759088,11703.468284967375,1418.8382330856646,43.08827261947171,0.9409367377768849,2.9706935583423832,2.7976345262073385,33.337505279595064,0.6105690869214898,0.5787722999153435,0.9937483543678585,0.9682344866132487,-0.38989380090863873,0.9748776890394212,0.29831443571003174,20.72398505577532,0.05583986871852131,6.491684671233331,0.9584154044669664,0.19194871151923687,41.44797011155061,5.028892368172691,365.48162642628455,7.816485949460983,378.19021329987453,0.04745172061478978,58.412582693255295,925.7111668757842,372.736979230458,841.1525721455458,172.45997490589713,94191.20777917189,44.09114641024622,0.16186341243430047,0.14300747282036486,131.3174490097386,0.003449110587146008,332.23278454870973,0.0656737642536807,346.49903235104546,949.0136941731275,4.7487867829706,2986.6086030378833,1.057726019055329,0.11680448855488273,5.914828696864845,2785.2837095941277,0.551387072982014,0.6277193321108001,2.073797873731544,0.76945715634223,759.7282552276299,0.06877731744941798,25.0,0.020508613617719443,247.6620247772317,916.090237899918,5340.769483182937,2547289.2748154225,1267.9453099147192,0.015131878536740483,606.8441345365053,0.4978212752555417,0.7332289700189591,663.9705287682158,0.008922047964905946,7.089200455854585,0.15294855708908406,5298.022129786717,0.3439352493162651,0.001163898202695732,5361.474982516469,0.23129416434596584,12.49554639958367
290,Test,,Male,53,White,R,BOT,2,1,III,III,Former,12.0,39,66,30,N,Y,1,0.5591021596781857,0.428027864503244,13.48559202645907,31.50634139697899,33.97057550292606,30.01666203960727,27.784887978899608,34.20526275297414,4182.0,17.61526351860918,0.5566030764474073,2255.249218741524,0.5392752794695179,4223.0,26.0,115.0,59661595.0,2.5350156869617773,31.0,36.122323762582774,158.0,46.888785514235416,66.70305470044991,90.0,-895.0,1053.0,14.97623589906891,118.8603183498943,-5.214387058015274,59661595.0,0.2679816991723941,9678.477771867005,1568.184345660926,37573.462660629724,-888.7202352440213,30.57249648878976,10.735968468132004,0.47518491577668975,1.4006882304675694,2.115480242695351,8.744341739730517,0.6529269404834819,0.6281760030147739,0.9949959475054276,0.9717574846045003,-0.126420753064553,0.653967464740342,0.4149164898607192,39.5375908624419,0.10718639523597576,4.414666971980614,0.6531166267492622,0.2262560810478527,79.0751817248838,3.1922206918018583,10.327116239230444,6.348383102631765,205.37366800852473,0.04863217333850929,37.05504070405017,1131.68671560502,15.558207484256378,1551.426000473597,134.1636277527824,218105.96258583944,0.08313763313549528,0.0011450453926878125,0.10645627276806152,124.37103807747839,0.0005760810926720027,580.4137636028672,0.20799578948170291,22.33787479259968,1514.6244747741428,3.487872589941902,5553.079814306531,0.0029574595949393764,0.0014211067401698405,4.152692046088406,1505.7697377167865,0.5377619829352775,0.6594473487677371,1.1498943663044976,0.7609885075299486,1127.693805012797,0.0012727228449379473,27.334821428571427,0.06101522640306122,74.92402742346938,1130.59375,9845.051339285714,15996205.28125,6.067643374372189,0.005467303013808453,220.90625,0.4930943080357143,0.7292424213855097,761.7800766513928,0.005234074473458554,5.961818387328531,0.10608572105138526,9756.195466956315,0.219953602533614,0.0015308685028269724,1195.7410643644735,0.019678780752241543,8.266664997012013
291,Test,,Male,62,White,R,BOT,2,2b,IV,III,Never,0.0,42,66,30,N,Y,1,0.663159341988593,0.5990941805738546,24.42908418597828,40.776700856246656,51.40038910358559,44.01136216933077,35.73513677041127,52.182372502598994,16459.708333333332,27.041450108294228,0.5171419295558873,6050.934657267055,0.36762101336953956,16523.0,34.0,93.0,178597753.0,2.234147138384974,24.0,58.180245781736545,822.0,32.07694014958724,61.263148338679414,73.0,-987.0,1809.0,10.601252217727579,103.96652873408961,-5.1995155682429886,178597753.0,0.3211173299375936,7055.865752649242,1867.545718615151,37039.46886292041,-570.4769997769118,23.288198045681135,6.639970749092317,0.5486272666012912,0.963904053737826,1.6765311154212728,5.692698954327914,0.7172869723269931,0.7050515979294395,0.9988282508538047,0.9878235056522023,-0.1694252489005742,0.7007578352784467,0.42314719832806935,43.166914317962664,0.14723762218677458,3.8026436955064784,0.734042398100623,0.25137545756501073,86.33382863592536,2.887803811860829,7.482042198693366,6.381083280669116,718.744114264964,0.04349961352447885,40.099617145597875,5305.821642558857,11.383158973912595,1858.3694244386613,188.82799733704533,357700.0243297222,0.10045142018745902,0.0007533170084795763,0.06633486529328735,107.06855223277684,0.0001885948793986213,2398.478706343242,0.2544439840614404,19.119001206977693,1834.390567597367,5.13726421729674,9664.401744102417,0.003130827806917746,0.0009157267790609253,4.270900795487381,4236.002348661426,0.4472537550386194,0.5694067477036671,1.9950031776443677,0.6934675715945507,1256.6649633053976,0.0007461261783872694,57.6310861423221,0.053961691144496345,114.55879588716351,1585.7265917602997,78522.80617977527,148772041.41385767,41.47311478951398,0.003195675145650701,522.8670411985019,0.4895758812720055,0.7270355634128732,1113.6404339850758,0.002633309922691077,6.4966163796535845,0.06463717242631484,78283.45514998808,0.4443575141506915,0.0003976292200126925,1804.3837891533817,0.0037435258760715492,5.1157815188710805
292,Test,,Male,49,White,R,BOT,1,2a,IV,III,Former,5.0,39,66,30,N,N,1,0.6771915707071342,0.4872419567293344,8.976521477905784,18.423129112611072,25.298221281347036,17.88854381999832,23.021728866442675,25.317977802344327,1175.625,12.475987741109423,0.6462653133047372,833.5260031763424,0.7090067012664263,1195.0,-9.599999999999994,100.0,12614464.0,2.433089589546406,28.0,19.82999784098862,191.0,48.226952609373086,54.10209205020921,80.0,-592.0,783.0,14.490938484344156,102.74257549859105,-3.7697490727303733,12614464.0,0.30782584338509483,7629.000455874372,735.6733716027235,10383.164655399583,-385.11511265313396,21.49149917412679,9.929461019566833,0.36025398415683163,1.4296362751004221,2.1357900768437146,7.841367232176016,0.6585063015590263,0.634852230629746,0.991758366748238,0.9624350463577915,-0.12453822859231842,0.6287398538438775,0.3981912870300747,27.069913061924417,0.14475273171361114,4.062984787743021,0.6551750931414633,0.325899196288736,54.139826123848835,2.995596883365198,7.855240048423405,5.9820488418116415,59.846861924686195,0.0500810560039215,38.979580889690304,367.8518828451883,12.147948390259273,724.1221757322176,131.15564853556486,102255.8309623431,0.1701279199519898,0.002958169549177293,0.1226583429328893,60.23362697770037,0.001767025033545373,175.9962362230308,0.2193852817686513,16.860888651940062,698.4926849003982,3.326793803084244,2507.319079237176,0.006799248089082719,0.003792548920304337,4.011309131035672,442.7812123102841,0.5498870692280605,0.6691985838429353,1.0558653613408702,0.7687706659716232,520.0475233381713,0.0034903219612153046,11.064935064935066,0.07185022769438354,39.71361106426041,479.6233766233766,2690.1753246753246,2088751.7142857143,3.4801880122613267,0.013869763991756327,75.87012987012987,0.4926631809748693,0.7282566106278525,314.74597267715365,0.013350204496921418,5.332243707504759,0.12887029288702928,2629.961755776691,0.1820821610560251,0.004242583568911033,586.7995830852498,0.04098004359476986,7.551615109024719
294,Test,,Male,51,White,L,BOT,2,2a,IV,III,Never,0.0,39,70,33,N,Y,1,0.7544593030060539,0.5300758948547724,17.48438375908257,32.98467998412352,42.95346318982906,29.5296461204668,35.6931365951495,43.243496620879306,8887.291666666666,24.88559867069956,0.5439219329519405,3814.701046160895,0.42923099513753954,8932.0,42.0,122.0,98058037.0,2.598978313731645,35.0,42.187658485573685,641.0,34.63131664650805,76.94838781907747,88.0,-792.0,1433.0,15.091218936671071,104.77730900704896,-5.007475118860838,98058037.0,0.23966124907721956,5057.23009480347,1280.2961175284802,13410.827443482269,-375.01100226661725,18.45773866821124,5.59428867422833,0.5303247723819693,1.1032960126305114,1.9108221888124008,4.36119978434398,0.6619657647459868,0.6396835390778756,0.9984337050890697,0.9823664965603811,-0.1508265891364023,0.7126057882558496,0.4478887445214577,35.736247439547824,0.08896337848857815,4.552839587760607,0.680402820160107,0.2149299402919197,71.47249487909568,3.3195515490118828,6.013006835609895,6.593542008019993,431.615539632781,0.048322384643168494,34.26556894315592,2140.6542767577253,8.194495182188597,1275.3297133900583,136.32713837886251,178251.45174652935,0.1047201461539526,0.00102671468330782,0.07953206021454595,83.64245197699168,0.00030455719237322353,1123.6596713112779,0.1934334428184603,11.850425113948322,1258.4047295375117,3.577074692370462,4625.0089240521565,0.0031461661510072433,0.0011671715633526803,4.2278905645458025,3058.7865481285426,0.5245392267943362,0.6499018223156153,1.1821946922787523,0.7517249431371538,934.2037531508255,0.0009758794382692485,39.32248520710059,0.05816935681523756,54.799838503553794,1006.1937869822485,25054.51775147929,32786306.98372781,19.1687259978716,0.004037863554316751,295.7455621301775,0.4374934351038129,0.6876012131708001,657.4821215746066,0.003710100183301573,6.214409760006383,0.07568293775190327,24879.933913378383,0.352881327838719,0.0009128893155855319,1028.693343184309,0.006030515328752736,4.086433367306427
295,Test,,Male,60,White,R,Tonsil,3,2a,IV,III,Never,0.0,44,70,33,N,Y,1,0.6637394880251503,0.6414050930751992,19.875963942696888,30.988160457850626,27.018512172212592,32.7566787083184,33.60059523282288,39.230090491866065,8454.166666666666,20.56806575713498,0.7547669190508642,2659.0008182300053,0.31451956450231705,8485.0,16.0,85.0,88327340.0,2.4394688913135667,33.0,60.98673061472801,159.0,35.820204464948894,40.496169711255156,54.0,-1007.0,1166.0,14.271663931061184,102.02853541481501,-7.057678440645319,88327340.0,0.25528333302660006,8769.882277609382,1885.5949356890471,69063.11794839177,-1245.7060053307393,29.297198527129783,7.8079933856786665,0.557187129734149,1.2738956421839835,1.9562980537171997,6.104705661311242,0.6122381855224038,0.5805337647149307,0.9970896413463224,0.9760081991269332,-0.09510184323377885,0.5397744226791245,0.4758923658496752,43.36150066390352,0.08214446278506143,4.409210759499,0.6855417946291181,0.16909094744457956,86.72300132780705,2.992333079239898,9.276297978202113,6.084189041434603,518.0566882734237,0.061055590839531375,20.55795000293422,2166.079080730701,14.145637241914308,1875.0944018856806,95.52681202121391,182944.51620506778,0.05055580936985145,0.0008707033098574892,0.07213512507884721,109.53421190852109,0.0003151939395605946,1323.57831373309,0.22061285953761045,19.659259986316474,1858.4213491609876,2.9820835376841157,5651.656787517007,0.002076466878439268,0.0010188399243148498,3.8271940126829804,3472.372530896679,0.5696714100335957,0.7054439961923756,0.8277385808799451,0.7783560755023895,1434.8996026751165,0.0008975079407330672,45.73298429319372,0.07981323611377612,120.80502179216579,1460.5183246073298,30221.247818499127,57906834.907504365,15.791243245112865,0.00494288212129133,208.2041884816754,0.36335809508145794,0.622627795491038,792.8608546574729,0.004258242039771497,6.255898661068176,0.0675309369475545,30001.970127524524,0.3515469565400055,0.0007486286893665063,1568.8789485370228,0.012522171634163274,6.271082878721429
296,Test,,Male,56,White,R,BOT,2,2c,IV,III,Current,40.0,48,70,33,N,Y,0,0.5491953843417339,0.40287009449407873,25.30141943801884,62.80292278778392,67.80117993073571,58.82176467941097,49.72926703662542,67.86751800382861,31888.416666666668,34.49107531822123,0.4333698592347932,11221.40900845705,0.351896085834419,31979.0,46.0,102.0,312127401.0,2.1690571364836577,24.0,69.26713271912764,658.0,28.8562383346882,68.54670252353107,80.0,-937.0,1595.0,10.810049122066154,98.79466855510745,-6.931798853449695,312127401.0,0.32841644323051805,5061.736108064077,1715.5517788434915,48917.18865834806,-912.0622116750545,24.360984395576338,4.6875150443415885,0.6774589527579937,0.8568784948844758,1.6334856842835195,3.943383877909371,0.730334926387746,0.7180526354292025,0.998950612404436,0.9877449545019162,-0.16382010683032758,0.69046082234638,0.40370453035108345,41.35980196148526,0.1577159952514734,3.7652285779356904,0.7586907594496911,0.33045159409437413,82.71960392297052,2.8732084332033754,7.262124859979481,6.403069227084853,1294.3692110447482,0.04047559995762057,45.839014050662975,10502.429438068733,8.187141532901173,1710.8881766159043,209.14134275618375,366115.2843115795,0.12195252867127046,0.0008061317868364855,0.058988789718043944,83.61317097744279,0.00010101659327274297,4294.078910818079,0.24517551218497838,13.944727690332634,1681.3920383455986,6.039651339882851,10504.458963057888,0.003947649468965755,0.0009688154911640367,4.264122927970297,7746.995924033724,0.43990502729595465,0.5469623094001593,2.6357113345012135,0.6878623580953452,1138.3265722127844,0.0007646657047428953,107.12330316742081,0.06059010360148236,70.50697895978787,1355.0888009049775,180666.282239819,316087313.9111991,103.32655159413704,0.0024340834503776662,833.6131221719457,0.471500634712639,0.7139029401006194,934.3999607388841,0.0014065325591094257,6.315725659620111,0.055286281622314644,180339.11844524834,0.8331843055320842,0.0002441975683785206,1312.5837443164996,0.0027646264964193146,2.5540577300227154
297,Test,,Male,55,Hispanic,L,Tonsil,3,2a,IV,III,Former,32.0,45,70,33,N,Y,1,0.7372120919798589,0.6587027413016783,20.034977671934463,30.415810373496946,30.0,36.124783736376884,35.510561809129406,37.54996671103717,8399.25,22.42290319470838,0.5641110040150323,3542.255568297463,0.4217347463520508,8443.0,81.0,140.0,126311837.0,2.200823540770786,29.0,108.1540439989216,873.0,24.669433720203745,105.31789648229302,110.0,-927.0,1800.0,12.380079079029613,122.31328520263155,-7.927093456155211,126311837.0,0.29079875695961954,3868.6804176052974,1837.2392796787622,18044.774895461687,-373.5360190884688,12.620362536839687,4.186642832103432,0.5024825335311982,0.9069002465404365,1.6532924166708156,3.3526471610567414,0.6779730059440866,0.6606526750275642,0.9992624377652791,0.9882320892154,-0.1046013631938661,0.5759107652050319,0.4810697733185813,42.83842535853401,0.11040905217333313,3.92233263901128,0.7971834226928985,0.23824883616392642,85.67685071706799,2.843512292245561,4.201751342235782,6.192841628386771,426.8000710647874,0.050550760519339974,29.67831115117731,2455.2139050100677,6.268859169716441,1832.3000118441312,134.63946464526828,248721.69975127323,0.07313885187062819,0.0007275286341867236,0.06354584882606455,104.10699154664711,0.0002171538273917776,1340.131959603284,0.24619614572364737,9.366125600981727,1823.298438472322,3.599730436046344,6626.2231919348915,0.0022401847451341416,0.0008311229912797362,3.8115091174530167,2791.3295502395895,0.510386898924361,0.6444209586457603,1.1612249753628907,0.7410172024908817,1344.3489561236383,0.0006907658839898271,42.29004329004329,0.09153689023818894,78.47915612526,1590.8809523809523,42587.742424242424,78628147.23593074,23.08670530166618,0.003897322007432582,214.05194805194805,0.46331590487434643,0.707148405404895,1078.1526850475118,0.003711149516774764,5.851045648409805,0.05471988629634016,42253.770754858415,0.29209008984454715,0.0008444058741135629,1151.0977365009946,0.0035343480184824327,7.68943083798619
298,Test,,Female,69,White,R,BOT,2,2c,IV,,Never,0.0,44,70,33,N,Y,1,0.5811478710258589,0.5074553668892827,19.61542944153753,38.65449204287803,45.39823785126467,28.653097563788805,44.181444068749045,46.357307945997036,10832.208333333334,22.463975756304567,0.617599568777193,3833.4382900933815,0.3538925925470766,10883.0,80.0,169.0,304030406.0,2.7254272224428386,43.0,38.937546545423274,664.0,51.60902195546967,114.1951667738675,139.0,-956.0,1620.0,18.509626193310655,167.1414614169626,-5.577766673464958,304030406.0,0.21897880025672817,14895.732010086585,1986.789494554442,118264.03383130288,-2076.1714285148564,49.25875002469297,14.292546562616213,0.5394558278045616,1.423398906945229,2.0293738625788444,12.212385622674999,0.6436676366995014,0.6186534795682673,0.9971115226866445,0.9809125589453961,-0.15093593982758072,0.7170277661485093,0.4475468856115657,44.475199674669405,0.07710878759287242,4.710663607538205,0.6740508112302125,0.15839426988189295,88.95039934933881,3.4149498450016873,15.887824146827295,6.606149115394244,550.313057061472,0.050566301301247084,32.8524264699817,2383.146283193972,23.90859020239407,1967.7761646604797,129.85583019388037,267714.3859229992,0.06399392353341302,0.001075428331171688,0.07896748733881573,114.68187337180032,0.0005381949113043093,1310.8418082395024,0.18247207877364124,34.45516990290021,1926.472840389818,3.4439057983026995,6949.259078867644,0.0025859099580990566,0.0013742375494216182,4.302405507916845,3860.531181479212,0.5353948504906308,0.6596526693007442,1.1193099996604268,0.7594233780285471,1436.63437145335,0.001250679528324716,33.922094508301406,0.043323236919925165,169.2867332475383,1349.029374201788,30722.05491698595,62989411.77266922,15.008141361030239,0.007787906148482088,387.07662835249045,0.49435073863664164,0.7304510837198958,896.2108125374241,0.00711088426400199,6.546033463143914,0.07194707341725627,30528.869769315712,0.2941265388298764,0.0006868337189731782,2129.2388873401137,0.014620139772270207,5.1498054829977695
300,Test,,Male,71,White,L,BOT,3,0,III,III,Former,10.0,44,70,33,N,Y,0,0.8019947976518118,0.5822344017874905,23.77184171496071,40.82864503021445,49.658836071740545,38.600518131237564,48.05205510693585,52.21110992882645,20966.333333333332,32.74436090940449,0.5996583854341967,6131.901983175023,0.29246420371587895,21027.0,8.0,103.0,366739405.0,2.4254714987746273,25.0,31.3426676816795,340.0,56.45795365692705,53.525514814286396,84.0,-984.0,1324.0,13.48348029976651,132.06572829143556,-5.00492183002191,366739405.0,0.33587721854801417,14576.375853012896,1860.7775891924578,106082.86733915965,-2051.393549895222,52.59055509239214,13.142767537613164,0.5941667025727433,1.3381334322897847,1.993065279764936,11.318815078425992,0.7025236899834899,0.6837824910354987,0.9960400311914486,0.9786165835209388,-0.14740274737239129,0.6819780358655595,0.36520967101640395,43.02222759943648,0.18778121140450718,4.094687655024019,0.687158545227607,0.40098349070065203,86.04445519887297,2.996180667441006,16.433330657501344,6.283580462218334,866.0652969990964,0.04118824829976204,63.63901696127562,7062.490274409093,23.42319293809648,1843.6119750796595,223.36981024397204,432112.4906548723,0.11664960469507694,0.0009395232394729515,0.09227940110793369,122.05325048117551,0.00028683878827806785,2190.1843917713095,0.18832525221752786,39.2660019884866,1773.8912999059432,6.874624357213751,13130.04719102166,0.004357252073661235,0.0012661134745712709,4.568379888872417,5934.255398201713,0.508956883236107,0.5523667372718594,3.5626225487199727,0.740415193666577,1275.4792894423836,0.001118023245775439,82.96782563570316,0.04305543624063475,115.02379293620362,1260.9885832900882,73676.12506486767,142638085.0601972,38.07064811574952,0.003731444757793058,974.5993772703684,0.505759925931691,0.7388479556520192,863.3811884480766,0.002653592206555086,6.443033952819134,0.09164407666333761,73557.05812277878,0.7302190943819571,0.0003347948486250407,1539.152812810224,0.01876352436198607,2.3781415968079864
301,Test,,Male,76,White,L,BOT,1,2b,IV,III,Former,5.0,39,66,30,N,Y,1,0.5958390772860029,0.17792748141236855,3.1103902063722293,17.481224270035735,16.0312195418814,12.041594578792296,18.601075237738275,18.601075237738275,386.0416666666667,10.415996538887773,0.6311100981817489,406.25786628287693,1.0523679212940147,398.0,34.10000000000001,142.0,6839531.0,2.8055693431727993,47.0,19.62757240932861,184.0,52.550251256281406,85.5,112.0,-526.0,710.0,20.807755426931735,131.0906223048827,-3.887504256815754,6839531.0,0.20279790914370852,9874.501256281406,698.0914718410061,20795.26193070041,-661.1685890044284,30.690164193967618,14.42161336774731,0.36713963014074136,1.711645778282377,2.187436191556635,11.34173615097643,0.6017522743996986,0.570873926685431,0.9875990459262536,0.9537397753688872,-0.19575478358887197,0.7814849825084101,0.45105677459986065,26.34423345568799,0.06979483269203254,4.641926055492169,0.7942872883673567,0.14315253681673673,52.68846691137598,3.3563630376309304,11.277944390428733,5.8387708288684985,31.592964824120603,0.0793793086033181,18.281886821039876,80.71356783919597,15.920532309790158,686.964824120603,63.28643216080402,47591.72361809045,0.08846634644837884,0.005059246660261918,0.15660278160426208,79.48866104622645,0.003781462493119736,56.13915832931801,0.1802662600241926,19.466569835264178,670.983167114436,2.0598592134463174,1461.063559913129,0.007568076120335123,0.006121197091416334,3.8188570891901366,200.78216864424456,0.6422336774124489,0.7804406648627753,0.3911330493616646,0.827548227989264,543.5354063020493,0.005881963675872641,5.147058823529412,0.07569204152249134,54.30709342560554,509.0,403.3235294117647,298091.4411764706,0.5690956181190989,0.022476196269053405,30.352941176470587,0.4463667820069204,0.6929674954635883,316.11734867730326,0.02169941266201303,5.0965205179377655,0.1708542713567839,369.0666089965398,0.07010559712062579,0.01585778408272458,404.055230855595,0.09329596037777793,12.48650541420582
303,Test,,Male,52,White,L,BOT,1,2a,IV,II,Former,,39,66,30,N,N,1,0.7039789423373881,0.29799543036763704,6.218633579054339,20.86821791657144,20.09975124224178,20.223748416156685,22.135943621178654,24.454038521274967,1167.5833333333333,14.690785977374093,0.6064958625072673,884.1274475616282,0.757228561183323,1186.0,-115.5,95.0,23229419.0,3.4437313655866353,75.0,16.54505137088622,163.0,83.36945078757512,8.31787521079258,52.0,-1021.0,1184.0,35.50712446144004,139.9512653070544,-3.3525296704005827,23229419.0,0.14210761298908856,19517.169613023216,1821.0706843543626,58874.77367835277,-1429.681446962968,57.362956051624856,23.30183633699792,0.4153990573946306,2.5287667547377923,2.821882364326268,16.657763909117314,0.51274213472444,0.4636160985301091,0.9911208135373452,0.9549833132116896,-0.1520832383122987,0.7708749384557178,0.39845829634535784,42.57392663514193,0.036220587744095645,5.924776581248117,0.701923941186011,0.08932182770743127,85.14785327028386,4.0629753791101075,20.1661980971557,6.574335476372605,99.58684654300168,0.08396867330775859,16.90233158632614,168.53962900505903,31.307804088736212,1783.1467116357505,51.81787521079258,101001.18381112984,0.02771771407827455,0.001534214928905372,0.18759133910122433,260.10657013890807,0.0010800556267310678,118.6537011438449,0.12311919044436531,36.57820272693507,1748.2211857065388,1.8963234779264648,3483.5287197194466,0.002241533481099851,0.0017728803686144162,4.388232536575032,678.4932973208236,0.702477232982419,0.8111947074847581,0.36216261161780255,0.8629996144306146,1484.6573319767454,0.0017003721631787098,11.508620689655173,0.04960612366230678,79.83472057074911,1353.5862068965516,677.6637931034483,1328383.2413793104,0.35127862014999384,0.005587662829374929,112.27586206896552,0.4839476813317479,0.7222594190851394,913.7854292392781,0.005371040385608871,5.885584064179712,0.19561551433389546,651.5305439952438,0.06268679911118918,0.005809608179599184,1627.0145275878494,0.07544434495761541,14.09930683955949
304,Test,,Male,66,White,R,BOT,2,2b,IV,III,Never,0.0,45,70,33,N,Y,1,0.757980315695038,0.6433359282252757,20.938960681655004,32.54747599658828,41.10960958218893,34.88552708502482,35.22782990761707,41.54515615568198,10208.333333333334,24.670346130970657,0.5025909778017057,4527.995620322735,0.4435587546438597,10272.0,32.0,96.0,110607890.0,2.3837440644059953,29.0,45.636627395071116,506.0,36.878173948962065,54.99045950155763,70.0,-941.0,1447.0,12.41521578936203,103.76850227242817,-5.7704171638237085,110607890.0,0.28680384203860604,7743.951427670479,1683.2362204069227,31461.871283394303,-702.6216826377175,23.473520707298864,7.747190980690117,0.49859786785865495,1.141902673590036,1.852005822060523,6.4225606677908225,0.674732883514251,0.6569649372246806,0.9979489381662915,0.9824300889785624,-0.1230673935866739,0.6331207774017357,0.4539462223539577,40.97928088171581,0.11277955350434689,4.154310207743531,0.6276490920351678,0.19798736665124658,81.95856176343162,3.0310289788424423,7.80517792199725,6.375778061095143,512.2363707165109,0.04986724792800924,31.748635100348405,2946.049065420561,12.456966756178973,1670.4101440809968,140.4260124610592,240947.97400700935,0.08236918769932007,0.0010292123493039855,0.08682319617011588,116.87014283179806,0.0004890621884524896,1553.0323787411994,0.23681087355915637,18.814696671690168,1645.6229860701717,3.7424305667701274,6347.855100594359,0.0028879062962123675,0.0012859389598184573,4.105856108963336,3331.059006845128,0.505251261870793,0.6375059908938414,1.2374686184453116,0.7372363286340696,1195.9966481931024,0.0011319680753014353,50.98375870069606,0.059145891764148556,92.83462755906784,1307.8665893271461,32739.605568445477,56154035.112529,19.105877854368753,0.005824135150126389,464.4895591647332,0.5388509967108274,0.7608747969212636,944.8919785501437,0.005655410863967118,6.128927929947241,0.08391744548286605,32597.603232110076,0.38071207589097567,0.0006216878377801318,1487.450520259549,0.007639079960570797,4.737627741498936
305,Test,,Male,54,White,L,BOT,3,2c,IV,III,Never,0.0,44,70,33,N,Y,1,0.6537938499180452,0.60386643515246,27.64560448523037,45.78099208022814,57.4543296888929,54.230987451824994,38.600518131237564,59.54829972383762,20997.833333333332,29.931331065199892,0.4527149982019595,8130.343564373591,0.3871991664714736,21084.0,21.0,109.0,408387977.0,2.5373807825019394,31.0,36.758055613038785,700.0,54.352049576040635,58.68084803642573,88.0,-954.0,1654.0,15.099754299875212,139.17459628397094,-5.480899442789469,408387977.0,0.2773374165568621,15926.126324532213,1784.5475306322044,273604.7543061164,-4160.709110342978,78.51743937919694,11.791170805236693,0.7393433400252912,1.2147829158464947,1.8319358214937576,10.279016421273713,0.7023435886289131,0.687706782855905,0.9976776624282568,0.9841330212974442,-0.21807556513727291,0.7991788730686424,0.41512206789307426,42.04599323292927,0.12669915580756197,4.298057585739101,0.831172667234047,0.2818111588004625,84.09198646585854,3.2690014803030607,22.577152546108373,6.677810970127291,918.1021627774616,0.04354497072554836,40.81787754439776,5847.38209068488,25.55714100307086,1777.8594668943274,179.9513375071144,332469.00839499146,0.15552809769346101,0.0014900854132090665,0.07547764158074283,98.67909450412174,0.00030446078960510363,2552.1332334930216,0.206671627673929,38.03455734645696,1732.714632779936,4.841229280782722,8821.099848062568,0.0051428361951013956,0.001846530957070136,4.51299732377425,5776.344246898997,0.4653466033702832,0.5847890489324752,1.8596038994178925,0.7079075967886367,1197.4008799960752,0.0014993908238203311,62.590250329380765,0.04123204896533647,126.95913595483968,1240.8827404479578,74317.75098814229,138394959.79512516,40.291757119543114,0.004383161621451285,812.6495388669301,0.535342252218004,0.7591774583840857,880.1266409981943,0.0035765489743893467,6.460893585642406,0.0719977233921457,74124.83755409395,0.6164568793460338,0.0003472640136925907,1724.9746245265644,0.013488008417348893,2.865337976332703
306,Test,,Male,57,Black,R,Other,4,2c,IV,II,Never,0.0,48,70,35,Y,Y,1,0.5757009779385793,0.4831187243288756,40.52007383402265,83.87187619422349,96.30160954002794,95.34149149242423,61.0,107.20541031123382,84525.66666666667,48.28512114655791,0.38260483639314496,24344.044814728673,0.2880077232721659,84795.0,46.0,123.0,922043208.0,2.5638064516330643,38.0,73.42954892200846,1242.0,30.389398541271923,83.3675098767616,89.0,-898.0,2140.0,16.20761299615988,104.27747686409926,-1.9511485578086343,922043208.0,0.23090313238191992,3923.650478090814,1597.7708101010458,22372.528310183276,-70.13599039197813,16.973272420440317,4.324158033335914,0.5934669243930355,0.9625379828566423,1.7562089649758046,3.3855222848879074,0.6742638163423482,0.6551570109861811,0.9994354113753675,0.9893185910499038,-0.17419492736611758,0.7538350337985926,0.4652455242657393,39.932547930735936,0.07729527979249172,4.564777684519355,0.6968055129450887,0.1636007826867077,79.86509586147196,3.3845522265638177,5.324357613444058,6.729809134317238,4323.823869331918,0.050991495599173514,28.778079392949174,19579.431110324902,6.373735108416661,1594.8392004245534,144.6213691845038,233615.72599799518,0.08982542947573896,0.0006820315370687797,0.05718771739893248,83.6228087665629,8.494847575370253e-05,10798.190448623604,0.20376369320497215,9.422036785956859,1584.916806165955,3.8565150656627667,6196.849695955247,0.0024933034596177723,0.0007177182858687891,4.266909505735353,25689.337062560287,0.4822835918910616,0.6244979974327224,1.253843980900141,0.7198437079041968,1134.586751674587,0.0005424110948219506,231.76050320436744,0.055010800665646196,75.73781817257841,1427.0026109660575,360270.57559933537,580763521.8552101,223.76103604584284,0.0016592248134733349,1978.2931402800855,0.4695687491763792,0.7124987876482529,993.6567664004709,0.0014061226121323876,6.498393921281189,0.049684533286160744,359865.4799576256,1.534201876104864,0.00010307488255843175,2428.552786752277,0.0012959364739118788,1.697971206376194
307,Test,,Male,53,White,L,BOT,1,2b,IV,,Former,1.0,44,70,33,N,Y,1,0.6608462208132437,0.34886022053213206,16.73023720859668,47.95684983251259,53.665631459994955,37.69615364994153,46.52956049652737,57.06137047074842,13536.416666666666,31.692102973924182,0.552780340882833,4968.981095238908,0.3670824574626895,13586.0,34.0,99.0,96450101.0,2.222183478041859,30.0,61.170619039402546,182.0,25.96879327744685,67.35190637420874,77.0,-711.0,893.0,13.162582226500051,84.25691199656103,-6.13339622843919,96450101.0,0.3041998143714805,2562.94792695605,1044.6521769580672,8364.062396546635,-239.71471646309908,11.85771932161312,3.234802921773321,0.5692153478317027,0.7960576467754983,1.639260543179799,2.5800450604158054,0.731863561730102,0.7170789044377995,0.9978577872483937,0.9803758901247026,-0.1792649607508962,0.7079480796607887,0.3867117579797466,32.287702320018255,0.14855768194991334,3.8833394040134435,0.6318162362679107,0.326326060293611,64.57540464003651,2.9538325028601915,3.77313056084661,6.43493829654474,537.8538201089357,0.0395888282135239,48.118537780890776,4132.858678050935,4.180359746111642,1041.8159134403063,212.92698365964964,227940.08059767407,0.1994556633720121,0.0010961379571164903,0.04755306501635485,40.481000890105236,0.00016294305414847873,1663.0725749016456,0.22392515377157998,6.898451322565066,1021.9386266347913,6.400509071559535,6806.366509531078,0.0062874869443512805,0.0012277547167115243,4.272429016515667,3271.8884090124975,0.43500543721655915,0.5447009931037607,2.812771841167458,0.6816834612042508,685.6847761141017,0.0009231451726603233,45.694136291600636,0.07241542993914522,34.6340249296139,814.8225039619651,83305.0998415214,89230337.703645,77.84828598008507,0.003665386166389396,206.60063391442156,0.3274178033509058,0.5905595790864684,440.7817060129706,0.0029810359587441283,6.24356068275478,0.046444869718828205,82841.52004339955,0.7775006568485531,0.0006319263041929509,478.767703204665,0.004151745265343418,2.3567800268829426
308,Test,,Female,72,White,R,Tonsil,2,2c,IV,III,Never,0.0,46,70,33,N,Y,1,0.9437886495602249,0.6303956250611041,14.978213778122724,23.7600217746925,29.832867780352597,26.627053911388696,27.202941017470888,30.59411708155671,5066.666666666667,22.424438864258573,0.6066084736708461,2351.746685747213,0.4641605300816868,5101.0,102.0,193.0,129099457.0,2.7645242311435503,43.0,64.32200081150351,351.0,33.7154807528197,145.0329347186826,150.0,-826.0,1177.0,18.42266924955477,159.0869464724675,-5.944563598232902,129099457.0,0.19828836064717564,4274.104384820087,1638.356434984814,9405.38681260323,-203.95774314050894,12.791671294591051,5.455636540318301,0.39879427239594956,1.2465047044746442,2.0226154090984916,3.878286989688192,0.5957027975264839,0.5587057697559343,0.9979784626729015,0.9763716797455385,-0.1042800137622757,0.6278560532937859,0.46899362998730826,40.453949193173784,0.05340196476625742,5.010470600253627,0.7617511384403751,0.11028396826814074,80.90789838634757,3.421251440212191,4.561826958727338,6.501246875476342,334.2624975495001,0.0655288173984513,19.087131263897618,1011.4689276612429,6.913619614237415,1632.721623211135,80.34130562634778,132241.93667908254,0.0491705094816459,0.000840640358030098,0.08709184832233417,129.85664071076707,0.00027972521681896885,669.3655740272364,0.17791946346332776,8.8448355258886,1627.259317521509,2.4269264553319236,3976.0444331235017,0.0017943642619587196,0.000924156926546249,3.9901660511238237,2265.7034317530674,0.5992358643979461,0.7374421305023149,0.5655986922946329,0.8012656724527564,1299.469588761611,0.0008030452540454078,34.84503631961259,0.08437054798937674,49.42121956510269,1466.314769975787,10298.869249394673,16921216.680387408,6.27831302529821,0.0034296558512321097,151.8958837772397,0.36778664352842544,0.6295425426063495,874.5974140585239,0.003172066642317903,5.882937499182201,0.08096451676141933,10146.31983537454,0.23116097766147875,0.0015327161643838793,978.8783420327296,0.008532988299971013,5.335780930108248
309,Test,,Male,61,White,L,BOT,2,2b,IV,III,Current,5.0,39,66,30,N,Y,1,0.8755697890357019,0.4926703463339059,8.840060314988607,17.94315485145372,19.924858845171276,21.18962010041709,18.973665961010276,21.77154105707724,1486.3333333333333,15.710484307922266,0.6147041597127579,1024.61832199284,0.6893597142808972,1506.0,16.0,139.0,26959633.0,2.9800997888110126,51.0,32.74188082606088,184.0,55.83319488755912,77.83598937583001,105.0,-902.0,1086.0,22.287677034476463,133.796422731416,-4.828395922361597,26959633.0,0.1881222343913412,11843.041493609451,1693.564979254929,35023.59407392902,-843.0527272090299,32.216865826543625,13.626945818069943,0.4089642196143886,1.8363927400305236,2.435668200395495,10.16577336274602,0.5568487894866536,0.5139918516864446,0.9941730902533692,0.9642691274194879,-0.11265383929900093,0.6666793604757075,0.4359361914844847,41.09629736846473,0.051934298359023974,5.247258449678925,0.699539402796341,0.13300339527709631,82.19259473692946,3.5760532964220237,11.4609529111534,6.3028777393046,111.05577689243027,0.07374221573202541,17.78173362327582,283.3120849933599,19.064657262935864,1671.7084993359895,62.155378486055774,109526.48671978751,0.036457894585372325,0.0016995605818998533,0.15261590512485004,205.97099408020478,0.0012032906320244981,192.12149666182344,0.162902136359148,23.462409412128775,1648.0399874629131,2.0802124514103775,3547.246617375587,0.0026350915985600635,0.0020182864754267715,4.050436022844603,782.4412958720563,0.6610153458931003,0.7822555930125651,0.42888182841265177,0.8391746294581766,1366.3164536677164,0.0019259553201256179,16.353191489361702,0.06958804889090087,73.56849253055681,1327.0297872340425,1531.2510638297872,2709078.1914893617,0.8734756297209331,0.0077441114730257615,110.54893617021277,0.4704210049796288,0.7128817848970056,878.7062904214171,0.00754659915277415,5.67758103215902,0.15604249667994688,1490.1820552286104,0.09387172063498375,0.0042836641199376375,1174.2240553225395,0.043172911267954674,12.615182422521796
310,Test,,Male,66,White,R,BOT,1,2b,IV,II,Former,8.0,39,70,33,N,N,1,0.5862023761441928,0.3796994946332472,12.160684642145345,32.02712885855006,34.655446902326915,28.653097563788805,25.079872407968907,34.899856733230294,3572.4583333333335,18.77437903795829,0.5594622645640465,2020.0313382184552,0.5654457378467549,3609.0,-54.19999999999999,127.0,113438390.0,3.0462764912100297,38.0,17.835925525733238,194.0,91.77360914084359,47.29897478525908,97.0,-988.0,1182.0,21.39183503725773,177.2909576929677,-3.7559438688409794,113438390.0,0.21718824148949994,29194.890663953094,1873.2431089850152,198704.27997887047,-3697.9566928775175,93.89509681624098,28.81837806041792,0.528102593878966,2.291147572785399,2.522597611831842,23.387452606230358,0.5877064614533292,0.5565089606717184,0.9897464574913303,0.9610601826574574,-0.15991603557080805,0.7589370588095776,0.4274083771829051,43.09253494818667,0.07346786396078284,5.218219535179811,0.6386141735301091,0.1709429790150404,86.18506989637336,3.7509924415241014,30.678368719164723,6.496638580274564,222.4491548905514,0.061637338567623,25.781840924304795,783.8323635356054,46.79563091593697,1845.1995012468828,90.7206982543641,180874.92740371294,0.0517125530508551,0.002396880683972759,0.15142753659166663,188.81224305837043,0.0008973258543085265,453.23735213971935,0.17210187075996017,60.93934752213466,1791.729082624194,2.555465744333525,4887.6427285429245,0.004046863892908084,0.0030324788284642355,4.431727999015207,1585.2725336219928,0.6009097632979308,0.7285205788946438,0.6546787454448977,0.8031179034987352,1401.3595102548995,0.002875047653107847,20.641025641025642,0.03780407626561473,137.0175267345597,1188.510989010989,4862.42673992674,9685642.360805862,2.4644716809994747,0.008259608096886847,324.3076923076923,0.5939701324316708,0.7977074764356749,879.5037886068318,0.004640269141409842,6.139065202804678,0.1512884455527847,4818.736092661917,0.1837075594996456,0.0015176225512055007,2166.722071124307,0.07573088254644561,8.151273463614471
311,Test,,Female,70,White,Bilateral,BOT,4,2c,IV,II,Current,35.0,45,70,33,N,Y,0,0.7160205912028429,0.5775159029626205,25.847333548128425,44.75605505499194,50.96076922496363,43.73785545725808,46.87216658103186,52.87721626560914,17300.333333333332,32.04625700038232,0.49147673452167706,6581.89284717644,0.3804489035188016,17352.0,38.0,119.0,175617178.0,2.6482325632842323,37.0,31.63583939528668,470.0,34.77083903258987,75.85961272475795,87.0,-796.0,1266.0,16.2101707028356,100.60248943535211,-4.132639596466834,175617178.0,0.23105195814232188,4366.180037839875,1282.6300141997165,6675.55945886368,-205.42107523084283,14.06094213805069,4.648540210444789,0.48856586839931815,1.1331843099022536,1.9583692809188993,3.341044087701711,0.6423470203411197,0.6166405996617682,0.9982879288201912,0.9793151551204105,-0.1198674271694254,0.641521911825505,0.4581409917540637,35.78092604969037,0.07811738803461966,4.675128653669588,0.6424504213113112,0.16942127908291493,71.5618520993807,3.3181432293000173,4.677370587123872,6.541941537401568,921.6787690179806,0.05311657267277436,27.330968699842554,4009.2135776855694,7.050477607660949,1271.268499308437,119.27731673582296,155977.51215998156,0.09153312935784613,0.0008870298759506303,0.07746710423368706,82.14179624483072,0.0001616490914989204,2274.425923756099,0.19520978506143816,9.844352788082572,1255.051537129054,3.314161612722198,4276.453767117092,0.0027248953979615003,0.0009462462450156641,4.202847364872421,6269.693498349532,0.5338940571527502,0.6696590062772635,1.01058064349676,0.7569781225439006,939.1008716757273,0.0007583301048634933,76.7315233785822,0.0578669105419172,43.14736764876505,1026.579939668175,47733.209653092,62319924.967571646,36.607151793298314,0.0021489766808591667,524.5248868778281,0.3955692962879548,0.6528415571560398,631.7476362237742,0.0018039469871166394,6.377240543841945,0.07641770401106501,47561.96696764331,0.7091209295645465,0.00046895900748232197,962.7355531244228,0.005610183945385251,1.6948704683302254
314,Test,,Female,76,White,R,Soft_palate,2,0,II,II,Current,63.0,56,70,33,N,N,0,0.5508276128131074,0.3763165208047167,10.195110808209586,27.091850196766064,28.319604517012593,22.561028345356956,19.235384061671343,28.478061731796284,2334.7916666666665,14.922939170574967,0.6749740585496447,1260.9439987902954,0.540067029016991,2359.0,-18.0,70.0,5554012.0,2.468046863959861,43.0,4.298236496373817,126.0,27.767394486962075,32.100042390843576,39.0,-110.0,236.0,18.34868522254306,48.52208300569474,-1.0836115079155548,5554012.0,0.22332067837569214,1323.9798177175758,47.96721561568999,200.14613855702672,-18.802874825845485,6.575174724391236,1.5834081967366762,0.610938015875985,0.8671702061375389,1.698952896647956,0.810940034794875,0.6590907663044844,0.6342678521856914,0.9876209479337935,0.9319895648389956,-0.15310424399914307,0.7005020325559534,0.46629651126902605,6.835129309362308,0.07210864485283279,4.483621707475889,0.6692206118387396,0.15063913854511413,13.670258618724613,3.2378961856527755,2.039645730281978,6.4257192133447045,136.6837643069097,0.05794140072357343,24.908803979815563,526.8134802882578,2.177794278080699,48.624417125900806,113.03306485799068,5990.905044510386,2.517975584535223,0.02914308553464985,0.04630437561010943,2.1642515164143235,0.0018438633449526548,317.34860067564966,0.19860509684463332,2.4662594008609986,47.37444373860535,3.023655923899568,152.7252958049752,0.07914007046032032,0.03132189683010991,3.8706290874637554,848.8336138237153,0.526529026045065,0.6774056803730395,0.7967980335367795,0.7507605523227827,34.90899196093236,0.024817001941789804,12.977777777777778,0.14419753086419754,5.045061728395061,44.455555555555556,12525.388888888889,674139.5,246.80482946068946,0.05018402453148725,17.8,0.19777777777777777,0.44632620352057056,21.9564990710095,0.019875245000682485,5.310956708135281,0.03815175922000848,11838.366543209877,2.6098494711760716,0.0038620240129839402,31.949333373493552,0.024063765040234466,0.19707355021962775
315,Test,,Male,55,Asian,L,Tonsil,3,2b,IV,II,Never,0.0,44,70,33,N,N,1,0.5438100247823323,0.47990312959886017,26.011918361890853,54.202435361556425,55.31726674375732,62.76941930590086,41.400483088968905,63.41135544995076,24576.375,29.47582771723076,0.5054220297866395,8088.0129945590925,0.32909706962719654,24663.0,60.0,156.0,407400875.0,2.900432267373417,46.0,52.68762455011979,859.0,39.42824267024284,97.54672991931233,104.0,-973.0,1832.0,19.643184965259668,128.52512272971316,-5.62220084424745,407400875.0,0.18832439560423517,7003.342654736571,1901.6324963315624,34813.49257740509,-676.6337223376017,26.806057213197793,7.282899754103116,0.5713439575873319,1.209198744310775,1.9570133201013333,5.798814876511937,0.6361255769868825,0.6097822627634373,0.9987477921025829,0.9847651037383797,-0.1904980846825247,0.8024560847438305,0.4679565744469609,43.551710128513754,0.056316445397501254,5.111921468033448,0.7310609686058632,0.1205941086018553,87.10342025702757,3.738796769329651,8.52223924182523,6.880037979574933,1368.1270323967076,0.05547285538647803,24.80561389334169,4644.644568787252,11.291737608569484,1896.6815878035925,114.55901552933544,219021.2468069578,0.06169219360145232,0.0008275131553339738,0.069955344399186,111.33756629490077,0.0001480756231339367,2735.9165716699126,0.16445157165447816,15.787879148073664,1886.4151894836514,3.119943593889704,5944.962021134541,0.00213046027221602,0.0009550092481004276,4.411389496515222,8895.023102626948,0.5322189624023219,0.6740835695950647,0.8903701032363208,0.7565823342228346,1418.7108803576714,0.00081170917793304,73.76303630363036,0.048688472807676804,94.01132960820837,1513.5848184818483,66490.9696369637,127095000.41056105,34.843012287756146,0.0032418456448186136,713.2046204620463,0.47076212571752224,0.713184730726445,1008.2091258394504,0.0018063048078374132,6.5379325171418925,0.06142805011555772,66225.95702643532,0.5507165948914166,0.000370152582032011,1725.383791809262,0.0052217315351973615,2.7071390340976653
